A1QR76SYGTXJN5,073533417X,4.0,1357516800
A1W415JP5WEAJK,073533417X,4.0,1357171200
AD0WUBKBO21KK,073533417X,5.0,1355875200
A1II2ZRPKZAQQD,073533417X,4.0,1354233600
AYWHCM0TJ4737,073533417X,5.0,1352851200
ADY836HK6QSYR,073533417X,4.0,1358812800
A2877AOHJFZI0E,073533417X,5.0,1351987200
A3I9XZGYARBLS4,073533417X,4.0,1398297600
A2CNGARED6OWWU,073533417X,4.0,1358294400
A3OXRFCJI67IMN,073533417X,5.0,1357344000
A3EK2KTYHJCPB9,073533417X,4.0,1357084800
A2RX62V4E2BF5Z,073533417X,4.0,1357084800
A1X3ESYZ79H59E,073533417X,5.0,1358208000
A2C1Y5F8DE9H6P,073533417X,4.0,1353888000
A16EIVIBBXFAQ0,073533417X,4.0,1353369600
A25CZCHLNH3OMO,073533417X,4.0,1353542400
A10E3F50DIUJEE,073533417X,4.0,1351814400
A10ZBR6O8S8OCY,073533417X,5.0,1357603200
AY3D7DG5L5WCK,073533417X,5.0,1357084800
A5K3CK2PWYQ7O,073533417X,3.0,1352592000
A2503LT8PZIHAD,073533417X,4.0,1357344000
A2P739KOM4U5JB,073533417X,3.0,1358208000
A1VYFEJM12ZP11,073533417X,5.0,1357171200
A3A8FMW6BDJ166,073533417X,5.0,1354492800
A33X80DIINN48Y,073533417X,5.0,1354492800
A24U6WGBZ4P74W,073533417X,4.0,1356480000
A26EQ8U96JA92T,073533417X,5.0,1353628800
A34CSXOGVYF94S,073533417X,4.0,1356739200
A3T8WOFS5RD2IR,073533417X,5.0,1352332800
A1DY0CRKZEY0FB,073533417X,4.0,1355875200
A3VI2VETB90ZG5,073533417X,4.0,1357171200
AJQDIT55SZ3ZX,073533417X,5.0,1357084800
A4VMQ6ZTSXSSL,073533417X,4.0,1358467200
A1PI8VBCXXSGC7,073533417X,5.0,1356825600
A9NXTC0HTPSDO,073533417X,5.0,1359849600
A1UQBFCERIP7VJ,073533417X,4.0,1357257600
A1KI3173CO6TK2,073533417X,4.0,1353974400
A2QDOJFFLFGF18,073533417X,5.0,1358294400
AGEKVD8JPZQMT,073533417X,4.0,1352160000
A376OJHLE6SU9Q,073533417X,5.0,1357689600
AT28RL25Q2OLK,073533417X,4.0,1356825600
A231LBC8EGPO5L,073533417X,5.0,1357171200
A2ZKQC0XCIIAEM,073533417X,5.0,1357084800
A1NC9AGZOBI0M1,073533417X,4.0,1352332800
A2BZ16RKE13PKV,073533417X,5.0,1356825600
ALQ4USPEQ9L5N,073533417X,5.0,1353974400
A3JHC8O59WDHFZ,073533417X,5.0,1357257600
A33VI944SO2YCN,073533417X,5.0,1355270400
AFICF7DKHTQ87,073533417X,4.0,1352419200
A1KMG1AIUS00DC,073533417X,4.0,1351987200
A1NN8Q1DLAYPGH,073533417X,4.0,1353283200
A2V92F5R7MLCVI,073533417X,4.0,1358640000
AUJFO0J9A2HGE,0979959330,3.0,1323820800
AQIBFWWA8UWKF,0979959330,3.0,1324252800
A1IDAKX7OM3QIE,0979959330,5.0,1343347200
A3HUC8541SJ6UT,0979959330,4.0,1324857600
A2PFCO5ON4N2UP,0979959330,3.0,1331769600
A34IBXM7E8CPWE,0979959330,3.0,1322611200
A28IIVKXOE1ATF,0979959330,3.0,1323129600
A26NMTIHEUM65Z,0979959330,3.0,1323820800
A15Q9YEG1XPEJN,0979959330,4.0,1331942400
A2RKI7RPP5CJMG,0979959330,3.0,1323648000
A4KJTS5P78ICU,0979959330,2.0,1331596800
A27H9DOUGY9FOS,0979959330,3.0,1322697600
A3H5QGH5OD2XGX,0979959330,3.0,1329609600
A267FU71Z01CIH,0979959330,3.0,1325980800
A45S6D1P309G9,0979959330,3.0,1327708800
ATECU14VUIOJ0,0979959330,4.0,1322265600
A1FATTRIXTSTEB,0979959330,3.0,1324512000
A19DW3VKM5KKYB,0979959330,3.0,1323993600
A2SPV96SGOEO2,0979959330,3.0,1356652800
A1M7Y63Y5GYJI1,0979959330,5.0,1329955200
A3K93OWHKHGI9V,0979959330,3.0,1332374400
A3FKPBNI7UWQFW,0979959330,5.0,1365206400
A1U7LS93I03MFW,1603800859,4.0,1365379200
A1FDVT0DLJWV78,1603800859,5.0,1356307200
A17V2N0N8CXSA9,1603800859,5.0,1359244800
A215WH6RUDUCMP,1603800859,5.0,1357862400
A3A8FMW6BDJ166,1603800859,4.0,1354492800
A3PJZ8TU8FDQ1K,1603800859,5.0,1368489600
A381MT950I6KRL,1603800859,3.0,1356566400
A2VH0UT5EQFB6P,1603800859,4.0,1352073600
ATANE2SC44592,1603800859,5.0,1356912000
A1WBEIH7Z37LN9,1603800859,3.0,1354320000
AY3EENC2BGTGK,1603800859,3.0,1353628800
A2IVZ0IEQ1VADB,1603800859,4.0,1356566400
A2YB7DLC3FOR7W,1603800859,4.0,1351555200
A1RDHBBZE1NPS3,1603800859,4.0,1355097600
A12E0Y0J6584RT,1603800859,5.0,1355270400
AZKGCE3LNX7WB,1603800859,5.0,1359158400
A13Z96HR8EEF24,1603800859,4.0,1351555200
A2NVQZ4Y7Y0J1R,1603800859,1.0,1356566400
A1XFI340SHOS5K,1603800859,4.0,1354147200
A39H1GO9E3YQIB,1933318465,3.0,1283385600
A1K84GJLQWFIQ7,1933318465,5.0,1285200000
A3HUC8541SJ6UT,1933318465,4.0,1284422400
A1Z54EM24Y40LL,1933318465,3.0,1291680000
ATS2855497V0I,1933318465,5.0,1282953600
ASLHDTUUMOH7F,1933318465,5.0,1282953600
AR5SY32T76DBM,1933318465,3.0,1283212800
A2LF16F0KX9L7P,1933318465,4.0,1365379200
A3A90CELVLOUP6,1933318465,4.0,1336003200
AUV0EFKWA46TX,1933318465,2.0,1282953600
A8KJS2P6E5DCB,1933318465,4.0,1285804800
A2SD1Z4OROY538,1933318465,3.0,1288224000
AY6A8KPYCE6B0,1933318465,4.0,1293321600
A39H1GO9E3YQIB,1933318732,5.0,1285977600
A3V2EZ6MA32FF6,1933318732,5.0,1287532800
AUEW0SKOB1XYF,1933318732,5.0,1285545600
A3OXHLG6DIBRW8,1933318732,4.0,1288483200
A2LW5AL0KQ9P1M,1933318732,3.0,1286409600
A1DW1FK1H3F2TM,1933318732,5.0,1288656000
AG8E2F0G98ZTB,1933318732,3.0,1287446400
A2UBSGFCP2QFNV,1933318732,3.0,1290297600
A215WH6RUDUCMP,1933318732,5.0,1289174400
A2R1HUYHXV7H18,1933318732,4.0,1286064000
A2RHV42BTJSVON,1933318732,4.0,1287878400
A26SO3TOT2TLJE,1933318732,4.0,1287878400
A2S26YGSVXBCFL,1933318732,5.0,1285804800
A1VF5HRCDF99CF,1933318732,5.0,1290038400
A3K3SE4RK846WO,1933318732,4.0,1287100800
AW5JSQCHC2ZJO,1933318996,3.0,1292457600
AYB8XLKTYMTTX,1933318996,4.0,1290038400
A3EK2KTYHJCPB9,1933318996,3.0,1288742400
AG2YXYIQ8TLTA,1933318996,2.0,1300320000
A3U5CZ3PV82JXD,1933318996,3.0,1290384000
AR33KU52LIBF1,1933318996,3.0,1288742400
A2MVPY9XVYST9H,1933318996,3.0,1291248000
AY3D7DG5L5WCK,1933318996,3.0,1291420800
A36MP37DITBU6F,1933318996,5.0,1291939200
A1S27P7KJO9I96,1933318996,4.0,1290384000
A35IX2GE0VC0JP,1933318996,4.0,1300233600
A2UBSGFCP2QFNV,1933318996,5.0,1290297600
A8KM4YOB8FGGH,1933318996,3.0,1358640000
A3K3SE4RK846WO,1933318996,5.0,1300924800
A15CL28ALB7MTZ,1933318996,4.0,1291680000
A2I4A4WGWII18Z,1933318996,4.0,1288310400
A19YOYY7FLQMA6,1933318996,4.0,1288828800
A3OXHLG6DIBRW8,B00000J0HG,5.0,1232236800
A2ME89MSWVG9NF,B00000J0HG,4.0,1349740800
A2XA8CW5DF4MNZ,B00000J0HG,3.0,1350259200
AQYYUN3T7B0WM,B00000J0HG,4.0,1349740800
A3QDDEW6RXVEAY,B00000J0HG,5.0,1350864000
A3FFKU2MTCOBM1,B00000J0HG,4.0,1350691200
A2XSY4L7GDHV4W,B00000J0HG,1.0,1294617600
AM9APPMIE1BHZ,B00000J0HG,3.0,1353369600
ACR4HKUT808U1,B00000J0HG,5.0,1348704000
A32QWD5DEY4LDU,B00000J0HG,5.0,1350000000
ANCOMAI0I7LVG,B00004S7ZG,5.0,1383177600
A3IKLTT9JQACCI,B00004S7ZG,5.0,1382486400
A3E8AHUAQEX0QH,B00004S7ZG,4.0,1385251200
A26DQMYF5E0GL6,B00004S7ZG,3.0,1384992000
A2UBSGFCP2QFNV,B00004S7ZG,5.0,1385510400
A2WB4OWBUH2VQX,B00004S7ZG,4.0,1385164800
A3CLWZGMC7M9Z1,B00004S7ZG,5.0,1385424000
A24U6WGBZ4P74W,B00004S7ZG,5.0,1382313600
A1ZGHA3IJV01BK,B00004S7ZG,5.0,1384128000
AX7QMRXX81L9K,B00004S7ZG,4.0,1385510400
A3A90CELVLOUP6,B00004S7ZG,5.0,1385251200
A1LG1DKUZXGJ6J,B00004S7ZG,5.0,1382572800
A3Q9HY0LU7MN6E,B00004S7ZG,3.0,1384214400
A29VG90T649CSU,B00004S7ZG,5.0,1385424000
A2SPV96SGOEO2,B00004S7ZG,5.0,1068940800
A1ITRGMT80D5TK,B00004S7ZG,4.0,1384992000
A2K75QOCP9ZHSL,B00005JS7E,4.0,1365206400
A1DRKVXO300RUE,B00005JS7E,1.0,1355961600
AL3MFYSK9HKCL,B00005JS7E,4.0,1365897600
A3RG8DYG8AJ6Z9,B00005JS7E,5.0,1354579200
AQB4DH57MSZSC,B00005JS7E,4.0,1354665600
A1ZGXZW37JEZWH,B00005JS7E,4.0,1365120000
AZA55FJD7CCZN,B00005JS7E,4.0,1355356800
A2IG937LQKWO7C,B00005JS7E,3.0,1367193600
A1HBC0NBQJHT7X,B00005JS7E,4.0,1356393600
A2AYJJAFNSGSU1,B00005JS7E,5.0,1355270400
A279A4Y2N1CQ26,B00005JS7E,4.0,1355097600
A3G2PUQ455XMXJ,B00005JS7E,5.0,1361404800
A2QX49LS3Y3ANI,B00005JS7E,3.0,1356912000
A1JTTI1KH3DOCY,B00005JS7E,4.0,1356566400
A2E4R7YISIM4QM,B00005JS7E,3.0,1367107200
A3USZS8Q4GOKGE,B00005JS7E,4.0,1353974400
A2UBSGFCP2QFNV,B00005JS7E,4.0,1366848000
A1V3PCKVCJ3TTZ,B00005JS7E,5.0,1354147200
A27X7XXOKMK879,B00005JS7E,4.0,1358726400
ALEUQQE118NEW,B00005JS7E,4.0,1353628800
A14DNCG5WHM86Z,B00005JS7E,4.0,1355443200
AVFJ327UXPXLF,B00005JS7E,4.0,1358294400
A1NQK5MH9GTJ6S,B00005JS7E,5.0,1353369600
A3T7XVG3AXJF61,B00005JS7E,5.0,1359936000
A38H4XCCPLRF93,B00005JS7E,4.0,1354233600
AE8AT5NB4DDRM,B00005JS7E,4.0,1355011200
AP8D74QD9LUUL,B00005JS7E,4.0,1359590400
A3LLP0VSTSABK2,B00005JS7E,3.0,1359590400
A2ECM9HLMC242H,B00005JS7E,3.0,1359072000
ALDV8DDZWWPYE,B00005JS7E,4.0,1355875200
A26BDXG9KVH7SU,B00005JS7E,4.0,1356566400
A1UCPXUBSESD65,B00005JS7E,4.0,1356566400
A2V98TS4QDDCG9,B00005JS7E,4.0,1355097600
A35Y0RSU09ANEN,B00005JS7E,5.0,1356652800
A1MAI0TUIM3R2X,B00005JS7E,2.0,1358899200
A1NC9AGZOBI0M1,B00005JS7E,3.0,1366156800
A1D1IDI5S9TN9D,B00005JS7E,4.0,1365638400
APPCJX62WKIIP,B00005JS7E,3.0,1354924800
A18LURVBV82KW2,B00005JS7E,4.0,1355184000
AD34TCPEP7P84,B00005JS7E,4.0,1358380800
A30QAOLNZ4415R,B00005JS7E,4.0,1358294400
A25RTRAPQAJBDJ,B00005JS7E,4.0,1366416000
A20L63B48RPSOH,B00005JS7E,4.0,1366243200
A1II2ZRPKZAQQD,B00007G39I,4.0,1256515200
AFTFND8CPQ34M,B00007G39I,1.0,1244764800
A1Q08H4B9QGT2N,B00007G39I,5.0,1231977600
ALNFHVS3SC4FV,B00007G39I,3.0,1181779200
A2OJCTT5WLB2HR,B00007G39I,2.0,1213574400
AHNHLGKIZ2N3B,B00007G39I,4.0,1072656000
A3HETHW2XD3DWH,B00007G39I,5.0,1091577600
A24RCBRDXRXR0Y,B00007G39I,5.0,1195603200
A3U41ZL33SS92P,B00007G39I,3.0,1234915200
A224I5WR8UQDDC,B00007G39I,2.0,1255824000
A1R6DKN9YQ2YU1,B00007G39I,2.0,1230768000
AHRNDSKWH1YBT,B00007G39I,4.0,1196812800
AAU0G40ZN5RIL,B00007G39I,5.0,1227225600
A2TXMYYGSZCSZ1,B0000AP6EP,5.0,1344470400
A2AYJJAFNSGSU1,B0000AP6EP,5.0,1340668800
AN9J46667D80O,B0000AP6EP,4.0,1351296000
A25CZCHLNH3OMO,B0000AP6EP,5.0,1341187200
A2MVPY9XVYST9H,B0000AP6EP,5.0,1358380800
ARNEUO7BF3J55,B0000AP6EP,5.0,1342137600
A2WB4OWBUH2VQX,B0000AP6EP,4.0,1343260800
A9NFFAZF3LIB2,B0000AP6EP,4.0,1348444800
A1Z0LTKUA6F94D,B0000AP6EP,4.0,1344988800
A8KM4YOB8FGGH,B0000AP6EP,5.0,1342569600
A1ZPY91VE3IDN1,B0000AP6EP,5.0,1345420800
A3BAE79NXFDXGV,B0000AP6EP,5.0,1344902400
AX7QMRXX81L9K,B0000AP6EP,5.0,1340841600
A2AOZQ3WTNVVOK,B0000AP6EP,5.0,1342915200
A35NOFKHK8P2LU,B0000AP6EP,5.0,1342742400
AUV3OR951650C,B0000AP6EP,5.0,1342051200
A2ULQOGN59LDNK,B0000AP6EP,5.0,1358553600
ASY25YMTIC2A9,B0000AP6EP,5.0,1342483200
A1QK0XCAPHIW1L,B0000AP6EP,5.0,1347148800
A1UKA7HUAQAMY,B0000AP6LD,5.0,1366848000
A188JOXWF4EY1R,B0000AP6LD,4.0,1351728000
AJV985MKGCIQ0,B0000AP6LD,4.0,1352073600
A2CNGARED6OWWU,B0000AP6LD,4.0,1355961600
A2UYWE97KME0M,B0000AP6LD,4.0,1350518400
A1X3ESYZ79H59E,B0000AP6LD,5.0,1356480000
A3OXHLG6DIBRW8,B0000AP6LD,4.0,1353888000
AKHFY3VCNZL2W,B0000AP6LD,4.0,1367020800
A1TR1R2QKWRSRA,B0000AP6LD,4.0,1354752000
ALYZJ7W14YS26,B0000AP6LD,4.0,1354060800
A3PJZ8TU8FDQ1K,B0000AP6LD,5.0,1367107200
A1C4J5MRES1KRK,B0000AP6LD,5.0,1351814400
A34CSXOGVYF94S,B0000AP6LD,4.0,1356307200
A1ZPY91VE3IDN1,B0000AP6LD,5.0,1353369600
AYB4ELCS5AM8P,B0000AP6LD,5.0,1353801600
A3VI2VETB90ZG5,B0000AP6LD,4.0,1365120000
ATANE2SC44592,B0000AP6LD,4.0,1361404800
ALDAF4VVLFRHP,B0000AP6LD,5.0,1354492800
A3LGT6UZL99IW1,B0000AP6LD,4.0,1353801600
A2068BC3ZXAVJQ,B0000AP6LD,5.0,1352678400
A11I1I9QLMAM1A,B0000AP6LD,5.0,1354924800
A13Z96HR8EEF24,B0000AP6LD,3.0,1353974400
A1ITRGMT80D5TK,B0000AP6LD,5.0,1365292800
AY6A8KPYCE6B0,B0000AP6LD,5.0,1354492800
A2V0I904FH7ABY,B0000AP6LD,4.0,1355443200
A1II2ZRPKZAQQD,B0001X0DR6,5.0,1256688000
A30H2335OM7RD6,B0001X0DR6,5.0,1228262400
A14UOOROH3XRQ9,B0001X0DR6,3.0,1216598400
A2065HBMYDXJ1S,B0001X0DR6,4.0,1142294400
A22B13EJTZKCTM,B0001X0DR6,5.0,1220486400
ASHO96ZB8AL1Z,B0001X0DR6,5.0,1316736000
A1R6DKN9YQ2YU1,B0001X0DR6,5.0,1250294400
AHRNDSKWH1YBT,B0001X0DR6,4.0,1230163200
ARPB88E6F2MFR,B0001X0DR6,5.0,1170028800
A2BZ16RKE13PKV,B0001X0DR6,4.0,1288828800
A2OG83SEU9HL6D,B0001X0DR6,3.0,1312243200
A208U42GARHSOR,B0001X0DR6,5.0,1106179200
A20L63B48RPSOH,B0001X0DR6,4.0,1222214400
A1POFVVXUZR3IQ,B0001X0DR6,5.0,1175817600
AC4XV78EJG1QB,B0002CYTXK,5.0,1349136000
AFTFND8CPQ34M,B0002CYTXK,5.0,1350518400
AZA55FJD7CCZN,B0002CYTXK,5.0,1352851200
A21VGNU5959O85,B0002CYTXK,4.0,1404172800
A17437N1L775IJ,B0002CYTXK,4.0,1356134400
A14Z0Q1DU6CBJJ,B0002CYTXK,4.0,1349913600
AOM63D4VL32WM,B0002CYTXK,5.0,1351987200
A16EIVIBBXFAQ0,B0002CYTXK,5.0,1350518400
A2QCE7L6GRE3MT,B0002CYTXK,3.0,1350691200
A3MEMX0XF00TBD,B0002CYTXK,5.0,1350604800
A2BN9DIBP9A0XG,B0002CYTXK,5.0,1367107200
A194K60CWZ371J,B0002CYTXK,4.0,1350172800
A3GMRYV7VAYK5Q,B0002CYTXK,5.0,1348444800
A3CU0QL4C4LAA8,B0002CYTXK,5.0,1352764800
A2065HBMYDXJ1S,B0002CYTXK,5.0,1352937600
AL4SB31UAZLXL,B0002CYTXK,5.0,1349395200
A1Z0LTKUA6F94D,B0002CYTXK,5.0,1384646400
A2SDRCBPIAXVDW,B0002CYTXK,4.0,1351036800
AU1SKSAF00JJH,B0002CYTXK,5.0,1357084800
A37R3P5JFNQG8S,B0002CYTXK,5.0,1350172800
A35LT14WG5BX0T,B0002CYTXK,5.0,1355961600
A2NMQWBDWT3SQF,B0002CYTXK,4.0,1348617600
A2KQT4D0OZR569,B0002CYTXK,5.0,1353628800
A2GSY9DM54Y0HS,B0002CYTXK,5.0,1350432000
A35NOFKHK8P2LU,B0002CYTXK,5.0,1349049600
A1NIGUK4M2ST8,B0002CYTXK,4.0,1349827200
A3A90CELVLOUP6,B0002CYTXK,5.0,1365379200
A17C7XZHFOS12W,B0002CYTXK,4.0,1358985600
A3415H58HNGQFV,B0002CYTXK,5.0,1350604800
A2A4M3EDEUKG3L,B0002CYTXK,4.0,1350518400
A3LKLGZZ8OWR51,B0002CYTXK,5.0,1350432000
A3BVDW4DOLJAN0,B0002CYTXK,5.0,1349827200
A13Z96HR8EEF24,B0002CYTXK,4.0,1348531200
A2NVQZ4Y7Y0J1R,B0002CYTXK,4.0,1349827200
A30Z0GG96D11EO,B0002CYTXK,5.0,1358294400
A2JAEZ0FMAMJVW,B0002HR3L0,4.0,1337040000
ANCOMAI0I7LVG,B0002HR3L0,5.0,1338422400
A3HUC8541SJ6UT,B0002HR3L0,5.0,1340236800
AJ2FDNZ3COBFN,B0002HR3L0,5.0,1337126400
A3VJ27010XUWTF,B0002HR3L0,5.0,1336435200
A2QX49LS3Y3ANI,B0002HR3L0,4.0,1342051200
A3SMD3T0QTN109,B0002HR3L0,5.0,1335916800
A2E4R7YISIM4QM,B0002HR3L0,5.0,1343001600
A336FE20YZZL3A,B0002HR3L0,5.0,1337644800
ACYR6O588USK,B0002HR3L0,4.0,1336176000
A1ZPY91VE3IDN1,B0002HR3L0,5.0,1336089600
A1IH7O6EL7SNBD,B0002HR3L0,5.0,1336176000
A4SD8F79JBYG2,B0002HR3L0,5.0,1337817600
A1UQBFCERIP7VJ,B0002HR3L0,5.0,1336262400
A1KI3173CO6TK2,B0002HR3L0,5.0,1337817600
AXR3CV6A4FMBG,B0002HR3L0,4.0,1339977600
AYO1146CBIV5C,B0002HR3L0,5.0,1336694400
A1W4F91DH3XPB2,B0002HR3L0,5.0,1336521600
A37D2TGTIXRV2N,B0002HR3L0,5.0,1335312000
A1GNYV0RA0EQSS,B0002HR3L0,5.0,1337212800
AXVKMYWNIHK7W,B0002HR3L0,5.0,1335398400
A16YU3GRGCD95S,B0002HR3L0,5.0,1336867200
A1U7LS93I03MFW,B0002HWFBS,4.0,1350432000
A36S5U0QOWMOSX,B0002HWFBS,4.0,1356048000
A2OJCTT5WLB2HR,B0002HWFBS,5.0,1348790400
A3CN9CCJUNIPKT,B0002HWFBS,5.0,1353024000
A2974R9BTPZPOJ,B0002HWFBS,5.0,1350518400
ATS2855497V0I,B0002HWFBS,4.0,1349481600
A22VNXHU6IZ5MT,B0002HWFBS,5.0,1352937600
A167KPMW1NBZJW,B0002HWFBS,5.0,1348531200
A2SDRCBPIAXVDW,B0002HWFBS,5.0,1348704000
A3BH63GKL7MQ2K,B0002HWFBS,4.0,1353369600
A3VI2VETB90ZG5,B0002HWFBS,5.0,1355875200
A3DZFEICHK5LF2,B0002HWFBS,4.0,1354665600
A3C9YGB4H90PDE,B0002HWFBS,4.0,1365465600
A2VH0UT5EQFB6P,B0002HWFBS,5.0,1352073600
A1IAQIZSXONWVU,B0002HWFBS,5.0,1350604800
A1KI3173CO6TK2,B0002HWFBS,5.0,1350518400
A3QBCX2QMKJ7AH,B0002HWFBS,5.0,1348704000
ALDV8DDZWWPYE,B0002HWFBS,5.0,1350864000
AG71XMQGQ2UTJ,B0002HWFBS,5.0,1351036800
AUV3OR951650C,B0002HWFBS,5.0,1352937600
A13Z96HR8EEF24,B0002HWFBS,4.0,1348531200
A3D5B2CBFNJB0K,B0002HWFBS,5.0,1350172800
A2PD27UKAD3Q00,B0002HWFBS,5.0,1352937600
AUJFO0J9A2HGE,B0002HWFV8,5.0,1340150400
AC4XV78EJG1QB,B0002HWFV8,5.0,1354233600
AP6L54VTCJKCQ,B0002HWFV8,5.0,1350432000
A2HOLM5I1ARX9J,B0002HWFV8,5.0,1337817600
AJ2FDNZ3COBFN,B0002HWFV8,5.0,1345593600
AN9J46667D80O,B0002HWFV8,5.0,1340496000
A3CN9CCJUNIPKT,B0002HWFV8,5.0,1341187200
ARNEUO7BF3J55,B0002HWFV8,5.0,1338163200
A1UFLVSJ3IRETQ,B0002HWFV8,5.0,1340928000
A2DG63DN704LOI,B0002HWFV8,5.0,1340755200
A3VBXQKRM7A4JR,B0002HWFV8,5.0,1338681600
ASLHDTUUMOH7F,B0002HWFV8,5.0,1338681600
A37CXU92U7FYJH,B0002HWFV8,5.0,1340755200
A3DZFEICHK5LF2,B0002HWFV8,4.0,1338940800
A22B13EJTZKCTM,B0002HWFV8,4.0,1344124800
A1EVV74UQYVKRY,B0002HWFV8,5.0,1340150400
AQSW6WDVCJGB8,B0002HWFV8,5.0,1339545600
A277TO3PKKNYDH,B0002HWFV8,4.0,1344384000
A16QODENBJVUI1,B0002HWFV8,5.0,1340841600
A3R33KMESG0XGQ,B0002HWFV8,4.0,1364860800
A16YU3GRGCD95S,B0002HWFV8,5.0,1339632000
A1Q1T811N4IY3Z,B0002HWFV8,4.0,1344988800
A2ECTCPBTOGW4H,B0002Q2O9C,4.0,1334793600
A2RIAXGSBP65BJ,B0002Q2O9C,3.0,1334275200
A3BZUQXA2QHDI2,B0002Q2O9C,3.0,1365724800
A2HOLM5I1ARX9J,B0002Q2O9C,3.0,1322179200
A12PN254PTSGU5,B0002Q2O9C,5.0,1322179200
A2ME89MSWVG9NF,B0002Q2O9C,4.0,1322092800
A336FE20YZZL3A,B0002Q2O9C,3.0,1326585600
A1DY0CRKZEY0FB,B0002Q2O9C,4.0,1326412800
A35NOFKHK8P2LU,B0002Q2O9C,4.0,1326758400
A25RTRAPQAJBDJ,B0002Q2O9C,4.0,1323820800
A2JAEZ0FMAMJVW,B0007LDHWK,5.0,1339632000
AFO678EAGH4Y9,B0007LDHWK,4.0,1340064000
AJ2FDNZ3COBFN,B0007LDHWK,5.0,1342483200
A1U7LS93I03MFW,B0007LDHWK,4.0,1340236800
A2IFKH3TJ10387,B0007LDHWK,4.0,1344988800
A2IMGHMF0LO151,B0007LDHWK,5.0,1339977600
A2MVPY9XVYST9H,B0007LDHWK,5.0,1338508800
A3SMD3T0QTN109,B0007LDHWK,5.0,1337731200
A2TTHN1UMO82VY,B0007LDHWK,5.0,1365379200
A28IIVKXOE1ATF,B0007LDHWK,4.0,1339027200
ACYR6O588USK,B0007LDHWK,3.0,1342569600
A1V3PCKVCJ3TTZ,B0007LDHWK,5.0,1337731200
A8KM4YOB8FGGH,B0007LDHWK,5.0,1337817600
AX7QMRXX81L9K,B0007LDHWK,5.0,1339718400
A2701UXI8QGRHE,B0007LDHWK,5.0,1340236800
A2AOZQ3WTNVVOK,B0007LDHWK,4.0,1353024000
A1W4F91DH3XPB2,B0007LDHWK,5.0,1338940800
A2YV6F6DLENNTM,B0007LDHWK,5.0,1338422400
A1MAI0TUIM3R2X,B0007LDHWK,5.0,1355270400
A1RF9YK4BK5TRH,B0007LDHWK,4.0,1340236800
A112EC059ZZTJF,B0007LDHWK,5.0,1338854400
A2OG83SEU9HL6D,B0007LDHWK,4.0,1340668800
A1GNYV0RA0EQSS,B0007LDHWK,4.0,1343088000
A1ITRGMT80D5TK,B0007LDHWK,5.0,1338681600
A15JB2HEZ6RKGW,B0007LDHWK,4.0,1337990400
A1Q1T811N4IY3Z,B0007LDHWK,4.0,1340323200
A1UKA7HUAQAMY,B0009QXXB8,4.0,1344470400
AW5JSQCHC2ZJO,B0009QXXB8,4.0,1361232000
A71W7G4TCTH3T,B0009QXXB8,5.0,1342483200
A1S7YQQGJPPFLG,B0009QXXB8,5.0,1344902400
A2UYWE97KME0M,B0009QXXB8,5.0,1350518400
ACJT8MUC0LRF0,B0009QXXB8,5.0,1343779200
A3CN9CCJUNIPKT,B0009QXXB8,5.0,1341360000
A1UFLVSJ3IRETQ,B0009QXXB8,3.0,1365120000
A2IMZNPSJGB2HQ,B0009QXXB8,5.0,1347926400
ASLHDTUUMOH7F,B0009QXXB8,5.0,1343952000
A29JUMRL1US6YP,B0009QXXB8,4.0,1348099200
AFK893ELKDPY,B0009QXXB8,5.0,1343952000
A1ZPY91VE3IDN1,B0009QXXB8,5.0,1344988800
A1EVV74UQYVKRY,B0009QXXB8,5.0,1343779200
A1M0OSCFOAMAZO,B0009QXXB8,4.0,1341100800
A3U52V5ZAHZZKU,B0009QXXB8,5.0,1342137600
A20L63B48RPSOH,B0009QXXB8,5.0,1342656000
A2D4FQHV506EPB,B000B8L48S,4.0,1337817600
A2JAEZ0FMAMJVW,B000B8L48S,4.0,1337040000
A2I05FGBTCRRB8,B000B8L48S,4.0,1336867200
A3EK2KTYHJCPB9,B000B8L48S,4.0,1337644800
A2AYJJAFNSGSU1,B000B8L48S,4.0,1335225600
A33PBU9EHZ28PC,B000B8L48S,4.0,1367798400
A15D2X8MICR2VQ,B000B8L48S,4.0,1336694400
A2ZB8B7VQONZA6,B000B8L48S,5.0,1337731200
A3T6HX48F66512,B000B8L48S,4.0,1336435200
A397CWU6DM3O5G,B000B8L48S,3.0,1335571200
A2AF0NOCM71J0B,B000B8L48S,4.0,1337731200
A336FE20YZZL3A,B000B8L48S,4.0,1337126400
A3R7RE5O61M112,B000B8L48S,4.0,1342656000
A2065HBMYDXJ1S,B000B8L48S,5.0,1337817600
A1RR36YKJB917S,B000B8L48S,4.0,1342656000
AU1SKSAF00JJH,B000B8L48S,3.0,1351036800
A10ASLX7DTTB6Z,B000B8L48S,4.0,1342310400
A1GUX6R8DV3ZLY,B000B8L48S,4.0,1339545600
A2VH0UT5EQFB6P,B000B8L48S,3.0,1335916800
AFHYEO3Y1IIDD,B000B8L48S,4.0,1336608000
A19JGPUJAX048H,B000B8L48S,3.0,1337126400
ALDV8DDZWWPYE,B000B8L48S,2.0,1343779200
A1NIGUK4M2ST8,B000B8L48S,3.0,1337126400
A3EZHMGGWY74HY,B000B8L48S,4.0,1336003200
A22CW0ZHY3NJH8,B000B8L48S,5.0,1336176000
AUS5X6IMFLJBD,B000B8L48S,4.0,1338508800
A2RN2AO4BE6F4K,B000B8L48S,5.0,1339372800
ADYZOSTF9LZLD,B000B8L48S,2.0,1337212800
A1GNYV0RA0EQSS,B000B8L48S,5.0,1348012800
A208U42GARHSOR,B000B8L48S,4.0,1337817600
A3FQZH8PJB535A,B000B8L48S,4.0,1337126400
A2WW57XX2UVLM6,B000B8L48S,3.0,1344038400
A3SQQYS79AV13M,B000B8L48S,5.0,1335312000
A3IMK08UX0I46A,B000B8L48S,3.0,1340496000
A384HAQMS7XRZ4,B000B8L48S,4.0,1336694400
ADZIJQN6MNRAB,B000B8L48S,4.0,1337212800
A3EM243NDJ4DF3,B000B8L48S,5.0,1336348800
A81XIM8XFKWX5,B000B8L48S,4.0,1337644800
A30Z0GG96D11EO,B000B8L48S,3.0,1340150400
AEL6CQNQXONBX,B000BTNQUQ,5.0,1228435200
A2V2URLB31HG59,B000BTNQUQ,5.0,1164499200
A3QDDEW6RXVEAY,B000BTNQUQ,5.0,1105315200
A3L1BNBV4SS1H8,B000BTNQUQ,1.0,1115078400
A2IVZ0IEQ1VADB,B000BTNQUQ,5.0,1105142400
AK1WNXTHNCG5V,B000BTNQUQ,5.0,1219276800
A22CW0ZHY3NJH8,B000BTNQUQ,5.0,1234396800
A1ZZR25X0CNOJX,B000BTNQUQ,2.0,1161648000
A8KJS2P6E5DCB,B000BTNQUQ,5.0,1127174400
AXVKMYWNIHK7W,B000BTNQUQ,5.0,1084147200
ABC68JUCPTVOE,B000E9BW18,5.0,1358985600
A39Q9G7J70A056,B000E9BW18,4.0,1358294400
AQB4DH57MSZSC,B000E9BW18,5.0,1359590400
A1RTSVWEXMKAR1,B000E9BW18,2.0,1359590400
A2XYH8IHILWW7X,B000E9BW18,3.0,1356652800
AR33KU52LIBF1,B000E9BW18,4.0,1357171200
A2OJCTT5WLB2HR,B000E9BW18,2.0,1357171200
A375NF45A1MDWI,B000E9BW18,4.0,1356480000
ARADXCOUVBS09,B000E9BW18,4.0,1356566400
A24RCBRDXRXR0Y,B000E9BW18,3.0,1357171200
AGVDI7RLT24WJ,B000E9BW18,1.0,1358035200
A5BJMAHZWGJ7N,B000E9BW18,4.0,1356566400
A3LN4AOPBIUQWR,B000E9BW18,3.0,1357084800
A2IJ54FX1L83WK,B000E9BW18,3.0,1357084800
A3TPNC3TKGCCEI,B000E9BW18,4.0,1363651200
A23KACXOE9O9TX,B000E9BW18,3.0,1358380800
A2Q8GFSEUSGJ51,B000E9BW18,2.0,1356912000
A13Z96HR8EEF24,B000E9BW18,4.0,1356566400
A1II2ZRPKZAQQD,B000ETRENI,5.0,1260403200
A19FRW264WZTGP,B000ETRENI,5.0,1258502400
A3NHUQ33CFH3VM,B000ETRENI,5.0,1254614400
A18YMFFJW974QS,B000ETRENI,5.0,1260576000
A3MEMX0XF00TBD,B000ETRENI,5.0,1312070400
A2974R9BTPZPOJ,B000ETRENI,4.0,1317168000
A83RPS198D04S,B000ETRENI,3.0,1229817600
AP8D74QD9LUUL,B000ETRENI,4.0,1228348800
A186697K4XKXQL,B000ETRENI,5.0,1187568000
A224I5WR8UQDDC,B000ETRENI,5.0,1255737600
A1R6DKN9YQ2YU1,B000ETRENI,5.0,1226707200
A3Q9HY0LU7MN6E,B000ETRENI,5.0,1251849600
A276OI0NHBYORX,B000ETRENI,5.0,1361923200
A1T8N18XKDLJO4,B000F4ABNC,4.0,1351036800
A2CNGARED6OWWU,B000F4ABNC,1.0,1350345600
A28IIVKXOE1ATF,B000F4ABNC,5.0,1349136000
A1V3PCKVCJ3TTZ,B000F4ABNC,5.0,1349136000
AFK893ELKDPY,B000F4ABNC,5.0,1351296000
A9NFFAZF3LIB2,B000F4ABNC,4.0,1357430400
A1KGWUYXUBEMB2,B000F4ABNC,5.0,1348704000
AGFGY4EJ37VS2,B000F4ABNC,4.0,1348704000
A8KM4YOB8FGGH,B000F4ABNC,4.0,1350864000
A26EQ8U96JA92T,B000F4ABNC,5.0,1351987200
A3HAA7H8PBVM78,B000F4ABNC,5.0,1350345600
A267FU71Z01CIH,B000F4ABNC,5.0,1350172800
A3T7XVG3AXJF61,B000F4ABNC,5.0,1353283200
A2VJJ2POCLMED7,B000F4ABNC,2.0,1357776000
A3FFKU2MTCOBM1,B000F4ABNC,4.0,1354492800
A199FRO0YFMGED,B000F4ABNC,4.0,1353369600
A231LBC8EGPO5L,B000F4ABNC,4.0,1350259200
A1NC9AGZOBI0M1,B000F4ABNC,4.0,1360108800
A2XFM8PN6G0B02,B000F4ABNC,4.0,1349481600
ATLZNVLYKP9AZ,B000F4ABNC,4.0,1366156800
A2LAS014NSRW72,B000FSIJ0K,5.0,1386633600
A3CA3RWZYJDWXE,B000FSIJ0K,4.0,1386547200
A2PU5IDX61XJ7A,B000FSIJ0K,5.0,1386633600
A3HETHW2XD3DWH,B000FSIJ0K,3.0,1386115200
A31HE83MU98GBV,B000FSIJ0K,5.0,1385164800
A15Q9YEG1XPEJN,B000FSIJ0K,3.0,1386115200
AO1Z0TQWCRGL4,B000FSIJ0K,5.0,1385424000
AOI2MD752ZWFU,B000FSIJ0K,5.0,1386288000
AGVDI7RLT24WJ,B000FSIJ0K,4.0,1387152000
A3H5QGH5OD2XGX,B000FSIJ0K,5.0,1388361600
ADFLBRY00Y70G,B000FSIJ0K,5.0,1388448000
A1UCPXUBSESD65,B000FSIJ0K,4.0,1386028800
AY1EF0GOH80EK,B000FSIJ0K,5.0,1387324800
A2OOZZDSOHG4UY,B000FSIJ0K,5.0,1388448000
ALQ4USPEQ9L5N,B000FSIJ0K,5.0,1388188800
A1GNYV0RA0EQSS,B000FSIJ0K,5.0,1387411200
A1MRRMHGV3PN5W,B000FSIJ0K,4.0,1387238400
A1M7Y63Y5GYJI1,B000FSIJ0K,5.0,1389830400
A2G04D4QZAXL15,B000FSIJ0K,4.0,1386460800
A26KXNN6H1IL0I,B000G334Z4,5.0,1386979200
AKHFY3VCNZL2W,B000G334Z4,4.0,1388448000
A14UOOROH3XRQ9,B000G334Z4,5.0,1387929600
A17771LTRWSKQ5,B000G334Z4,3.0,1385942400
A3T8WOFS5RD2IR,B000G334Z4,5.0,1385337600
A31AVXMESQRQAC,B000G334Z4,5.0,1385510400
A3H5QGH5OD2XGX,B000G334Z4,5.0,1388361600
A1LUK8APLC16WK,B000G334Z4,5.0,1386806400
A1KI3173CO6TK2,B000G334Z4,4.0,1388707200
AK1WNXTHNCG5V,B000G334Z4,5.0,1386720000
A1GUN2J1FDYNF3,B000G334Z4,5.0,1387324800
ALQ4USPEQ9L5N,B000G334Z4,5.0,1388188800
A2JAEZ0FMAMJVW,B000GD3S4G,5.0,1355788800
A2RIAXGSBP65BJ,B000GD3S4G,4.0,1360540800
A2TXMYYGSZCSZ1,B000GD3S4G,4.0,1353628800
A2CNGARED6OWWU,B000GD3S4G,4.0,1355529600
A3AL9NFNWTRV39,B000GD3S4G,4.0,1355961600
A2QCE7L6GRE3MT,B000GD3S4G,4.0,1353888000
A3MEMX0XF00TBD,B000GD3S4G,4.0,1355097600
A2QX49LS3Y3ANI,B000GD3S4G,3.0,1356912000
AXAJXJZUL2J5P,B000GD3S4G,4.0,1356480000
A2MVPY9XVYST9H,B000GD3S4G,4.0,1354579200
A375NF45A1MDWI,B000GD3S4G,4.0,1353196800
A2RME4353Y911C,B000GD3S4G,3.0,1358380800
A1V3PCKVCJ3TTZ,B000GD3S4G,4.0,1354147200
A5GPH59NDWJRB,B000GD3S4G,3.0,1356307200
A2065HBMYDXJ1S,B000GD3S4G,4.0,1354492800
AGVDI7RLT24WJ,B000GD3S4G,4.0,1353715200
A1FWFCJU2G7TRA,B000GD3S4G,3.0,1353369600
A22B13EJTZKCTM,B000GD3S4G,4.0,1357430400
A3NDUBKYPI47N2,B000GD3S4G,4.0,1356393600
A3FMPT5IH0CJ50,B000GD3S4G,4.0,1356566400
A38H4XCCPLRF93,B000GD3S4G,5.0,1354233600
AMYTL79JMGQ6D,B000GD3S4G,5.0,1296000000
A17SZZO9LM3WYC,B000GD3S4G,5.0,1353283200
A1KI3173CO6TK2,B000GD3S4G,5.0,1353974400
ALDV8DDZWWPYE,B000GD3S4G,4.0,1355875200
A136LRUR0RDH9J,B000GD3S4G,4.0,1360454400
A3A90CELVLOUP6,B000GD3S4G,5.0,1363651200
A3Q9HY0LU7MN6E,B000GD3S4G,5.0,1354320000
ALDAF4VVLFRHP,B000GD3S4G,4.0,1354579200
A6B92PTV0Z1SU,B000GD3S4G,2.0,1359072000
A1D1IDI5S9TN9D,B000GD3S4G,4.0,1363824000
A1VABWDOUQLULZ,B000GD3S4G,4.0,1356480000
A58F10T4OE58C,B000GD3S4G,4.0,1353801600
A18LURVBV82KW2,B000GD3S4G,4.0,1355184000
AD34TCPEP7P84,B000GD3S4G,4.0,1358380800
A1MRRMHGV3PN5W,B000GD3S4G,4.0,1366243200
A30QAOLNZ4415R,B000GD3S4G,3.0,1355529600
A2I4A4WGWII18Z,B000GD3S4G,5.0,1353801600
A156P4FPL8OGXB,B000GD3S4G,4.0,1354060800
A32QWD5DEY4LDU,B000GD3S4G,5.0,1353888000
A3NOBH42C7UI5M,B000GDDKLC,3.0,1374364800
A1DG75OT3Y49EM,B000GDDKLC,5.0,1378080000
A18FUHNBP90IB4,B000GDDKLC,3.0,1376870400
ATS7LYGLUX34L,B000GDDKLC,3.0,1378944000
A26NMTIHEUM65Z,B000GDDKLC,3.0,1380585600
A2RME4353Y911C,B000GDDKLC,3.0,1377129600
A28J8ZFUBAC40Q,B000GDDKLC,2.0,1374537600
ATLO3YXU2BC16,B000GDDKLC,3.0,1376524800
A2SDRCBPIAXVDW,B000GDDKLC,4.0,1379376000
A5H8NA5CJ0FK4,B000GDDKLC,4.0,1379548800
A2561PYW9TTMYD,B000GDDKLC,4.0,1381017600
A17NX7T7DW6KL2,B000GDDKLC,2.0,1375228800
A20A523DFHLRBT,B000GDDKLC,5.0,1376524800
A3TMBYDFP1B9DM,B000GDDKLC,4.0,1374710400
A2V98TS4QDDCG9,B000GDDKLC,3.0,1379376000
AQZ4PHIEEV5N5,B000GDDKLC,2.0,1379462400
ARPB88E6F2MFR,B000GDDKLC,3.0,1376179200
A112EC059ZZTJF,B000GDDKLC,4.0,1375142400
A3JHC8O59WDHFZ,B000GDDKLC,2.0,1376006400
A1M0OSCFOAMAZO,B000GDDKLC,2.0,1375488000
A2WW57XX2UVLM6,B000GDDKLC,3.0,1376524800
A2I05FGBTCRRB8,B000GUEXBG,4.0,1352937600
A2ZPZM9RE08JXF,B000GUEXBG,5.0,1351641600
A3F2VVIQIY6U64,B000GUEXBG,5.0,1353801600
A19FRW264WZTGP,B000GUEXBG,5.0,1386028800
A2CRIQOX1SYA3I,B000GUEXBG,5.0,1352332800
A1FDVT0DLJWV78,B000GUEXBG,4.0,1351123200
A89ZZKNDFQH23,B000GUEXBG,4.0,1355011200
A34GM17T6WTJDK,B000GUEXBG,5.0,1351123200
A2BN9DIBP9A0XG,B000GUEXBG,4.0,1353542400
A15D2X8MICR2VQ,B000GUEXBG,5.0,1351555200
A1S27P7KJO9I96,B000GUEXBG,5.0,1352419200
A397CWU6DM3O5G,B000GUEXBG,5.0,1351036800
A29JUMRL1US6YP,B000GUEXBG,4.0,1352937600
A2065HBMYDXJ1S,B000GUEXBG,4.0,1356566400
A1VXIY1511XQK2,B000GUEXBG,4.0,1234742400
AOAOARIH72UWI,B000GUEXBG,5.0,1351036800
A19WEEGB05YAZ3,B000GUEXBG,5.0,1351641600
A1ZGHA3IJV01BK,B000GUEXBG,5.0,1352851200
A3KCKECEO3E2AN,B000GUEXBG,5.0,1356912000
AONUCJBC85BL,B000GUEXBG,5.0,1352937600
A3FMPT5IH0CJ50,B000GUEXBG,5.0,1351036800
A1PI8VBCXXSGC7,B000GUEXBG,3.0,1380672000
ALLHJD3KZF9KC,B000GUEXBG,5.0,1351123200
A226GFM0Q9L37H,B000GUEXBG,5.0,1362960000
A22IDP8YERZ79X,B000GUEXBG,4.0,1353369600
A1LG1DKUZXGJ6J,B000GUEXBG,2.0,1352419200
A22CW0ZHY3NJH8,B000GUEXBG,5.0,1351209600
A1ODOGXEYECQQ8,B000GUEXBG,5.0,1283472000
A2JVBJUU2DL0WA,B000GUEXBG,4.0,1353283200
A37D2TGTIXRV2N,B000GUEXBG,5.0,1352937600
A1R8TTMXVXEI6H,B000GUEXBG,5.0,1351123200
A3Y0IB3VYLD6A,B000GUEXBG,5.0,1224201600
A2T04VAIXSKJH2,B000GUEXBG,5.0,1355875200
A25RTRAPQAJBDJ,B000GUEXBG,5.0,1351036800
A2SPV96SGOEO2,B000GUEXBG,5.0,1352160000
A30Z0GG96D11EO,B000GUEXBG,4.0,1351036800
A34GM17T6WTJDK,B000HH6KFA,4.0,1348617600
A3SMD3T0QTN109,B000HH6KFA,4.0,1350518400
A2WB4OWBUH2VQX,B000HH6KFA,3.0,1357171200
A34CSXOGVYF94S,B000HH6KFA,4.0,1348876800
ABQWMANK4AR63,B000HH6KFA,3.0,1349308800
A3DZFEICHK5LF2,B000HH6KFA,4.0,1356825600
A1R8TTMXVXEI6H,B000HH6KFA,5.0,1350518400
A1VTBADV3JS1EC,B000HH6KFA,5.0,1350518400
A2QKCOX5ACRHC5,B000HH6KFA,4.0,1349049600
AFZJNYR931ZCN,B000HH6KFA,5.0,1356480000
A30Z0GG96D11EO,B000HH6KFA,4.0,1350432000
A2RIAXGSBP65BJ,B000N40SDC,4.0,1358294400
A3U4GW06XNSI2Q,B000N40SDC,4.0,1361404800
A12PN254PTSGU5,B000N40SDC,4.0,1355184000
A279A4Y2N1CQ26,B000N40SDC,4.0,1356566400
A1JTTI1KH3DOCY,B000N40SDC,4.0,1356566400
A397CWU6DM3O5G,B000N40SDC,4.0,1353369600
A3T7XVG3AXJF61,B000N40SDC,5.0,1359072000
A3FMPT5IH0CJ50,B000N40SDC,4.0,1356566400
A226GFM0Q9L37H,B000N40SDC,5.0,1354406400
AHRNDSKWH1YBT,B000N40SDC,4.0,1353369600
ARPB88E6F2MFR,B000N40SDC,5.0,1356652800
A2A4M3EDEUKG3L,B000N40SDC,4.0,1360800000
A2BZ16RKE13PKV,B000N40SDC,5.0,1353369600
A11SPSEM08VIXX,B000NSW0LQ,4.0,1326931200
A1Z54EM24Y40LL,B000NSW0LQ,5.0,1322092800
A7OTTM22AV2VR,B000NSW0LQ,4.0,1326931200
A15D2X8MICR2VQ,B000NSW0LQ,5.0,1352937600
A3T6HX48F66512,B000NSW0LQ,4.0,1325462400
ASGI7E0AJ8H5X,B000NSW0LQ,4.0,1325376000
A2LF16F0KX9L7P,B000NSW0LQ,5.0,1322524800
A3QCC7PV6EG4YC,B000NSW0LQ,4.0,1340236800
A3DZFEICHK5LF2,B000NSW0LQ,4.0,1331769600
A6D07P6DHMXIP,B000NSW0LQ,4.0,1321920000
A2VJJ2POCLMED7,B000NSW0LQ,4.0,1327536000
A3GMVCTJTHYG1F,B000NSW0LQ,5.0,1323043200
A1MAI0TUIM3R2X,B000NSW0LQ,4.0,1326844800
A1VTBADV3JS1EC,B000NSW0LQ,5.0,1326067200
A25RTRAPQAJBDJ,B000NSW0LQ,5.0,1327363200
A156P4FPL8OGXB,B000NSW0LQ,5.0,1325721600
A3IMK08UX0I46A,B000NSW0LQ,5.0,1328572800
A2ECTCPBTOGW4H,B000OC2W50,5.0,1317168000
A1II2ZRPKZAQQD,B000OC2W50,5.0,1317168000
A1RTSVWEXMKAR1,B000OC2W50,5.0,1321920000
ALNFHVS3SC4FV,B000OC2W50,4.0,1321920000
A9XMQ24ZKXYSN,B000OC2W50,5.0,1316736000
ALRCAGJOJ9583,B000OC2W50,3.0,1319068800
A3GMRYV7VAYK5Q,B000OC2W50,5.0,1316649600
A1Z0LTKUA6F94D,B000OC2W50,4.0,1355011200
ASGI7E0AJ8H5X,B000OC2W50,5.0,1321833600
A1DY0CRKZEY0FB,B000OC2W50,4.0,1323561600
A3DZFEICHK5LF2,B000OC2W50,5.0,1328140800
A37R3P5JFNQG8S,B000OC2W50,5.0,1317081600
A8INT3NMHRUS4,B000OC2W50,4.0,1316649600
A3GMVCTJTHYG1F,B000OC2W50,5.0,1319241600
A3H0ZQ74ITU83J,B000OC2W50,4.0,1319587200
A2QDOJFFLFGF18,B000OC2W50,5.0,1316563200
A3LN4AOPBIUQWR,B000OC2W50,4.0,1317600000
ARPB88E6F2MFR,B000OC2W50,4.0,1325980800
A1FXY0GUFHEI59,B000OC2W50,4.0,1317427200
A2WW57XX2UVLM6,B000OC2W50,4.0,1316649600
A15JB2HEZ6RKGW,B000OC2W50,4.0,1316736000
A39Q9G7J70A056,B000SQTJJO,4.0,1317254400
A30H2335OM7RD6,B000SQTJJO,5.0,1325203200
A2XYH8IHILWW7X,B000SQTJJO,4.0,1316736000
AZFHSPEZUPGD2,B000SQTJJO,4.0,1316908800
A17437N1L775IJ,B000SQTJJO,4.0,1317168000
A12PN254PTSGU5,B000SQTJJO,4.0,1317513600
AXAJXJZUL2J5P,B000SQTJJO,4.0,1317945600
A2TTHN1UMO82VY,B000SQTJJO,5.0,1340150400
ALRCAGJOJ9583,B000SQTJJO,5.0,1324771200
A2065HBMYDXJ1S,B000SQTJJO,3.0,1317254400
AGFGY4EJ37VS2,B000SQTJJO,3.0,1318809600
ASGI7E0AJ8H5X,B000SQTJJO,4.0,1320278400
A381MT950I6KRL,B000SQTJJO,5.0,1317254400
AY1I85LLDMETC,B000SQTJJO,4.0,1345680000
A2HELIKP5RV27F,B000SQTJJO,4.0,1316908800
ATANE2SC44592,B000SQTJJO,4.0,1316908800
A2VJJ2POCLMED7,B000SQTJJO,3.0,1319760000
A136LRUR0RDH9J,B000SQTJJO,4.0,1319068800
A22CW0ZHY3NJH8,B000SQTJJO,4.0,1316649600
A2IJ54FX1L83WK,B000SQTJJO,4.0,1316649600
A1RF9YK4BK5TRH,B000SQTJJO,3.0,1340841600
ARPB88E6F2MFR,B000SQTJJO,5.0,1317168000
A343Y76WJTBYP6,B000SQTJJO,5.0,1317254400
A19GJX6TTSK0C0,B000SQTJJO,5.0,1316649600
A2Q8GFSEUSGJ51,B000SQTJJO,3.0,1316649600
A25RTRAPQAJBDJ,B000SQTJJO,4.0,1318896000
A3R01WHD75L6FG,B000SQTJJO,3.0,1316649600
A357B3PUHSVQA,B000SQTJJO,4.0,1239580800
A3O28YJBZG1Q0Q,B000XEAGMA,5.0,1382400000
A26KXNN6H1IL0I,B000XEAGMA,5.0,1384300800
A16EIVIBBXFAQ0,B000XEAGMA,5.0,1384041600
A194K60CWZ371J,B000XEAGMA,5.0,1381363200
A2DG63DN704LOI,B000XEAGMA,5.0,1381708800
A3R5GTYQ50QVMD,B000XEAGMA,3.0,1381104000
A27X7XXOKMK879,B000XEAGMA,5.0,1383350400
A1C7Y31S5QXNTR,B000XEAGMA,5.0,1381104000
A36EW68H08UOCS,B000XEAGMA,5.0,1380326400
AXR3CV6A4FMBG,B000XEAGMA,5.0,1382227200
A3TMBYDFP1B9DM,B000XEAGMA,4.0,1381449600
A1E55W6ES0FY17,B000XEAGMA,4.0,1381968000
A2QKCOX5ACRHC5,B000XEAGMA,4.0,1381795200
A1MRRMHGV3PN5W,B000XEAGMA,4.0,1384905600
A1VLVWTLV3LVHR,B000XEAGMA,5.0,1382140800
A3UJRNI8UR4871,B000XEAGMA,4.0,1380758400
A2AYYKD4OODSLY,B000XFPIUE,5.0,1384387200
A2877AOHJFZI0E,B000XFPIUE,4.0,1383264000
AK8LOFYRZJJW0,B000XFPIUE,5.0,1383436800
A2FWZ58M6IQMD7,B000XFPIUE,4.0,1383868800
A3N27L13CWJ9HY,B000XFPIUE,5.0,1383782400
ALYZJ7W14YS26,B000XFPIUE,5.0,1383091200
A27X7XXOKMK879,B000XFPIUE,4.0,1382140800
AQYYUN3T7B0WM,B000XFPIUE,5.0,1384214400
A3T7XVG3AXJF61,B000XFPIUE,5.0,1385424000
A3C2JQC6R2K52C,B000XFPIUE,5.0,1383436800
A1C7Y31S5QXNTR,B000XFPIUE,5.0,1383264000
A2DA2NJZ2RIYAB,B000XFPIUE,5.0,1385424000
AQ1F3NP2G15S5,B000XFPIUE,4.0,1383523200
A3JLOIXFM75QNV,B000XFPIUE,4.0,1386720000
A3TNM3C9ENUCFW,B00112CHCK,4.0,1224547200
ANCOMAI0I7LVG,B00112CHCK,5.0,1307664000
AW5JSQCHC2ZJO,B00112CHCK,4.0,1225670400
AZFHSPEZUPGD2,B00112CHCK,5.0,1226448000
A1S7YQQGJPPFLG,B00112CHCK,5.0,1224720000
A2FS38D943KX12,B00112CHCK,1.0,1346976000
A3OXHLG6DIBRW8,B00112CHCK,5.0,1356393600
AK8LOFYRZJJW0,B00112CHCK,5.0,1227052800
ALNFHVS3SC4FV,B00112CHCK,5.0,1224806400
A89ZZKNDFQH23,B00112CHCK,4.0,1221782400
A1DW1FK1H3F2TM,B00112CHCK,5.0,1224720000
A1VYFEJM12ZP11,B00112CHCK,5.0,1167955200
A2065HBMYDXJ1S,B00112CHCK,3.0,1226880000
A167KPMW1NBZJW,B00112CHCK,4.0,1224720000
A361U4SXK7FCQE,B00112CHCK,5.0,1225670400
AONUCJBC85BL,B00112CHCK,4.0,1226448000
A3L2KYOYDWSRPL,B00112CHCK,5.0,1227657600
AORGKBNQZ83O8,B00112CHCK,5.0,1228176000
A2IVZ0IEQ1VADB,B00112CHCK,5.0,1225065600
A1LA4K5JF78BER,B00112CHCK,4.0,1225584000
A3H0ZQ74ITU83J,B00112CHCK,5.0,1224633600
A2QDOJFFLFGF18,B00112CHCK,4.0,1226534400
A199FRO0YFMGED,B00112CHCK,4.0,1227139200
APDPA11IZPYLN,B00112CHCK,4.0,1227139200
ATMQEI1LKR6VB,B00112CHCK,5.0,1224460800
A1GNYV0RA0EQSS,B00112CHCK,5.0,1229558400
A3BVDW4DOLJAN0,B00112CHCK,5.0,1156636800
A2WFZWRYWLC20S,B00112CHCK,5.0,1198627200
AXVKMYWNIHK7W,B00112CHCK,5.0,1224720000
A26R7LLAFTPC3U,B00112CHCK,5.0,1229558400
ADLVFFE4VBT8,B0014411SG,5.0,1227571200
A3U0S17XYK8XMJ,B0014411SG,3.0,1229990400
AW5JSQCHC2ZJO,B0014411SG,4.0,1228176000
A16PUD6V3KAZ0Q,B0014411SG,4.0,1227571200
A11SPSEM08VIXX,B0014411SG,5.0,1235433600
A1S7YQQGJPPFLG,B0014411SG,4.0,1229299200
A89ZZKNDFQH23,B0014411SG,4.0,1227916800
AG8E2F0G98ZTB,B0014411SG,3.0,1228003200
A2WB4OWBUH2VQX,B0014411SG,4.0,1227744000
A2MOD50IHEDH3G,B0014411SG,5.0,1229558400
A14X244VGHWPSX,B0014411SG,4.0,1227916800
A2T7GZ74MZI0MN,B0014411SG,5.0,1227657600
A23WE733QT4WGJ,B0014411SG,5.0,1227657600
A38H4XCCPLRF93,B0014411SG,5.0,1229472000
A3M2O06MCHJG18,B0014411SG,4.0,1228262400
AK1WNXTHNCG5V,B0014411SG,5.0,1227571200
ARPB88E6F2MFR,B0014411SG,4.0,1228003200
A29VG90T649CSU,B0014411SG,4.0,1228089600
A1ITRGMT80D5TK,B0014411SG,5.0,1227484800
A3K93OWHKHGI9V,B0014411SG,4.0,1227657600
A26R7LLAFTPC3U,B0014411SG,5.0,1231977600
A1BMG34CO5CMZ5,B001446E4W,4.0,1228262400
A3HUC8541SJ6UT,B001446E4W,3.0,1228262400
A14Z0Q1DU6CBJJ,B001446E4W,4.0,1228176000
A353U0L2HAMSHV,B001446E4W,5.0,1228694400
AK8LOFYRZJJW0,B001446E4W,4.0,1229558400
A2FRKEXDXDN1KI,B001446E4W,5.0,1227657600
AY3D7DG5L5WCK,B001446E4W,4.0,1230422400
A375NF45A1MDWI,B001446E4W,3.0,1238457600
AG8E2F0G98ZTB,B001446E4W,4.0,1229385600
A3GMRYV7VAYK5Q,B001446E4W,1.0,1229126400
A27X7XXOKMK879,B001446E4W,3.0,1227657600
AKCZIJ6ZHE41D,B001446E4W,4.0,1230336000
A2T7GZ74MZI0MN,B001446E4W,5.0,1228694400
A2S26YGSVXBCFL,B001446E4W,3.0,1229212800
A2QDOJFFLFGF18,B001446E4W,5.0,1245715200
A1ODOGXEYECQQ8,B001446E4W,4.0,1229558400
A105S56ODHGJEK,B001446E4W,3.0,1232582400
AQRN2I355LZ3F,B001446E4W,4.0,1229990400
A3K93OWHKHGI9V,B001446E4W,4.0,1234828800
A1QG13XG3EO2CX,B001447IX8,5.0,1353888000
A3RG8DYG8AJ6Z9,B001447IX8,5.0,1354579200
A2CNGARED6OWWU,B001447IX8,5.0,1355529600
A2KIVODZRTGY4U,B001447IX8,5.0,1357257600
A14UOOROH3XRQ9,B001447IX8,5.0,1356912000
A1M5ZT35YX6TIN,B001447IX8,5.0,1354492800
A2LO1YE4Q0N4F,B001447IX8,4.0,1355875200
A2OY6P98P87047,B001447IX8,5.0,1353456000
A1FXY0GUFHEI59,B001447IX8,5.0,1353283200
ALQ4USPEQ9L5N,B001447IX8,5.0,1355961600
A81XIM8XFKWX5,B001447IX8,5.0,1354492800
AA98O5326L88T,B00144J9ZI,4.0,1229212800
AW5JSQCHC2ZJO,B00144J9ZI,4.0,1228176000
AZFHSPEZUPGD2,B00144J9ZI,3.0,1233705600
A3OXHLG6DIBRW8,B00144J9ZI,4.0,1227484800
A353U0L2HAMSHV,B00144J9ZI,4.0,1229472000
A1P0JSFW184ZXJ,B00144J9ZI,4.0,1229558400
ASGI7E0AJ8H5X,B00144J9ZI,4.0,1227571200
A381MT950I6KRL,B00144J9ZI,4.0,1228089600
A38H4XCCPLRF93,B00144J9ZI,5.0,1229472000
A2S26YGSVXBCFL,B00144J9ZI,5.0,1227571200
A3G7BEJJCPD6DS,B00144J9ZI,5.0,1227571200
A30Z0GG96D11EO,B00144J9ZI,4.0,1231027200
A2VAD79S4A06DD,B0014X98FK,4.0,1230163200
A3OXHLG6DIBRW8,B0014X98FK,4.0,1227484800
AK8LOFYRZJJW0,B0014X98FK,4.0,1232409600
AY3D7DG5L5WCK,B0014X98FK,5.0,1227657600
A24RCBRDXRXR0Y,B0014X98FK,3.0,1228003200
A30IP3E4MDQ36,B0014X98FK,2.0,1227830400
A1ZGHA3IJV01BK,B0014X98FK,4.0,1228780800
A3OIQ3T0OIKY66,B0014X98FK,4.0,1227744000
AAA0TUKS5VBSA,B0014X98FK,5.0,1231372800
ARPB88E6F2MFR,B0014X98FK,4.0,1228003200
A2G4LKK57XMBL3,B0014X98FK,5.0,1227571200
ADLVFFE4VBT8,B0015KVAEE,2.0,1222128000
A2RIAXGSBP65BJ,B0015KVAEE,3.0,1222560000
A1ZGXZW37JEZWH,B0015KVAEE,5.0,1222473600
A1T8N18XKDLJO4,B0015KVAEE,4.0,1222128000
A1BMG34CO5CMZ5,B0015KVAEE,4.0,1223683200
AYB8XLKTYMTTX,B0015KVAEE,4.0,1224720000
ARSQ2F9U315WG,B0015KVAEE,4.0,1222128000
A2877AOHJFZI0E,B0015KVAEE,4.0,1222214400
A2VAD79S4A06DD,B0015KVAEE,4.0,1222041600
A11SPSEM08VIXX,B0015KVAEE,2.0,1224720000
AZFHSPEZUPGD2,B0015KVAEE,4.0,1223683200
A1S7YQQGJPPFLG,B0015KVAEE,4.0,1222560000
A18FUHNBP90IB4,B0015KVAEE,5.0,1222387200
A1FK6IQ111SJDR,B0015KVAEE,5.0,1222992000
A18YMFFJW974QS,B0015KVAEE,4.0,1223942400
A1MZEMD0EDETS6,B0015KVAEE,5.0,1222128000
AK8LOFYRZJJW0,B0015KVAEE,5.0,1222214400
ALNFHVS3SC4FV,B0015KVAEE,4.0,1223942400
A2A33KJUP7T2FK,B0015KVAEE,5.0,1222300800
A89ZZKNDFQH23,B0015KVAEE,5.0,1222214400
A1TS45JWJVOSSW,B0015KVAEE,2.0,1223164800
AMS2CPERWN7JV,B0015KVAEE,3.0,1222214400
AY3D7DG5L5WCK,B0015KVAEE,5.0,1222128000
A1DW1FK1H3F2TM,B0015KVAEE,5.0,1222387200
A2WB4OWBUH2VQX,B0015KVAEE,4.0,1222560000
A3AGWRMHKLFLWR,B0015KVAEE,4.0,1222300800
A30IP3E4MDQ36,B0015KVAEE,2.0,1222300800
A1P0JSFW184ZXJ,B0015KVAEE,4.0,1223942400
A2065HBMYDXJ1S,B0015KVAEE,4.0,1222732800
AL4SB31UAZLXL,B0015KVAEE,4.0,1222732800
A3M6KV5PDU46YI,B0015KVAEE,4.0,1222128000
A1WKEAS58297E5,B0015KVAEE,4.0,1222128000
A361U4SXK7FCQE,B0015KVAEE,3.0,1224115200
A28OB1QLXN5BM6,B0015KVAEE,5.0,1243036800
A1ZGHA3IJV01BK,B0015KVAEE,5.0,1223942400
A22B13EJTZKCTM,B0015KVAEE,4.0,1223856000
A2RKI7RPP5CJMG,B0015KVAEE,5.0,1222646400
AONUCJBC85BL,B0015KVAEE,4.0,1222819200
AJQDIT55SZ3ZX,B0015KVAEE,5.0,1223164800
A1UUI7PFQ5FU4E,B0015KVAEE,5.0,1222992000
A2VH0UT5EQFB6P,B0015KVAEE,3.0,1223769600
AHRNDSKWH1YBT,B0015KVAEE,3.0,1223596800
A22IDP8YERZ79X,B0015KVAEE,4.0,1227139200
A3UYBRB74RJFXB,B0015KVAEE,3.0,1224806400
A1LA4K5JF78BER,B0015KVAEE,5.0,1222560000
A3H0ZQ74ITU83J,B0015KVAEE,4.0,1222041600
A2QDOJFFLFGF18,B0015KVAEE,2.0,1227052800
AGEKVD8JPZQMT,B0015KVAEE,2.0,1224115200
AK1WNXTHNCG5V,B0015KVAEE,5.0,1222300800
A3A90CELVLOUP6,B0015KVAEE,5.0,1223942400
AAA0TUKS5VBSA,B0015KVAEE,4.0,1223251200
A22CW0ZHY3NJH8,B0015KVAEE,2.0,1222732800
A105S56ODHGJEK,B0015KVAEE,3.0,1229472000
A1JOANG98KBFKU,B0015KVAEE,3.0,1224115200
A2RN2AO4BE6F4K,B0015KVAEE,5.0,1358208000
A12E0Y0J6584RT,B0015KVAEE,3.0,1224028800
AZKGCE3LNX7WB,B0015KVAEE,4.0,1223424000
APDPA11IZPYLN,B0015KVAEE,4.0,1223769600
ATMQEI1LKR6VB,B0015KVAEE,4.0,1222473600
AGFW667QNHDOY,B0015KVAEE,5.0,1222041600
A1GNYV0RA0EQSS,B0015KVAEE,5.0,1229817600
A3DFH4CKPIT0N9,B0015KVAEE,4.0,1222128000
AXVKMYWNIHK7W,B0015KVAEE,5.0,1222128000
A1NN8Q1DLAYPGH,B0015KVAEE,5.0,1222128000
A3IMK08UX0I46A,B0015KVAEE,2.0,1238025600
A2NVQZ4Y7Y0J1R,B0015KVAEE,4.0,1222128000
A15JB2HEZ6RKGW,B0015KVAEE,2.0,1222214400
A30Z0GG96D11EO,B0015KVAEE,3.0,1223337600
A2V0I904FH7ABY,B0015KVAEE,2.0,1223942400
A19D3N662QS9WD,B0015R6UXI,3.0,1321920000
A31YSTICHFYN7O,B0015R6UXI,4.0,1321488000
A1Z54EM24Y40LL,B0015R6UXI,5.0,1322352000
A1IBKN1GXYJ3K4,B0015R6UXI,5.0,1319673600
A2MVPY9XVYST9H,B0015R6UXI,3.0,1327363200
A17V2N0N8CXSA9,B0015R6UXI,3.0,1316563200
A3M6KV5PDU46YI,B0015R6UXI,3.0,1316736000
A1NQK5MH9GTJ6S,B0015R6UXI,4.0,1316476800
A37CXU92U7FYJH,B0015R6UXI,4.0,1324944000
A13BX9O5UDBILC,B0015R6UXI,3.0,1316822400
A2FVD05Z2FYW1P,B0015R6UXI,4.0,1319673600
A6VSWJVTWEOII,B0015R6UXI,3.0,1317081600
A2RKI7RPP5CJMG,B0015R6UXI,3.0,1318982400
ASHO96ZB8AL1Z,B0015R6UXI,3.0,1316995200
AE8AT5NB4DDRM,B0015R6UXI,5.0,1316649600
AM8J1UVGVYAL4,B0015R6UXI,3.0,1321660800
A1XVF5DU3N05OM,B0015R6UXI,3.0,1319328000
ALGI34BYWIXZG,B0015R6UXI,1.0,1323302400
A199FRO0YFMGED,B0015R6UXI,3.0,1317254400
A16QODENBJVUI1,B0015R6UXI,5.0,1319068800
A2SPV96SGOEO2,B0015R6UXI,3.0,1327017600
ATQ22E6YAUNXP,B00192MRTA,5.0,1379116800
A22DRQMROONYOK,B00192MRTA,5.0,1376956800
A1KSNK256G46GX,B00192MRTA,5.0,1377475200
A5K3CK2PWYQ7O,B00192MRTA,4.0,1378166400
A83RPS198D04S,B00192MRTA,5.0,1377561600
A14UOOROH3XRQ9,B00192MRTA,3.0,1378339200
AYNNJ0DBGL5H7,B00192MRTA,5.0,1381968000
A2701UXI8QGRHE,B00192MRTA,4.0,1381968000
A1LUK8APLC16WK,B00192MRTA,5.0,1377043200
A8IF4ZBZRY86C,B00192MRTA,5.0,1377129600
AZMISC9FAUBIR,B00192MRTA,5.0,1377043200
A2QKCOX5ACRHC5,B00192MRTA,4.0,1378166400
A39D7ONPOORMUT,B00192MRTA,5.0,1379721600
ADLVFFE4VBT8,B00199LDRA,2.0,1219708800
A2RIAXGSBP65BJ,B00199LDRA,3.0,1219881600
AL3MFYSK9HKCL,B00199LDRA,3.0,1219968000
AW5JSQCHC2ZJO,B00199LDRA,4.0,1220745600
AZFHSPEZUPGD2,B00199LDRA,3.0,1221523200
A1S7YQQGJPPFLG,B00199LDRA,4.0,1220227200
A2K89R0B20LYHB,B00199LDRA,3.0,1219881600
A33PBU9EHZ28PC,B00199LDRA,3.0,1224115200
ALNFHVS3SC4FV,B00199LDRA,1.0,1219881600
A10ZBR6O8S8OCY,B00199LDRA,3.0,1219968000
A2A33KJUP7T2FK,B00199LDRA,5.0,1219881600
AY3D7DG5L5WCK,B00199LDRA,4.0,1219708800
A1P0JSFW184ZXJ,B00199LDRA,4.0,1219881600
A1Z0LTKUA6F94D,B00199LDRA,3.0,1221868800
A381MT950I6KRL,B00199LDRA,3.0,1219795200
A1ZGHA3IJV01BK,B00199LDRA,4.0,1219795200
A11LNY2OLQSUSV,B00199LDRA,5.0,1221609600
A1WSQ0QRWQC7VI,B00199LDRA,4.0,1229126400
A2S26YGSVXBCFL,B00199LDRA,2.0,1219708800
A3A90CELVLOUP6,B00199LDRA,3.0,1221523200
A2YB7DLC3FOR7W,B00199LDRA,5.0,1219708800
A1ZZR25X0CNOJX,B00199LDRA,5.0,1219708800
AGFW667QNHDOY,B00199LDRA,4.0,1220227200
A1GNYV0RA0EQSS,B00199LDRA,1.0,1224115200
A30Z0GG96D11EO,B00199LDRA,5.0,1220400000
A16Z2OECAUX8Z4,B0019GEU5K,4.0,1377734400
A3EK2KTYHJCPB9,B0019GEU5K,4.0,1375401600
A11OTLEDSW8ZXD,B0019GEU5K,4.0,1374969600
A3NHUQ33CFH3VM,B0019GEU5K,5.0,1375920000
ACJT8MUC0LRF0,B0019GEU5K,5.0,1376006400
A36MP37DITBU6F,B0019GEU5K,5.0,1374969600
A3R5GTYQ50QVMD,B0019GEU5K,2.0,1375315200
A1ZU55TM45Y2R8,B0019GEU5K,4.0,1374624000
AYB4ELCS5AM8P,B0019GEU5K,4.0,1374969600
A3ORV1QBL4K9U1,B0019GEU5K,4.0,1374710400
A6B92PTV0Z1SU,B0019GEU5K,5.0,1376524800
A11I1I9QLMAM1A,B0019GEU5K,5.0,1375920000
A2YQ2ZI65F37N8,B0019GEU5K,3.0,1375228800
A16YU3GRGCD95S,B0019GEU5K,5.0,1376352000
A2V92F5R7MLCVI,B0019GEU5K,1.0,1377734400
A2RW587355CMVA,B001CE0N5U,3.0,1292457600
A3G5MOHY1U635N,B001CE0N5U,4.0,1305763200
A2877AOHJFZI0E,B001CE0N5U,3.0,1291507200
A279FUL12R7MBD,B001CE0N5U,5.0,1296172800
A3EK2KTYHJCPB9,B001CE0N5U,3.0,1292889600
A2K89R0B20LYHB,B001CE0N5U,5.0,1291852800
A279A4Y2N1CQ26,B001CE0N5U,4.0,1294617600
ACVDL5QRCOPE1,B001CE0N5U,3.0,1298505600
AR5SY32T76DBM,B001CE0N5U,5.0,1292976000
A2XA8CW5DF4MNZ,B001CE0N5U,5.0,1296345600
A26EQ8U96JA92T,B001CE0N5U,5.0,1292889600
A3DZFEICHK5LF2,B001CE0N5U,3.0,1313366400
A3U41ZL33SS92P,B001CE0N5U,3.0,1298764800
A3L2KYOYDWSRPL,B001CE0N5U,2.0,1292976000
AC1YLEFC9AN5X,B001CE0N5U,3.0,1294185600
A1VF5HRCDF99CF,B001CE0N5U,5.0,1292457600
A3IOKEFDAYOAED,B001CE0N5U,5.0,1290470400
AX7317G153T8W,B001CE0N5U,4.0,1292371200
A3P8ZDHC7XSKSE,B001CE0N5U,3.0,1291161600
A277TO3PKKNYDH,B001CE0N5U,4.0,1291680000
A3NEAETOSXDBOM,B001CE0N5U,5.0,1291075200
A2JXCOUGYS5Y4J,B001KCUC5U,4.0,1340150400
A1486KL0IOM7VM,B001KCUC5U,4.0,1340496000
AP6L54VTCJKCQ,B001KCUC5U,3.0,1340841600
AAH603Y3Y8QL7,B001KCUC5U,5.0,1338422400
A1HBC0NBQJHT7X,B001KCUC5U,4.0,1341446400
A3JPFWKS83R49V,B001KCUC5U,3.0,1338681600
A1UHKF1UQ3EGW4,B001KCUC5U,5.0,1337990400
A12PN254PTSGU5,B001KCUC5U,3.0,1342396800
A279A4Y2N1CQ26,B001KCUC5U,4.0,1365292800
A3R9X003XW0LNR,B001KCUC5U,4.0,1341964800
A2ME89MSWVG9NF,B001KCUC5U,4.0,1338508800
A36MP37DITBU6F,B001KCUC5U,5.0,1340236800
AG8E2F0G98ZTB,B001KCUC5U,3.0,1350518400
A336FE20YZZL3A,B001KCUC5U,4.0,1338076800
A2UBSGFCP2QFNV,B001KCUC5U,5.0,1344470400
ACYR6O588USK,B001KCUC5U,3.0,1341792000
AWH2AY17ZU7W2,B001KCUC5U,5.0,1339632000
A14X244VGHWPSX,B001KCUC5U,4.0,1340928000
A2NMQWBDWT3SQF,B001KCUC5U,2.0,1343174400
AY3EENC2BGTGK,B001KCUC5U,3.0,1338681600
AHRNDSKWH1YBT,B001KCUC5U,4.0,1340236800
A1NIGUK4M2ST8,B001KCUC5U,4.0,1340150400
A1GQRGB8FGSLIZ,B001KCUC5U,4.0,1340064000
A1WSQ0QRWQC7VI,B001KCUC5U,3.0,1339632000
AY1EF0GOH80EK,B001KCUC5U,3.0,1342483200
AQZ4PHIEEV5N5,B001KCUC5U,3.0,1342569600
A1JOANG98KBFKU,B001KCUC5U,4.0,1340841600
A23KACXOE9O9TX,B001KCUC5U,3.0,1337817600
A29VG90T649CSU,B001KCUC5U,4.0,1358640000
A1E5WXNTI7EO2A,B001KCUC5U,5.0,1354147200
A12E0Y0J6584RT,B001KCUC5U,4.0,1338422400
A343Y76WJTBYP6,B001KCUC5U,5.0,1339459200
A33PVCHCQ2BTN0,B001KCUC5U,4.0,1339027200
A2NVQZ4Y7Y0J1R,B001KCUC5U,3.0,1343088000
A32QWD5DEY4LDU,B001KCUC5U,4.0,1338595200
A2H667ZUNLNTF1,B001KCUC5U,4.0,1338508800
A3QD59N3M7O7KB,B001KCUC5U,3.0,1339372800
A39H1GO9E3YQIB,B001R6AFLK,4.0,1357776000
A1QG13XG3EO2CX,B001R6AFLK,4.0,1353888000
A3NOBH42C7UI5M,B001R6AFLK,4.0,1359072000
A2877AOHJFZI0E,B001R6AFLK,5.0,1355616000
A36BQWQPYU6FRM,B001R6AFLK,4.0,1358985600
A2I3TKKHF6INI6,B001R6AFLK,4.0,1355011200
A1FDV3WPOHREY9,B001R6AFLK,5.0,1354665600
A3MEMX0XF00TBD,B001R6AFLK,5.0,1357776000
A1KSNK256G46GX,B001R6AFLK,4.0,1353369600
A5K3CK2PWYQ7O,B001R6AFLK,4.0,1357344000
A194K60CWZ371J,B001R6AFLK,5.0,1354492800
A375NF45A1MDWI,B001R6AFLK,4.0,1357689600
ATJE929ETFFNH,B001R6AFLK,4.0,1353974400
A1C4J5MRES1KRK,B001R6AFLK,5.0,1357171200
A14X244VGHWPSX,B001R6AFLK,5.0,1367280000
AJ3K3HKR9UFVN,B001R6AFLK,5.0,1358467200
A3HAA7H8PBVM78,B001R6AFLK,5.0,1354752000
A1DY0CRKZEY0FB,B001R6AFLK,5.0,1358812800
AHQ13I9CI4US6,B001R6AFLK,5.0,1357430400
A1ZGHA3IJV01BK,B001R6AFLK,5.0,1355961600
A1FWFCJU2G7TRA,B001R6AFLK,5.0,1354492800
ARARUVZ8RUF5T,B001R6AFLK,4.0,1353715200
A3T7XVG3AXJF61,B001R6AFLK,5.0,1363219200
A2VYA302TO2K1C,B001R6AFLK,5.0,1353369600
A23TGI02RB7JC,B001R6AFLK,5.0,1356566400
A36EW68H08UOCS,B001R6AFLK,5.0,1355097600
A3RYSRBRTZB0JD,B001R6AFLK,5.0,1353456000
A8IF4ZBZRY86C,B001R6AFLK,5.0,1355961600
AG71XMQGQ2UTJ,B001R6AFLK,5.0,1354233600
A2YV6F6DLENNTM,B001R6AFLK,5.0,1354492800
AYNTULRNAIPNY,B001R6AFLK,4.0,1362009600
A9XX8OHS2ZQ2X,B001R6AFLK,5.0,1359849600
A2XSY4L7GDHV4W,B001R6AFLK,5.0,1357084800
A12E0Y0J6584RT,B001R6AFLK,5.0,1357430400
A14RYRR7ETV3UY,B001R6AFLK,5.0,1354406400
A1M0OSCFOAMAZO,B001R6AFLK,4.0,1354147200
A3K91X9X2ARDOK,B001R6AFLK,4.0,1354147200
A19JDXB5R33C7R,B001R6AFLK,5.0,1354838400
A2JXCOUGYS5Y4J,B001VG7USC,5.0,1350518400
A3HUC8541SJ6UT,B001VG7USC,3.0,1348617600
A2PFCO5ON4N2UP,B001VG7USC,4.0,1349049600
A2FS38D943KX12,B001VG7USC,4.0,1350432000
A16EIVIBBXFAQ0,B001VG7USC,4.0,1350518400
A89ZZKNDFQH23,B001VG7USC,5.0,1350259200
A1UFLVSJ3IRETQ,B001VG7USC,5.0,1351468800
A3BTL4FV6ODKAT,B001VG7USC,5.0,1356480000
A26NMTIHEUM65Z,B001VG7USC,3.0,1366070400
AL4SB31UAZLXL,B001VG7USC,4.0,1349395200
A5H8NA5CJ0FK4,B001VG7USC,4.0,1349222400
A29534U2P9CLNR,B001VG7USC,5.0,1352937600
A1BAJ6JXU8PSZH,B001VG7USC,4.0,1349568000
A19JGPUJAX048H,B001VG7USC,5.0,1350518400
AT1RF4WNPGGLC,B001VG7USC,5.0,1349827200
A23KDA686N6T4Y,B001VG7USC,4.0,1349568000
A22CW0ZHY3NJH8,B001VG7USC,4.0,1350518400
AUV3OR951650C,B001VG7USC,5.0,1352937600
A3R33KMESG0XGQ,B001VG7USC,4.0,1349049600
A17M1HL6U2GS7M,B001VG7USC,4.0,1351555200
A3FQZH8PJB535A,B001VG7USC,5.0,1352937600
A13WEKTB63G78Y,B001VG7USC,4.0,1350691200
A2NVQZ4Y7Y0J1R,B001VG7USC,4.0,1348790400
A5X1B2HBQUR3P,B001VG7USC,4.0,1351382400
A1XWX7QTBR3UPV,B001VG7USC,2.0,1352073600
A12O5SEIF162P8,B001VG7USC,4.0,1353024000
A3I1BJIFFM4S21,B001VNUYKG,5.0,1350172800
A1I7QGUDP043DG,B001VNUYKG,5.0,1349308800
A1WKQ94M45D8MG,B001VNUYKG,5.0,1350864000
A35IX2GE0VC0JP,B001VNUYKG,4.0,1356566400
A336FE20YZZL3A,B001VNUYKG,5.0,1351123200
A1BKJNAWJT2TG2,B001VNUYKG,5.0,1350604800
A17V2N0N8CXSA9,B001VNUYKG,4.0,1350432000
A1V3PCKVCJ3TTZ,B001VNUYKG,5.0,1349136000
A97H5I4P5PCEM,B001VNUYKG,4.0,1349049600
A1KGWUYXUBEMB2,B001VNUYKG,4.0,1349308800
A1DY0CRKZEY0FB,B001VNUYKG,3.0,1357948800
A31AVXMESQRQAC,B001VNUYKG,3.0,1350345600
A3T7XVG3AXJF61,B001VNUYKG,4.0,1353283200
A2KFWHHUFVKFXZ,B001VNUYKG,4.0,1351036800
A2DA2NJZ2RIYAB,B001VNUYKG,5.0,1350691200
A11LNY2OLQSUSV,B001VNUYKG,5.0,1353283200
AY1EF0GOH80EK,B001VNUYKG,4.0,1350172800
A199FRO0YFMGED,B001VNUYKG,5.0,1353369600
A2ULQOGN59LDNK,B001VNUYKG,4.0,1358553600
AB0TLNLNOAGY4,B001VNUYKG,4.0,1351123200
A1R1BFJCMWX0Y3,B001VNUYKG,3.0,1353456000
AUCXT9K30SHYF,B001VNUYKG,5.0,1350259200
A2Q8GFSEUSGJ51,B001VNUYKG,2.0,1348704000
A2G04D4QZAXL15,B001VNUYKG,5.0,1350086400
A2D4FQHV506EPB,B001W9AM1K,4.0,1338854400
A319Y83RT0MRVR,B001W9AM1K,4.0,1363737600
A1II2ZRPKZAQQD,B001W9AM1K,2.0,1338336000
ANCOMAI0I7LVG,B001W9AM1K,1.0,1343865600
A3JPFWKS83R49V,B001W9AM1K,1.0,1341705600
A2IMZNPSJGB2HQ,B001W9AM1K,2.0,1350518400
AOGN1F0Q3HW86,B001W9AM1K,5.0,1337731200
A3AGWRMHKLFLWR,B001W9AM1K,3.0,1342742400
A26OPNLJ0JYHPH,B001W9AM1K,1.0,1353974400
AO2AQRPPSTABB,B001W9AM1K,4.0,1341014400
ABMX8XUNPR3LP,B001W9AM1K,2.0,1338854400
A8KM4YOB8FGGH,B001W9AM1K,5.0,1340236800
A1F5O1USOUOOXI,B001W9AM1K,5.0,1338422400
A1R2JUOGIYH6HO,B001W9AM1K,2.0,1339632000
AUCOL2XUE1IX7,B001W9AM1K,3.0,1340755200
A33HIV8RXRDM88,B001W9AM1K,1.0,1348012800
A4KJTS5P78ICU,B001W9AM1K,3.0,1351036800
A3K4AJLVHAH4OZ,B001W9AM1K,5.0,1338854400
AHRNDSKWH1YBT,B001W9AM1K,3.0,1343088000
A136LRUR0RDH9J,B001W9AM1K,3.0,1339027200
A3212H6SF9W1LV,B001W9AM1K,2.0,1337817600
A2QDOJFFLFGF18,B001W9AM1K,5.0,1340841600
AGEKVD8JPZQMT,B001W9AM1K,3.0,1340064000
A3FWVV13DJELLV,B001W9AM1K,1.0,1338768000
A1UCPXUBSESD65,B001W9AM1K,4.0,1340323200
A2ZKQC0XCIIAEM,B001W9AM1K,4.0,1338422400
A2V98TS4QDDCG9,B001W9AM1K,1.0,1337817600
A2JVBJUU2DL0WA,B001W9AM1K,1.0,1339545600
A2IJ54FX1L83WK,B001W9AM1K,1.0,1339372800
A27ADCSD15F3GL,B001W9AM1K,5.0,1342569600
APDPA11IZPYLN,B001W9AM1K,4.0,1340841600
A1MRRMHGV3PN5W,B001W9AM1K,4.0,1340323200
A1VLVWTLV3LVHR,B001W9AM1K,5.0,1340236800
AIVZMEFEAGF3,B001W9AM1K,2.0,1337731200
A3QD59N3M7O7KB,B001W9AM1K,3.0,1340150400
AQB4DH57MSZSC,B0026TJYY6,5.0,1292371200
A2RX62V4E2BF5Z,B0026TJYY6,5.0,1304294400
A1MZEMD0EDETS6,B0026TJYY6,5.0,1294531200
A1FDV3WPOHREY9,B0026TJYY6,5.0,1290988800
A36MP37DITBU6F,B0026TJYY6,5.0,1292976000
A3R7RE5O61M112,B0026TJYY6,4.0,1292371200
A215WH6RUDUCMP,B0026TJYY6,5.0,1291075200
A14X244VGHWPSX,B0026TJYY6,4.0,1291766400
A2T7GZ74MZI0MN,B0026TJYY6,4.0,1295395200
A26EQ8U96JA92T,B0026TJYY6,5.0,1293062400
A1ZGHA3IJV01BK,B0026TJYY6,4.0,1292371200
A9NXTC0HTPSDO,B0026TJYY6,5.0,1295049600
A1UQUDT2Q0YENM,B0026TJYY6,3.0,1297382400
A1W4F91DH3XPB2,B0026TJYY6,5.0,1296000000
A1ONZ8JRPLBNUI,B0026TJYY6,5.0,1298419200
AX7317G153T8W,B0026TJYY6,4.0,1292112000
A2ULQOGN59LDNK,B0026TJYY6,5.0,1290816000
A2I4A4WGWII18Z,B0026TJYY6,5.0,1290816000
A3SQQYS79AV13M,B0026TJYY6,5.0,1290988800
A3JLOIXFM75QNV,B0026TJYY6,4.0,1365638400
AFTFND8CPQ34M,B002AHOY94,5.0,1326931200
A2HC9549CZAKNN,B002AHOY94,5.0,1322611200
A2FS38D943KX12,B002AHOY94,4.0,1326931200
ATS7LYGLUX34L,B002AHOY94,3.0,1331424000
AY3D7DG5L5WCK,B002AHOY94,5.0,1329868800
A215WH6RUDUCMP,B002AHOY94,5.0,1324771200
A3PE884TA8529G,B002AHOY94,4.0,1326931200
A1SB9BNNGKNX2Z,B002AHOY94,4.0,1323043200
A31AVXMESQRQAC,B002AHOY94,5.0,1329264000
A1KDM0N4UCEPHA,B002AHOY94,4.0,1326844800
A2B3A8NQIHITO8,B002AHOY94,4.0,1322352000
A1JOANG98KBFKU,B002AHOY94,3.0,1331856000
A3EM243NDJ4DF3,B002AHOY94,5.0,1322352000
A1P27BGF8NAI29,B002DHC6FA,3.0,1266969600
A3NOBH42C7UI5M,B002DHC6FA,5.0,1261440000
A3LMPD1ZQTWOC4,B002DHC6FA,4.0,1261526400
A2TXMYYGSZCSZ1,B002DHC6FA,5.0,1262044800
AQB4DH57MSZSC,B002DHC6FA,5.0,1261612800
A3I1BJIFFM4S21,B002DHC6FA,2.0,1263081600
A1ZGXZW37JEZWH,B002DHC6FA,5.0,1261699200
A3BZUQXA2QHDI2,B002DHC6FA,4.0,1262390400
A3HUC8541SJ6UT,B002DHC6FA,4.0,1263168000
A2VAD79S4A06DD,B002DHC6FA,5.0,1262649600
A3JPFWKS83R49V,B002DHC6FA,4.0,1261612800
AN9J46667D80O,B002DHC6FA,4.0,1261612800
AYOMAHLWRQHUG,B002DHC6FA,5.0,1261440000
A7OTTM22AV2VR,B002DHC6FA,4.0,1264291200
A3U5CZ3PV82JXD,B002DHC6FA,4.0,1262390400
A10ZBR6O8S8OCY,B002DHC6FA,4.0,1263168000
A1IBKN1GXYJ3K4,B002DHC6FA,4.0,1262476800
AR33KU52LIBF1,B002DHC6FA,5.0,1365120000
ACVDL5QRCOPE1,B002DHC6FA,4.0,1266451200
A2FWZ58M6IQMD7,B002DHC6FA,5.0,1263859200
A1TS45JWJVOSSW,B002DHC6FA,4.0,1262563200
A1S52XH2CS4Y26,B002DHC6FA,5.0,1262822400
AG8E2F0G98ZTB,B002DHC6FA,4.0,1264032000
A31HE83MU98GBV,B002DHC6FA,5.0,1264032000
A235NA61RC6YC1,B002DHC6FA,5.0,1262476800
ACYR6O588USK,B002DHC6FA,5.0,1264032000
A17771LTRWSKQ5,B002DHC6FA,5.0,1262908800
A2ZJPDH0YP90SD,B002DHC6FA,5.0,1261180800
A22S7D0LP8GRDH,B002DHC6FA,5.0,1264032000
A1VYFEJM12ZP11,B002DHC6FA,5.0,1261958400
AKMEY1BSHSDG7,B002DHC6FA,5.0,1268611200
A14DNCG5WHM86Z,B002DHC6FA,3.0,1267056000
A26EQ8U96JA92T,B002DHC6FA,4.0,1262563200
A18GJ9MYYO6GCQ,B002DHC6FA,4.0,1261872000
A4SD8F79JBYG2,B002DHC6FA,2.0,1264032000
A3KCKECEO3E2AN,B002DHC6FA,4.0,1263945600
AJQDIT55SZ3ZX,B002DHC6FA,4.0,1261440000
AX7QMRXX81L9K,B002DHC6FA,4.0,1263686400
A2R1HUYHXV7H18,B002DHC6FA,4.0,1264032000
A23WE733QT4WGJ,B002DHC6FA,4.0,1264550400
A2V5R832QCSOMX,B002DHC6FA,5.0,1261526400
AY1I85LLDMETC,B002DHC6FA,5.0,1261958400
A1PI8VBCXXSGC7,B002DHC6FA,5.0,1261440000
A226GFM0Q9L37H,B002DHC6FA,5.0,1265932800
A26SO3TOT2TLJE,B002DHC6FA,5.0,1261612800
A1W4F91DH3XPB2,B002DHC6FA,4.0,1262822400
A2S26YGSVXBCFL,B002DHC6FA,3.0,1261699200
A3EJ8XHVDC0CWH,B002DHC6FA,5.0,1262390400
A376OJHLE6SU9Q,B002DHC6FA,4.0,1261785600
A1Q7A78VSQ5GQ4,B002DHC6FA,3.0,1263772800
A307YFSORUAXSQ,B002DHC6FA,5.0,1264032000
AQZ4PHIEEV5N5,B002DHC6FA,1.0,1263340800
A15CL28ALB7MTZ,B002DHC6FA,5.0,1262044800
A3CHIF3EHXCLA5,B002DHC6FA,4.0,1264032000
AAU0G40ZN5RIL,B002DHC6FA,5.0,1262131200
A2068BC3ZXAVJQ,B002DHC6FA,4.0,1263945600
A24ZMNWTW8AQUR,B002DHC6FA,5.0,1263254400
APDPA11IZPYLN,B002DHC6FA,4.0,1266364800
A2B7BUH8834Y6M,B002DHC6FA,5.0,1264032000
A1ZZR25X0CNOJX,B002DHC6FA,3.0,1262822400
A2VWE5SGNDS8HW,B002DHC6FA,5.0,1261612800
A16YU3GRGCD95S,B002DHC6FA,5.0,1262736000
A1VLVWTLV3LVHR,B002DHC6FA,5.0,1262217600
A3D5B2CBFNJB0K,B002DHC6FA,5.0,1263945600
A3JLOIXFM75QNV,B002DHC6FA,4.0,1263254400
A3G7BEJJCPD6DS,B002DHC6FA,4.0,1263772800
A30Z0GG96D11EO,B002DHC6FA,3.0,1263859200
A2V0I904FH7ABY,B002DHC6FA,3.0,1263859200
A357B3PUHSVQA,B002DHC6FA,4.0,1264032000
A188JOXWF4EY1R,B002JSM3KQ,4.0,1383609600
A2JXCOUGYS5Y4J,B002JSM3KQ,5.0,1384905600
A30H2335OM7RD6,B002JSM3KQ,5.0,1317513600
AN9J46667D80O,B002JSM3KQ,4.0,1385337600
A1H88L8X6HM1BQ,B002JSM3KQ,5.0,1384300800
ALQMZVXPJ0Y3A,B002JSM3KQ,4.0,1382400000
A36S5U0QOWMOSX,B002JSM3KQ,5.0,1385510400
A13KNCFLH0IH2G,B002JSM3KQ,5.0,1382745600
A10Z8FC0SMU5VQ,B002JSM3KQ,5.0,1382486400
A1TS45JWJVOSSW,B002JSM3KQ,4.0,1382400000
A375NF45A1MDWI,B002JSM3KQ,5.0,1382918400
A3VBXQKRM7A4JR,B002JSM3KQ,4.0,1382572800
A3USZS8Q4GOKGE,B002JSM3KQ,5.0,1382400000
A26NMTIHEUM65Z,B002JSM3KQ,5.0,1382918400
A1XDMYX8QOW07N,B002JSM3KQ,5.0,1385510400
A8WEXFRWX1ZHH,B002JSM3KQ,5.0,1383264000
A3PJZ8TU8FDQ1K,B002JSM3KQ,5.0,1384646400
A2065HBMYDXJ1S,B002JSM3KQ,5.0,1383868800
A18GJ9MYYO6GCQ,B002JSM3KQ,5.0,1382572800
A4SD8F79JBYG2,B002JSM3KQ,5.0,1385596800
ABSYIF0ONC2AF,B002JSM3KQ,5.0,1382486400
A398R165PXFOSS,B002JSM3KQ,5.0,1385164800
ALDV8DDZWWPYE,B002JSM3KQ,5.0,1382572800
A3QD7VWBD470D2,B002JSM3KQ,5.0,1385424000
AG71XMQGQ2UTJ,B002JSM3KQ,4.0,1385510400
A3P8ZDHC7XSKSE,B002JSM3KQ,5.0,1384041600
A2MW90O3P2GOO5,B002JSM3KQ,5.0,1382400000
A3LKLGZZ8OWR51,B002JSM3KQ,5.0,1385424000
AD34TCPEP7P84,B002JSM3KQ,5.0,1386115200
A208U42GARHSOR,B002JSM3KQ,4.0,1384128000
A3SQQYS79AV13M,B002JSM3KQ,5.0,1382486400
A32QWD5DEY4LDU,B002JSM3KQ,5.0,1384128000
A1Q1T811N4IY3Z,B002JSM3KQ,5.0,1384732800
AVHN134ADVP4R,B002NPBT50,5.0,1351900800
A2RIAXGSBP65BJ,B002NPBT50,3.0,1358294400
A1F7YU6O5RU432,B002NPBT50,4.0,1304380800
A39Q9G7J70A056,B002NPBT50,5.0,1353369600
A2TXMYYGSZCSZ1,B002NPBT50,4.0,1358294400
A30H2335OM7RD6,B002NPBT50,5.0,1325289600
A2ZPZM9RE08JXF,B002NPBT50,4.0,1351641600
A3BZUQXA2QHDI2,B002NPBT50,5.0,1354147200
A1S7YQQGJPPFLG,B002NPBT50,5.0,1352764800
ABSFFH7ECSE49,B002NPBT50,4.0,1351296000
AYOMAHLWRQHUG,B002NPBT50,4.0,1351468800
A1IBKN1GXYJ3K4,B002NPBT50,5.0,1358380800
A34GM17T6WTJDK,B002NPBT50,4.0,1351900800
A397CWU6DM3O5G,B002NPBT50,5.0,1351123200
ARADXCOUVBS09,B002NPBT50,4.0,1356566400
A17771LTRWSKQ5,B002NPBT50,5.0,1327622400
A3AGWRMHKLFLWR,B002NPBT50,5.0,1351123200
A27X7XXOKMK879,B002NPBT50,4.0,1354233600
A1VYFEJM12ZP11,B002NPBT50,4.0,1354752000
A5GPH59NDWJRB,B002NPBT50,5.0,1351123200
A3M6KV5PDU46YI,B002NPBT50,5.0,1353024000
A34CSXOGVYF94S,B002NPBT50,5.0,1351296000
A37R3P5JFNQG8S,B002NPBT50,5.0,1351123200
A1EVV74UQYVKRY,B002NPBT50,5.0,1260489600
A3NDUBKYPI47N2,B002NPBT50,5.0,1352937600
A11LNY2OLQSUSV,B002NPBT50,5.0,1366761600
A1R6DKN9YQ2YU1,B002NPBT50,4.0,1351123200
AHRNDSKWH1YBT,B002NPBT50,4.0,1352246400
A3M2O06MCHJG18,B002NPBT50,4.0,1353369600
A3GMVCTJTHYG1F,B002NPBT50,5.0,1351382400
A1XVF5DU3N05OM,B002NPBT50,4.0,1351468800
A3Q9HY0LU7MN6E,B002NPBT50,5.0,1351555200
A1ODOGXEYECQQ8,B002NPBT50,4.0,1351987200
A3TIJLY4VX8CH3,B002NPBT50,5.0,1351641600
A3R33KMESG0XGQ,B002NPBT50,5.0,1362441600
A2BZ16RKE13PKV,B002NPBT50,5.0,1350950400
A2I4A4WGWII18Z,B002NPBT50,5.0,1351728000
A2WW57XX2UVLM6,B002NPBT50,5.0,1350950400
A15JB2HEZ6RKGW,B002NPBT50,2.0,1356393600
A3SBZAOPPY40IT,B002NPBT50,5.0,1351036800
AUEW0SKOB1XYF,B002VBXPRQ,5.0,1295568000
A1BXVZSQOJE6UE,B002VBXPRQ,2.0,1294012800
A1M5ZT35YX6TIN,B002VBXPRQ,4.0,1290384000
A3R7RE5O61M112,B002VBXPRQ,1.0,1288224000
A244CRJ2QSVLZ4,B002VBXPRQ,2.0,1290729600
A3TWBW1B17R151,B002VBXPRQ,4.0,1291334400
A1WSQ0QRWQC7VI,B002VBXPRQ,1.0,1295654400
A3TIJLY4VX8CH3,B002VBXPRQ,4.0,1289001600
AQ1F3NP2G15S5,B002VBXPRQ,1.0,1292976000
ARPB88E6F2MFR,B002VBXPRQ,4.0,1290384000
A2V9DTXTQ5YIMK,B002YIV1AE,5.0,1384300800
A1II2ZRPKZAQQD,B002YIV1AE,5.0,1384214400
A1UYMXFON06KQ6,B002YIV1AE,5.0,1384992000
A279A4Y2N1CQ26,B002YIV1AE,4.0,1384041600
A2Y5T1O43P14RP,B002YIV1AE,4.0,1385510400
A2KIVODZRTGY4U,B002YIV1AE,4.0,1385510400
A2LO1YE4Q0N4F,B002YIV1AE,5.0,1387065600
A26EQ8U96JA92T,B002YIV1AE,5.0,1383350400
A1GUX6R8DV3ZLY,B002YIV1AE,5.0,1382659200
AP8D74QD9LUUL,B002YIV1AE,5.0,1383523200
AOEUN9718KVRD,B002YIV1AE,4.0,1382572800
A231LBC8EGPO5L,B002YIV1AE,5.0,1382313600
ARPB88E6F2MFR,B002YIV1AE,4.0,1382486400
A81XIM8XFKWX5,B002YIV1AE,5.0,1383264000
A2ECTCPBTOGW4H,B00349MPQQ,5.0,1385510400
A2JXCOUGYS5Y4J,B00349MPQQ,5.0,1384905600
A318IDAWJ9ZYAY,B00349MPQQ,5.0,1385510400
A16PUD6V3KAZ0Q,B00349MPQQ,4.0,1385510400
A3IKLTT9JQACCI,B00349MPQQ,5.0,1382486400
A1NOBRCN20NGD5,B00349MPQQ,5.0,1384992000
A36BQWQPYU6FRM,B00349MPQQ,4.0,1382572800
A1H88L8X6HM1BQ,B00349MPQQ,5.0,1384300800
ALQMZVXPJ0Y3A,B00349MPQQ,4.0,1382400000
A7OTTM22AV2VR,B00349MPQQ,5.0,1385510400
A13KNCFLH0IH2G,B00349MPQQ,5.0,1382745600
A10Z8FC0SMU5VQ,B00349MPQQ,5.0,1382486400
A1UFLVSJ3IRETQ,B00349MPQQ,5.0,1385424000
A3VBXQKRM7A4JR,B00349MPQQ,4.0,1382659200
AG8E2F0G98ZTB,B00349MPQQ,5.0,1382659200
A26NMTIHEUM65Z,B00349MPQQ,5.0,1382918400
A3GS7OZXUEW48R,B00349MPQQ,4.0,1384646400
A2UBSGFCP2QFNV,B00349MPQQ,5.0,1385510400
A277GP2U2TXH51,B00349MPQQ,4.0,1383091200
A2WB4OWBUH2VQX,B00349MPQQ,4.0,1384387200
A2065HBMYDXJ1S,B00349MPQQ,4.0,1383868800
A13BX9O5UDBILC,B00349MPQQ,4.0,1383436800
AA8F2HV4DPV2T,B00349MPQQ,5.0,1385510400
A2RKI7RPP5CJMG,B00349MPQQ,5.0,1383004800
A1I2U8NT5J6P1N,B00349MPQQ,5.0,1382659200
A186697K4XKXQL,B00349MPQQ,4.0,1383782400
A35NOFKHK8P2LU,B00349MPQQ,5.0,1383177600
A17SZZO9LM3WYC,B00349MPQQ,5.0,1383004800
A5BJMAHZWGJ7N,B00349MPQQ,4.0,1383091200
A1Y32FBX45NCNL,B00349MPQQ,5.0,1385510400
A3Q9HY0LU7MN6E,B00349MPQQ,5.0,1383177600
A2IJ54FX1L83WK,B00349MPQQ,5.0,1383609600
A6B92PTV0Z1SU,B00349MPQQ,5.0,1287878400
A3P8ZDHC7XSKSE,B00349MPQQ,5.0,1383868800
A23KACXOE9O9TX,B00349MPQQ,4.0,1383091200
A3R33KMESG0XGQ,B00349MPQQ,5.0,1385424000
ATS7LYGLUX34L,B0034N7OZO,3.0,1381622400
A2QX49LS3Y3ANI,B0034N7OZO,4.0,1380585600
A3VBXQKRM7A4JR,B0034N7OZO,4.0,1378684800
A2P739KOM4U5JB,B0034N7OZO,4.0,1381276800
AKCZIJ6ZHE41D,B0034N7OZO,4.0,1379808000
A34CSXOGVYF94S,B0034N7OZO,3.0,1377388800
A18GJ9MYYO6GCQ,B0034N7OZO,5.0,1377302400
A17SZZO9LM3WYC,B0034N7OZO,5.0,1378771200
A3QBCX2QMKJ7AH,B0034N7OZO,5.0,1379808000
A3SBZAOPPY40IT,B0034N7OZO,4.0,1380758400
AVHN134ADVP4R,B0036RIMNQ,3.0,1283040000
AUEW0SKOB1XYF,B0036RIMNQ,4.0,1285286400
A2FRKEXDXDN1KI,B0036RIMNQ,4.0,1280275200
A30IP3E4MDQ36,B0036RIMNQ,4.0,1279584000
A1P0JSFW184ZXJ,B0036RIMNQ,5.0,1282176000
ASGI7E0AJ8H5X,B0036RIMNQ,3.0,1287619200
A2SDRCBPIAXVDW,B0036RIMNQ,3.0,1281744000
A2VHCA21QKNEKE,B0036RIMNQ,5.0,1280448000
A2NBCCFDISGUQT,B0036RIMNQ,4.0,1293235200
A22CW0ZHY3NJH8,B0036RIMNQ,4.0,1279756800
AQRN2I355LZ3F,B0036RIMNQ,4.0,1300320000
A24ZMNWTW8AQUR,B0036RIMNQ,2.0,1281916800
A8KJS2P6E5DCB,B0036RIMNQ,4.0,1279756800
A1VLVWTLV3LVHR,B0036RIMNQ,2.0,1281225600
A3VGAP2KLCBNBB,B0036RMD5Y,4.0,1287792000
A1IDAKX7OM3QIE,B0036RMD5Y,4.0,1287619200
A279FUL12R7MBD,B0036RMD5Y,4.0,1290470400
A3E7E854VCA4E7,B0036RMD5Y,4.0,1291680000
A1BXVZSQOJE6UE,B0036RMD5Y,4.0,1301875200
AY3D7DG5L5WCK,B0036RMD5Y,2.0,1323820800
A15D2X8MICR2VQ,B0036RMD5Y,3.0,1350604800
A2GA2SO3YK6CXI,B0036RMD5Y,2.0,1302912000
A1VXIY1511XQK2,B0036RMD5Y,5.0,1283558400
A3DZFEICHK5LF2,B0036RMD5Y,3.0,1356652800
AQYYUN3T7B0WM,B0036RMD5Y,2.0,1283385600
A1EVV74UQYVKRY,B0036RMD5Y,3.0,1316131200
A2NMQWBDWT3SQF,B0036RMD5Y,4.0,1285977600
A26SO3TOT2TLJE,B0036RMD5Y,5.0,1287878400
A20A523DFHLRBT,B0036RMD5Y,5.0,1288224000
A34W59GPOUKU8L,B0036RMD5Y,2.0,1284595200
A3TNM3C9ENUCFW,B0036RNWGI,4.0,1279929600
A2D7B5I7ZQ51XL,B0036RNWGI,4.0,1282176000
AZFHSPEZUPGD2,B0036RNWGI,4.0,1286668800
A1H88L8X6HM1BQ,B0036RNWGI,5.0,1281225600
A2A33KJUP7T2FK,B0036RNWGI,2.0,1282176000
A3SMD3T0QTN109,B0036RNWGI,3.0,1290124800
A2UBSGFCP2QFNV,B0036RNWGI,5.0,1281657600
A2WB4OWBUH2VQX,B0036RNWGI,3.0,1281139200
A3VI2VETB90ZG5,B0036RNWGI,3.0,1288828800
A1I2U8NT5J6P1N,B0036RNWGI,1.0,1324857600
A1FATTRIXTSTEB,B0036RNWGI,4.0,1279843200
A3R33KMESG0XGQ,B0036RNWGI,4.0,1299369600
ACAXV4V8PBCE3,B0036RNWGI,2.0,1280966400
A25HYPL2XKQPZB,B003774W6Q,4.0,1304899200
A2XYH8IHILWW7X,B003774W6Q,4.0,1285286400
A3NHUQ33CFH3VM,B003774W6Q,1.0,1284768000
AK8LOFYRZJJW0,B003774W6Q,4.0,1290470400
A36MP37DITBU6F,B003774W6Q,5.0,1285027200
A35IX2GE0VC0JP,B003774W6Q,4.0,1300233600
A22S7D0LP8GRDH,B003774W6Q,5.0,1292457600
A1KGWUYXUBEMB2,B003774W6Q,4.0,1290038400
A1EMN4T3ROJDOO,B003774W6Q,5.0,1300492800
A22B13EJTZKCTM,B003774W6Q,4.0,1286150400
A1VTBADV3JS1EC,B003774W6Q,5.0,1293408000
A13Z96HR8EEF24,B003774W6Q,4.0,1284681600
A3NOBH42C7UI5M,B0037BMCFU,3.0,1280534400
A2U83VDVJMAB2U,B0037BMCFU,5.0,1280102400
AA460WUKL3BC6,B0037BMCFU,5.0,1281052800
A18YMFFJW974QS,B0037BMCFU,5.0,1376611200
A2I3TKKHF6INI6,B0037BMCFU,3.0,1363824000
AKJHHD5VEH7VG,B0037BMCFU,5.0,1280016000
A3VBXQKRM7A4JR,B0037BMCFU,4.0,1280102400
A3C6CZC2JP67VK,B0037BMCFU,4.0,1290902400
A34CSXOGVYF94S,B0037BMCFU,4.0,1279756800
A3T7XVG3AXJF61,B0037BMCFU,5.0,1297555200
A1WBEIH7Z37LN9,B0037BMCFU,4.0,1282176000
AT28RL25Q2OLK,B0037BMCFU,5.0,1279670400
ARIDN94LOCQFD,B0037BMCFU,5.0,1282089600
A3FQZH8PJB535A,B0037BMCFU,4.0,1280880000
A1QK0XCAPHIW1L,B0037BMCFU,4.0,1279756800
ADZIJQN6MNRAB,B0037BMCFU,4.0,1279670400
A2J8DE8R94ZB02,B0037BMCFU,3.0,1281830400
A15JB2HEZ6RKGW,B0037BMCFU,4.0,1282003200
A3QD59N3M7O7KB,B0037BMCFU,4.0,1279497600
ADLVFFE4VBT8,B00385X51U,4.0,1314057600
A188JOXWF4EY1R,B00385X51U,3.0,1316649600
A2TXMYYGSZCSZ1,B00385X51U,5.0,1321920000
ATQ22E6YAUNXP,B00385X51U,1.0,1387756800
A3SMD3T0QTN109,B00385X51U,5.0,1317168000
A2E3NAL9ECE7VS,B00385X51U,4.0,1347408000
AGJRUK27RBVYS,B00385X51U,5.0,1314835200
A1ZPY91VE3IDN1,B00385X51U,3.0,1315872000
A27H9DOUGY9FOS,B00385X51U,2.0,1353888000
A1PI8VBCXXSGC7,B00385X51U,4.0,1315353600
A2GSY9DM54Y0HS,B00385X51U,4.0,1314403200
A112EC059ZZTJF,B00385X51U,5.0,1314144000
A379IB3EYAEL5,B00385X51U,4.0,1374537600
A1ITRGMT80D5TK,B00385X51U,5.0,1314921600
A30Z0GG96D11EO,B00385X51U,4.0,1331596800
A1POFVVXUZR3IQ,B00385X51U,4.0,1314144000
A3DIS5O83SQJWW,B0038M5ILI,3.0,1322870400
AC4XV78EJG1QB,B0038M5ILI,2.0,1314921600
A25HYPL2XKQPZB,B0038M5ILI,4.0,1352160000
A21VGNU5959O85,B0038M5ILI,3.0,1321920000
A2PFCO5ON4N2UP,B0038M5ILI,4.0,1314316800
ABSFFH7ECSE49,B0038M5ILI,5.0,1293580800
AXAJXJZUL2J5P,B0038M5ILI,4.0,1315440000
A27X7XXOKMK879,B0038M5ILI,3.0,1318204800
ABMX8XUNPR3LP,B0038M5ILI,2.0,1318291200
A3C6CZC2JP67VK,B0038M5ILI,4.0,1317168000
A3AG5QAT8L0I3R,B0038M5ILI,5.0,1315785600
A1PI8VBCXXSGC7,B0038M5ILI,4.0,1317600000
ATECU14VUIOJ0,B0038M5ILI,4.0,1314662400
A2JVBJUU2DL0WA,B0038M5ILI,4.0,1316217600
A3CIHP9FFPE9I3,B00393I2DM,4.0,1279756800
A19FRW264WZTGP,B00393I2DM,4.0,1279670400
A11B61QBGHLQDN,B00393I2DM,1.0,1279670400
A235NA61RC6YC1,B00393I2DM,4.0,1291248000
A2RME4353Y911C,B00393I2DM,4.0,1281657600
A2VRAT69JDAD3W,B00393I2DM,4.0,1279670400
A1SB9BNNGKNX2Z,B00393I2DM,4.0,1284940800
A3BAE79NXFDXGV,B00393I2DM,4.0,1280707200
A34W7QA4J5UTOR,B00393I2DM,4.0,1280188800
A38H4XCCPLRF93,B00393I2DM,5.0,1280188800
A2S26YGSVXBCFL,B00393I2DM,2.0,1294531200
AYNTULRNAIPNY,B00393I2DM,4.0,1282176000
A1FXY0GUFHEI59,B00393I2DM,5.0,1279584000
A1VABWDOUQLULZ,B00393I2DM,3.0,1279670400
A2I4A4WGWII18Z,B00393I2DM,4.0,1279584000
A2WW57XX2UVLM6,B00393I2DM,4.0,1280620800
A2V9DTXTQ5YIMK,B00393I3IG,4.0,1285113600
A319Y83RT0MRVR,B00393I3IG,5.0,1329350400
A19D3N662QS9WD,B00393I3IG,4.0,1285804800
AG2YXYIQ8TLTA,B00393I3IG,5.0,1291075200
A33PBU9EHZ28PC,B00393I3IG,4.0,1286582400
AK8LOFYRZJJW0,B00393I3IG,4.0,1287532800
A3FG0FQHNV2UP2,B00393I3IG,4.0,1285632000
AMS2CPERWN7JV,B00393I3IG,4.0,1342656000
AY3D7DG5L5WCK,B00393I3IG,4.0,1301616000
A35IX2GE0VC0JP,B00393I3IG,3.0,1351123200
A2VRAT69JDAD3W,B00393I3IG,4.0,1285027200
A3PE884TA8529G,B00393I3IG,4.0,1285804800
A5GPH59NDWJRB,B00393I3IG,4.0,1293580800
A6VSWJVTWEOII,B00393I3IG,4.0,1285632000
A19JGPUJAX048H,B00393I3IG,4.0,1285632000
A2QDOJFFLFGF18,B00393I3IG,4.0,1297641600
ALGI34BYWIXZG,B00393I3IG,5.0,1304294400
A1ODOGXEYECQQ8,B00393I3IG,4.0,1295827200
A105S56ODHGJEK,B00393I3IG,5.0,1294704000
A37D2TGTIXRV2N,B00393I3IG,4.0,1286668800
A1VTBADV3JS1EC,B00393I3IG,5.0,1285372800
AYNTULRNAIPNY,B00393I3IG,3.0,1285113600
A1FXY0GUFHEI59,B00393I3IG,4.0,1291334400
AFZJNYR931ZCN,B00393I3IG,4.0,1292457600
A1QK0XCAPHIW1L,B00393I3IG,4.0,1286496000
A3K93OWHKHGI9V,B00393I3IG,3.0,1287360000
A1Q1T811N4IY3Z,B00393I3IG,4.0,1286323200
A1ZGXZW37JEZWH,B0039MIPQC,4.0,1289260800
A3EK2KTYHJCPB9,B0039MIPQC,4.0,1288137600
A3F0OFSE2M25U2,B0039MIPQC,4.0,1294099200
A12PN254PTSGU5,B0039MIPQC,3.0,1290038400
A33PBU9EHZ28PC,B0039MIPQC,5.0,1290038400
A1FDV3WPOHREY9,B0039MIPQC,5.0,1288915200
A1BXVZSQOJE6UE,B0039MIPQC,4.0,1294876800
A3FG0FQHNV2UP2,B0039MIPQC,4.0,1289692800
AJX9A4Q19UTJU,B0039MIPQC,4.0,1290124800
A15D2X8MICR2VQ,B0039MIPQC,4.0,1288742400
AG8E2F0G98ZTB,B0039MIPQC,4.0,1292198400
A397CWU6DM3O5G,B0039MIPQC,4.0,1288656000
A27X7XXOKMK879,B0039MIPQC,4.0,1288224000
A22S7D0LP8GRDH,B0039MIPQC,2.0,1303344000
A2H1W8V6R9TJ9E,B0039MIPQC,4.0,1289520000
A1W7R5ZAGVOSVQ,B0039MIPQC,4.0,1289692800
A1Z0LTKUA6F94D,B0039MIPQC,4.0,1294272000
A8KM4YOB8FGGH,B0039MIPQC,4.0,1294185600
A1BK60GZ4QME6I,B0039MIPQC,3.0,1288310400
A2UEB48LAWFUCW,B0039MIPQC,3.0,1288742400
A381MT950I6KRL,B0039MIPQC,4.0,1292544000
A1ZGHA3IJV01BK,B0039MIPQC,5.0,1289865600
A3KCKECEO3E2AN,B0039MIPQC,3.0,1293062400
A2RKI7RPP5CJMG,B0039MIPQC,4.0,1289347200
A34W7QA4J5UTOR,B0039MIPQC,3.0,1289606400
A1GUX6R8DV3ZLY,B0039MIPQC,4.0,1288310400
A1IAQIZSXONWVU,B0039MIPQC,5.0,1289779200
AXR3CV6A4FMBG,B0039MIPQC,3.0,1292284800
ALDV8DDZWWPYE,B0039MIPQC,3.0,1292284800
A1GQRGB8FGSLIZ,B0039MIPQC,3.0,1291334400
AQZ4PHIEEV5N5,B0039MIPQC,5.0,1292112000
A1YAGM2QOSAAOT,B0039MIPQC,3.0,1290384000
ARPB88E6F2MFR,B0039MIPQC,4.0,1291939200
A1FXY0GUFHEI59,B0039MIPQC,2.0,1288137600
ADYZOSTF9LZLD,B0039MIPQC,4.0,1288224000
A3SQQYS79AV13M,B0039MIPQC,3.0,1287964800
A1C139F5C7Y38P,B0039MIPQC,3.0,1288137600
A1Q1T811N4IY3Z,B0039MIPQC,4.0,1289692800
A2V0I904FH7ABY,B0039MIPQC,4.0,1289433600
A3TNM3C9ENUCFW,B0039X2THM,3.0,1283212800
A2RX62V4E2BF5Z,B0039X2THM,3.0,1296172800
A3BTL4FV6ODKAT,B0039X2THM,3.0,1283472000
A2UBSGFCP2QFNV,B0039X2THM,4.0,1284595200
ACYR6O588USK,B0039X2THM,4.0,1284508800
A2XA8CW5DF4MNZ,B0039X2THM,5.0,1283299200
A24RCBRDXRXR0Y,B0039X2THM,3.0,1283126400
AZ515FFZ7I2P7,B0039X2THM,3.0,1282608000
A2R1HUYHXV7H18,B0039X2THM,4.0,1285027200
ADFLBRY00Y70G,B0039X2THM,3.0,1290384000
A2S26YGSVXBCFL,B0039X2THM,3.0,1282953600
A3Q9HY0LU7MN6E,B0039X2THM,3.0,1284336000
A2VAD79S4A06DD,B0039X6XZG,5.0,1282176000
AK8LOFYRZJJW0,B0039X6XZG,5.0,1282176000
A2A33KJUP7T2FK,B0039X6XZG,5.0,1282176000
A15D2X8MICR2VQ,B0039X6XZG,5.0,1279670400
A2WB4OWBUH2VQX,B0039X6XZG,4.0,1280275200
A26EQ8U96JA92T,B0039X6XZG,5.0,1290384000
A25C5MVVCIYT5D,B0039X6XZG,4.0,1282089600
A37D2TGTIXRV2N,B0039X6XZG,5.0,1281139200
ARPB88E6F2MFR,B0039X6XZG,5.0,1364342400
A3LGT6UZL99IW1,B0039X6XZG,1.0,1395878400
A2YQ2ZI65F37N8,B0039X6XZG,5.0,1279843200
A3U52V5ZAHZZKU,B0039X6XZG,5.0,1280966400
A39H1GO9E3YQIB,B003A6AL8C,4.0,1281225600
AK8LOFYRZJJW0,B003A6AL8C,5.0,1282780800
AY3D7DG5L5WCK,B003A6AL8C,5.0,1282176000
A2XA8CW5DF4MNZ,B003A6AL8C,5.0,1282176000
AJQDIT55SZ3ZX,B003A6AL8C,5.0,1279670400
AFHYEO3Y1IIDD,B003A6AL8C,5.0,1282003200
A3UYBRB74RJFXB,B003A6AL8C,3.0,1287619200
A2QDOJFFLFGF18,B003A6AL8C,5.0,1282694400
AK1WNXTHNCG5V,B003A6AL8C,3.0,1281484800
A25C5MVVCIYT5D,B003A6AL8C,3.0,1282089600
A3Q9HY0LU7MN6E,B003A6AL8C,4.0,1282089600
A22CW0ZHY3NJH8,B003A6AL8C,4.0,1280188800
A81XIM8XFKWX5,B003A6AL8C,4.0,1280102400
A30Z0GG96D11EO,B003A6AL8C,3.0,1290038400
A19D3N662QS9WD,B003A6AOOS,4.0,1281398400
A1HBC0NBQJHT7X,B003A6AOOS,2.0,1281744000
A3E7E854VCA4E7,B003A6AOOS,5.0,1289779200
A11B61QBGHLQDN,B003A6AOOS,4.0,1279756800
A3R9X003XW0LNR,B003A6AOOS,3.0,1282176000
AY3D7DG5L5WCK,B003A6AOOS,3.0,1295049600
AWH2AY17ZU7W2,B003A6AOOS,4.0,1279756800
A1EVV74UQYVKRY,B003A6AOOS,4.0,1280361600
AJQDIT55SZ3ZX,B003A6AOOS,4.0,1279584000
A38H4XCCPLRF93,B003A6AOOS,4.0,1280188800
AP8D74QD9LUUL,B003A6AOOS,3.0,1281744000
A1IAQIZSXONWVU,B003A6AOOS,4.0,1289692800
A22CW0ZHY3NJH8,B003A6AOOS,4.0,1282348800
A1JOANG98KBFKU,B003A6AOOS,2.0,1282176000
A2Z2FATA8JNL54,B003A6AOOS,4.0,1280534400
A10M94ASQEBL56,B003A6EKX4,5.0,1279756800
A3R9X003XW0LNR,B003A6EKX4,5.0,1279670400
A3AGWRMHKLFLWR,B003A6EKX4,3.0,1281312000
A244CRJ2QSVLZ4,B003A6EKX4,4.0,1280188800
A1VXIY1511XQK2,B003A6EKX4,4.0,1279756800
A34UVV757IKPVB,B003A6EKX4,4.0,1281916800
A6VSWJVTWEOII,B003A6EKX4,3.0,1280275200
A23WE733QT4WGJ,B003A6EKX4,3.0,1279756800
A136LRUR0RDH9J,B003A6EKX4,3.0,1282262400
AY1EF0GOH80EK,B003A6EKX4,3.0,1281830400
A2YB7DLC3FOR7W,B003A6EKX4,3.0,1279843200
AQZ4PHIEEV5N5,B003A6EKX4,1.0,1282608000
A2RN2AO4BE6F4K,B003A6EKX4,5.0,1322611200
A19D3N662QS9WD,B003A6GFRI,3.0,1279756800
A1ZGXZW37JEZWH,B003A6GFRI,4.0,1279497600
AOM63D4VL32WM,B003A6GFRI,3.0,1284595200
A1BXVZSQOJE6UE,B003A6GFRI,5.0,1279756800
A3SMD3T0QTN109,B003A6GFRI,2.0,1290038400
A1GARI2JT6EAWA,B003A6GFRI,4.0,1290729600
A35IX2GE0VC0JP,B003A6GFRI,3.0,1337212800
A336FE20YZZL3A,B003A6GFRI,4.0,1279756800
A23WE733QT4WGJ,B003A6GFRI,2.0,1279756800
A2WVF9ZQ068DN0,B003A6GFRI,5.0,1279756800
A9NXTC0HTPSDO,B003A6GFRI,4.0,1282089600
A1LA4K5JF78BER,B003A6GFRI,4.0,1279756800
A3HPCRD9RX351S,B003A6GFRI,4.0,1279929600
A2HHAV29CZ1OIE,B003A6GFRI,2.0,1280275200
A3MUSWDCTZINQZ,B003A6GFRI,4.0,1279756800
A26R7LLAFTPC3U,B003A6GFRI,4.0,1279756800
AA98O5326L88T,B003A6GIKW,4.0,1284422400
AYUF7YETYOLNX,B003A6GIKW,4.0,1287187200
A3E7E854VCA4E7,B003A6GIKW,3.0,1291075200
ACJT8MUC0LRF0,B003A6GIKW,4.0,1287100800
A22S7D0LP8GRDH,B003A6GIKW,3.0,1287964800
A2LF16F0KX9L7P,B003A6GIKW,4.0,1283299200
A3BAE79NXFDXGV,B003A6GIKW,4.0,1284508800
A3DZFEICHK5LF2,B003A6GIKW,4.0,1284163200
A11LNY2OLQSUSV,B003A6GIKW,3.0,1321228800
APVK8GGSSUDCE,B003A6GIKW,4.0,1348704000
A1QBOC76MIOJYP,B003A6GIKW,4.0,1284595200
A22CW0ZHY3NJH8,B003A6GIKW,4.0,1297814400
A1ODOGXEYECQQ8,B003A6GIKW,4.0,1284595200
A1VTBADV3JS1EC,B003A6GIKW,3.0,1284076800
A1ZZR25X0CNOJX,B003A6GIKW,4.0,1283731200
A1VLVWTLV3LVHR,B003A6GIKW,2.0,1307318400
ADZIJQN6MNRAB,B003A6GIKW,4.0,1282521600
AA98O5326L88T,B003AIM52A,4.0,1290384000
A2RIAXGSBP65BJ,B003AIM52A,3.0,1289433600
A1F7YU6O5RU432,B003AIM52A,5.0,1358380800
AC4XV78EJG1QB,B003AIM52A,5.0,1288742400
A2D7B5I7ZQ51XL,B003AIM52A,4.0,1290038400
A3HUC8541SJ6UT,B003AIM52A,4.0,1295913600
AG2YXYIQ8TLTA,B003AIM52A,5.0,1290988800
A12PN254PTSGU5,B003AIM52A,5.0,1290038400
A2UBSGFCP2QFNV,B003AIM52A,5.0,1290297600
A2WB4OWBUH2VQX,B003AIM52A,4.0,1288656000
A3MWP39R0W9TQX,B003AIM52A,5.0,1290038400
A35HOUWHAYZZN6,B003AIM52A,4.0,1302048000
ALEUQQE118NEW,B003AIM52A,5.0,1288051200
A215WH6RUDUCMP,B003AIM52A,5.0,1296864000
AKMEY1BSHSDG7,B003AIM52A,5.0,1313539200
AU1SKSAF00JJH,B003AIM52A,5.0,1290038400
A1ZGHA3IJV01BK,B003AIM52A,4.0,1289865600
A3KCKECEO3E2AN,B003AIM52A,4.0,1293062400
A23WE733QT4WGJ,B003AIM52A,4.0,1288742400
A1GUX6R8DV3ZLY,B003AIM52A,5.0,1365120000
A2WVF9ZQ068DN0,B003AIM52A,3.0,1291075200
A1PI8VBCXXSGC7,B003AIM52A,5.0,1289606400
A3QBCX2QMKJ7AH,B003AIM52A,5.0,1301011200
APVK8GGSSUDCE,B003AIM52A,3.0,1290038400
A3EJ8XHVDC0CWH,B003AIM52A,4.0,1292457600
A3A90CELVLOUP6,B003AIM52A,5.0,1293321600
AAA0TUKS5VBSA,B003AIM52A,4.0,1289260800
A1BA72K4VK1UN1,B003AIM52A,5.0,1291334400
A15CL28ALB7MTZ,B003AIM52A,5.0,1289952000
A1NC9AGZOBI0M1,B003AIM52A,4.0,1290816000
APDPA11IZPYLN,B003AIM52A,5.0,1289692800
A2I4A4WGWII18Z,B003AIM52A,4.0,1288742400
A8KJS2P6E5DCB,B003AIM52A,4.0,1290038400
AXVKMYWNIHK7W,B003AIM52A,5.0,1288569600
A3QD59N3M7O7KB,B003AIM52A,4.0,1290297600
A19D3N662QS9WD,B003AJ7PGA,4.0,1288483200
A2JXCOUGYS5Y4J,B003AJ7PGA,2.0,1289001600
A3KPJ1MOGTZVGC,B003AJ7PGA,2.0,1289520000
A2AYJJAFNSGSU1,B003AJ7PGA,4.0,1288137600
A12PN254PTSGU5,B003AJ7PGA,4.0,1288224000
ALNFHVS3SC4FV,B003AJ7PGA,4.0,1294876800
A3R9X003XW0LNR,B003AJ7PGA,4.0,1289174400
A36MP37DITBU6F,B003AJ7PGA,5.0,1288224000
A1S52XH2CS4Y26,B003AJ7PGA,4.0,1295049600
AAWUXA65NDMYM,B003AJ7PGA,2.0,1288137600
A1P0JSFW184ZXJ,B003AJ7PGA,5.0,1290038400
A3DZFEICHK5LF2,B003AJ7PGA,4.0,1295049600
A3U41ZL33SS92P,B003AJ7PGA,1.0,1288915200
A3NDUBKYPI47N2,B003AJ7PGA,1.0,1289088000
A3LLP0VSTSABK2,B003AJ7PGA,1.0,1288137600
A9NXTC0HTPSDO,B003AJ7PGA,3.0,1295049600
A226GFM0Q9L37H,B003AJ7PGA,2.0,1288310400
ASJ0MKRFZC47B,B003AJ7PGA,1.0,1289779200
A3QEIVO8AB3YMU,B003AJ7PGA,3.0,1290816000
A1ONZ8JRPLBNUI,B003AJ7PGA,4.0,1300147200
A25C5MVVCIYT5D,B003AJ7PGA,2.0,1293926400
AY1EF0GOH80EK,B003AJ7PGA,3.0,1289952000
A3K3SE4RK846WO,B003AJ7PGA,3.0,1290038400
A1BA72K4VK1UN1,B003AJ7PGA,5.0,1291334400
A2B3A8NQIHITO8,B003AJ7PGA,3.0,1295395200
A37D2TGTIXRV2N,B003AJ7PGA,4.0,1289520000
A15CL28ALB7MTZ,B003AJ7PGA,3.0,1289952000
A1FXY0GUFHEI59,B003AJ7PGA,3.0,1289174400
AQRN2I355LZ3F,B003AJ7PGA,2.0,1300320000
A1EN4XAKX9LK4A,B003AJ7PGA,2.0,1295568000
A2VWE5SGNDS8HW,B003AJ7PGA,2.0,1288224000
A1Q1T811N4IY3Z,B003AJ7PGA,2.0,1291766400
A10ZBR6O8S8OCY,B003B1TI58,4.0,1284422400
AY3D7DG5L5WCK,B003B1TI58,4.0,1316044800
A1DW1FK1H3F2TM,B003B1TI58,5.0,1283040000
A2LF16F0KX9L7P,B003B1TI58,5.0,1282780800
A3DZFEICHK5LF2,B003B1TI58,3.0,1292457600
A22B13EJTZKCTM,B003B1TI58,4.0,1286150400
A3KEZLJ59C1JVH,B003B1TI58,4.0,1285200000
A1W4F91DH3XPB2,B003B1TI58,5.0,1290211200
A2RN2AO4BE6F4K,B003B1TI58,5.0,1284595200
A2WW57XX2UVLM6,B003B1TI58,5.0,1282780800
A30Z0GG96D11EO,B003B1TI58,5.0,1284422400
A1II2ZRPKZAQQD,B003BLQG4O,5.0,1353110400
A2IG937LQKWO7C,B003BLQG4O,3.0,1352419200
A3JPFWKS83R49V,B003BLQG4O,4.0,1353456000
A2UYWE97KME0M,B003BLQG4O,5.0,1356134400
A2AYJJAFNSGSU1,B003BLQG4O,5.0,1351468800
A2I3TKKHF6INI6,B003BLQG4O,4.0,1351987200
AR5SY32T76DBM,B003BLQG4O,5.0,1352419200
A1C4J5MRES1KRK,B003BLQG4O,5.0,1363824000
A1F5O1USOUOOXI,B003BLQG4O,5.0,1351900800
A22B13EJTZKCTM,B003BLQG4O,4.0,1352678400
A23TGI02RB7JC,B003BLQG4O,5.0,1353369600
A3QBCX2QMKJ7AH,B003BLQG4O,5.0,1351036800
A1XVF5DU3N05OM,B003BLQG4O,5.0,1352851200
AQZ4PHIEEV5N5,B003BLQG4O,5.0,1356480000
A1FXY0GUFHEI59,B003BLQG4O,5.0,1350950400
A3VS2RYRGDW4HS,B003BLQG4O,5.0,1352937600
AUV0EFKWA46TX,B003BLQG4O,4.0,1355097600
A2G04D4QZAXL15,B003BLQG4O,5.0,1351728000
AGHIUO1B3IF8H,B003CRCQLO,4.0,1313884800
A1T8N18XKDLJO4,B003CRCQLO,5.0,1285200000
A1BMG34CO5CMZ5,B003CRCQLO,4.0,1288224000
A3F0OFSE2M25U2,B003CRCQLO,5.0,1282694400
AAJIGWE242MSN,B003CRCQLO,3.0,1284595200
A1IBKN1GXYJ3K4,B003CRCQLO,5.0,1284595200
A15D2X8MICR2VQ,B003CRCQLO,5.0,1283558400
A31HE83MU98GBV,B003CRCQLO,5.0,1282867200
A397CWU6DM3O5G,B003CRCQLO,4.0,1284681600
A14X244VGHWPSX,B003CRCQLO,4.0,1282780800
A1SB9BNNGKNX2Z,B003CRCQLO,5.0,1282694400
AYNRALJ4X1COS,B003CRCQLO,5.0,1287619200
A1Y5ERIKQBEMSP,B003CRCQLO,5.0,1282780800
ALLHJD3KZF9KC,B003CRCQLO,5.0,1282521600
A1R6DKN9YQ2YU1,B003CRCQLO,3.0,1284508800
A1GQRGB8FGSLIZ,B003CRCQLO,4.0,1283817600
A2QDOJFFLFGF18,B003CRCQLO,5.0,1282694400
A3Q9HY0LU7MN6E,B003CRCQLO,5.0,1282608000
AYNTULRNAIPNY,B003CRCQLO,4.0,1285113600
A12E0Y0J6584RT,B003CRCQLO,5.0,1284249600
A17M1HL6U2GS7M,B003CRCQLO,5.0,1282780800
A30QAOLNZ4415R,B003CRCQLO,4.0,1284595200
A3DFH4CKPIT0N9,B003CRCQLO,4.0,1282694400
A2WW57XX2UVLM6,B003CRCQLO,5.0,1282608000
A2V9DTXTQ5YIMK,B003CRJU0Y,4.0,1284076800
A1KXJCXS6HFRQZ,B003CRJU0Y,3.0,1290470400
AL3MFYSK9HKCL,B003CRJU0Y,2.0,1279756800
A1BMG34CO5CMZ5,B003CRJU0Y,4.0,1279756800
A7C77J4MH94B6,B003CRJU0Y,4.0,1282780800
A1TR1R2QKWRSRA,B003CRJU0Y,4.0,1332288000
A5JLAU2ARJ0BO,B003CRJU0Y,3.0,1281139200
A3R7RE5O61M112,B003CRJU0Y,4.0,1282176000
A33X80DIINN48Y,B003CRJU0Y,3.0,1282176000
A2QI2NTDTMK2FV,B003CRJU0Y,4.0,1282089600
AJ3K3HKR9UFVN,B003CRJU0Y,4.0,1282089600
A1Y5ERIKQBEMSP,B003CRJU0Y,4.0,1291593600
A1ZGHA3IJV01BK,B003CRJU0Y,4.0,1284163200
A3Q9HY0LU7MN6E,B003CRJU0Y,4.0,1281139200
A2JKM8KF3296CW,B003CRJU0Y,4.0,1281225600
A9LNWA25IM2DX,B003CRJU0Y,5.0,1282608000
AFG4HIHMX312C,B003CRJU0Y,5.0,1282694400
A1QK0XCAPHIW1L,B003CRJU0Y,3.0,1280707200
AP6L54VTCJKCQ,B003CRJU36,4.0,1289779200
AQB4DH57MSZSC,B003CRJU36,5.0,1278633600
AYOMAHLWRQHUG,B003CRJU36,5.0,1284595200
A10M94ASQEBL56,B003CRJU36,4.0,1282867200
A3V5F050GVZ56Q,B003CRJU36,5.0,1365120000
A36MP37DITBU6F,B003CRJU36,5.0,1282694400
A2DG63DN704LOI,B003CRJU36,5.0,1293062400
ATJE929ETFFNH,B003CRJU36,5.0,1315785600
A1DD9MSMEKYOVW,B003CRJU36,5.0,1352419200
A1WKEAS58297E5,B003CRJU36,4.0,1291852800
A3BH63GKL7MQ2K,B003CRJU36,4.0,1282780800
A2RKI7RPP5CJMG,B003CRJU36,5.0,1283126400
A26BDXG9KVH7SU,B003CRJU36,4.0,1283731200
A3212H6SF9W1LV,B003CRJU36,4.0,1282780800
A1JOANG98KBFKU,B003CRJU36,4.0,1294272000
A24ZMNWTW8AQUR,B003CRJU36,5.0,1283904000
ASY25YMTIC2A9,B003CRJU36,5.0,1285200000
A2Q8GFSEUSGJ51,B003CRJU36,4.0,1283299200
AVHN134ADVP4R,B003DZ1TAO,5.0,1388880000
A39H1GO9E3YQIB,B003DZ1TAO,4.0,1397692800
A2HC9549CZAKNN,B003DZ1TAO,5.0,1388448000
A3OXRFCJI67IMN,B003DZ1TAO,4.0,1387152000
AY3D7DG5L5WCK,B003DZ1TAO,5.0,1385942400
A2VRAT69JDAD3W,B003DZ1TAO,5.0,1385510400
A2UEB48LAWFUCW,B003DZ1TAO,5.0,1387497600
A3QCC7PV6EG4YC,B003DZ1TAO,3.0,1386374400
A22B13EJTZKCTM,B003DZ1TAO,4.0,1388102400
A45S6D1P309G9,B003DZ1TAO,4.0,1388448000
A5BJMAHZWGJ7N,B003DZ1TAO,4.0,1387238400
A3A90CELVLOUP6,B003DZ1TAO,5.0,1387065600
A2B3A8NQIHITO8,B003DZ1TAO,4.0,1387497600
AGHIUO1B3IF8H,B003F7YMG8,4.0,1297814400
A3LWC833HQIG7J,B003F7YMG8,5.0,1294444800
A3V2EZ6MA32FF6,B003F7YMG8,5.0,1285027200
A2K4HN6EECBNR3,B003F7YMG8,5.0,1285545600
A14DNCG5WHM86Z,B003F7YMG8,4.0,1305590400
AWH2AY17ZU7W2,B003F7YMG8,5.0,1298764800
A30UIZJMFL9PLT,B003F7YMG8,5.0,1288137600
A3BAE79NXFDXGV,B003F7YMG8,4.0,1287532800
AU1SKSAF00JJH,B003F7YMG8,5.0,1329350400
A3TIJLY4VX8CH3,B003F7YMG8,5.0,1285027200
A3R33KMESG0XGQ,B003F7YMG8,5.0,1286496000
A30Z0GG96D11EO,B003GXE6RQ,3.0,1289952000
AQB4DH57MSZSC,B003GXE6RQ,3.0,1290038400
AAH603Y3Y8QL7,B003GXE6RQ,3.0,1285200000
A16PUD6V3KAZ0Q,B003GXE6RQ,3.0,1321833600
AGXV8E7XK9J6H,B003GXE6RQ,3.0,1293235200
A2DG63DN704LOI,B003GXE6RQ,3.0,1289174400
AR5SY32T76DBM,B003GXE6RQ,4.0,1288569600
ALEUQQE118NEW,B003GXE6RQ,4.0,1289606400
ASGI7E0AJ8H5X,B003GXE6RQ,4.0,1289520000
A22CW0ZHY3NJH8,B003GXE6RQ,4.0,1289088000
A3EM243NDJ4DF3,B003GXE6RQ,5.0,1288310400
A319Y83RT0MRVR,B003HC8ZSW,5.0,1283040000
A1UKA7HUAQAMY,B003HC8ZSW,3.0,1284595200
A2OMQEK9OW2FY6,B003HC8ZSW,3.0,1283472000
A2AYJJAFNSGSU1,B003HC8ZSW,4.0,1283385600
A34IBXM7E8CPWE,B003HC8ZSW,4.0,1282694400
A2FWZ58M6IQMD7,B003HC8ZSW,4.0,1297900800
AXAJXJZUL2J5P,B003HC8ZSW,4.0,1282780800
A1W7R5ZAGVOSVQ,B003HC8ZSW,4.0,1283126400
A1KLPS6P7UR631,B003HC8ZSW,4.0,1284595200
A1UUI7PFQ5FU4E,B003HC8ZSW,5.0,1284768000
A2B7BUH8834Y6M,B003HC8ZSW,5.0,1285459200
AM9APPMIE1BHZ,B003HC8ZSW,5.0,1288137600
A2I4A4WGWII18Z,B003HC8ZSW,4.0,1282780800
ACR4HKUT808U1,B003HC8ZSW,3.0,1283299200
AP6L54VTCJKCQ,B003HC92N4,4.0,1279670400
A3F0OFSE2M25U2,B003HC92N4,5.0,1279670400
A1Q08H4B9QGT2N,B003HC92N4,4.0,1282608000
A10ZBR6O8S8OCY,B003HC92N4,4.0,1284422400
A15D2X8MICR2VQ,B003HC92N4,5.0,1279670400
A1P0JSFW184ZXJ,B003HC92N4,4.0,1282176000
A3L2KYOYDWSRPL,B003HC92N4,4.0,1279756800
A2VJJ2POCLMED7,B003HC92N4,4.0,1280016000
AMYTL79JMGQ6D,B003HC92N4,5.0,1280707200
AC1YLEFC9AN5X,B003HC92N4,4.0,1280361600
A2S26YGSVXBCFL,B003HC92N4,5.0,1280275200
AR3EVUQF0AC7R,B003HC92N4,5.0,1279670400
A1AHAETTCFARPJ,B003HC92N4,4.0,1280016000
ARPB88E6F2MFR,B003HC92N4,5.0,1336521600
A2PNTEDGMOLMOY,B003HC92N4,4.0,1280102400
ACAXV4V8PBCE3,B003HC92N4,5.0,1292112000
A4GI4654JA8NK,B003I85V00,2.0,1297728000
A3JPFWKS83R49V,B003I85V00,3.0,1287619200
A1S7YQQGJPPFLG,B003I85V00,4.0,1286928000
A3U5CZ3PV82JXD,B003I85V00,2.0,1287187200
A1S52XH2CS4Y26,B003I85V00,3.0,1287014400
A3M6KV5PDU46YI,B003I85V00,4.0,1315958400
A381MT950I6KRL,B003I85V00,3.0,1285804800
A28OB1QLXN5BM6,B003I85V00,3.0,1287273600
A1EVV74UQYVKRY,B003I85V00,3.0,1285891200
AHRNDSKWH1YBT,B003I85V00,4.0,1287446400
A2IVZ0IEQ1VADB,B003I85V00,3.0,1287619200
A25TNBMJ4ZO7RD,B003I85V00,3.0,1285372800
A3K3SE4RK846WO,B003I85V00,5.0,1287100800
A1ODOGXEYECQQ8,B003I85V00,3.0,1290729600
A1JOANG98KBFKU,B003I85V00,3.0,1345075200
A1VTBADV3JS1EC,B003I85V00,4.0,1287792000
A3EM243NDJ4DF3,B003I85V00,3.0,1286064000
A1IA0O3OYQO9LV,B003I85V00,1.0,1287619200
ABC68JUCPTVOE,B003IRH9LU,4.0,1291248000
A4GI4654JA8NK,B003IRH9LU,4.0,1292889600
A3CA3RWZYJDWXE,B003IRH9LU,5.0,1295481600
A2K89R0B20LYHB,B003IRH9LU,5.0,1292457600
A3R7RE5O61M112,B003IRH9LU,4.0,1292371200
AYNNJ0DBGL5H7,B003IRH9LU,5.0,1296086400
A33X80DIINN48Y,B003IRH9LU,4.0,1293753600
A3C6CZC2JP67VK,B003IRH9LU,4.0,1318032000
A1ZGHA3IJV01BK,B003IRH9LU,4.0,1292371200
A3L2KYOYDWSRPL,B003IRH9LU,2.0,1292976000
ALLHJD3KZF9KC,B003IRH9LU,5.0,1292457600
A226GFM0Q9L37H,B003IRH9LU,5.0,1306800000
A3PPXVR5J6U2JD,B003IRH9LU,5.0,1291593600
A3IOKEFDAYOAED,B003IRH9LU,5.0,1290470400
A2ULQOGN59LDNK,B003IRH9LU,5.0,1290902400
A58F10T4OE58C,B003IRH9LU,3.0,1294876800
A39H1GO9E3YQIB,B003JQT4Y0,4.0,1285977600
A319Y83RT0MRVR,B003JQT4Y0,4.0,1293062400
A3EXW4HNYX7HF5,B003JQT4Y0,4.0,1331769600
A1HYH206E18XVC,B003JQT4Y0,5.0,1290384000
AYB8XLKTYMTTX,B003JQT4Y0,4.0,1285113600
A2HC9549CZAKNN,B003JQT4Y0,4.0,1298505600
A2OMQEK9OW2FY6,B003JQT4Y0,5.0,1287532800
A279FUL12R7MBD,B003JQT4Y0,5.0,1298160000
A2K89R0B20LYHB,B003JQT4Y0,4.0,1289433600
A1U7LS93I03MFW,B003JQT4Y0,3.0,1287446400
A1MZEMD0EDETS6,B003JQT4Y0,5.0,1289347200
A279A4Y2N1CQ26,B003JQT4Y0,4.0,1323734400
ALNFHVS3SC4FV,B003JQT4Y0,3.0,1294531200
ACJT8MUC0LRF0,B003JQT4Y0,5.0,1344038400
A2OJCTT5WLB2HR,B003JQT4Y0,4.0,1285286400
AY3D7DG5L5WCK,B003JQT4Y0,4.0,1295049600
A2TVH2OBNXYXHV,B003JQT4Y0,3.0,1293408000
A5JLAU2ARJ0BO,B003JQT4Y0,3.0,1286582400
A1P0JSFW184ZXJ,B003JQT4Y0,4.0,1287532800
A5GPH59NDWJRB,B003JQT4Y0,4.0,1286150400
A14DNCG5WHM86Z,B003JQT4Y0,3.0,1343692800
A1NQK5MH9GTJ6S,B003JQT4Y0,5.0,1325116800
A167KPMW1NBZJW,B003JQT4Y0,5.0,1287273600
A1BK60GZ4QME6I,B003JQT4Y0,4.0,1285200000
AOAOARIH72UWI,B003JQT4Y0,4.0,1289692800
A381MT950I6KRL,B003JQT4Y0,4.0,1285804800
A3DZFEICHK5LF2,B003JQT4Y0,3.0,1285632000
A22B13EJTZKCTM,B003JQT4Y0,5.0,1288915200
A3NDUBKYPI47N2,B003JQT4Y0,3.0,1319328000
A17SZZO9LM3WYC,B003JQT4Y0,3.0,1285632000
AHRNDSKWH1YBT,B003JQT4Y0,4.0,1342483200
A1GQRGB8FGSLIZ,B003JQT4Y0,4.0,1287532800
AM8J1UVGVYAL4,B003JQT4Y0,5.0,1284940800
A3EZHMGGWY74HY,B003JQT4Y0,5.0,1292198400
A1ONZ8JRPLBNUI,B003JQT4Y0,5.0,1318809600
A3Q9HY0LU7MN6E,B003JQT4Y0,5.0,1286150400
AAA0TUKS5VBSA,B003JQT4Y0,5.0,1285804800
A3K3SE4RK846WO,B003JQT4Y0,5.0,1287100800
A2ZKQC0XCIIAEM,B003JQT4Y0,5.0,1345852800
A3LOGP4VA9DX46,B003JQT4Y0,4.0,1285372800
AAU0G40ZN5RIL,B003JQT4Y0,5.0,1370304000
A2OOZZDSOHG4UY,B003JQT4Y0,1.0,1334793600
A3FQZH8PJB535A,B003JQT4Y0,4.0,1286668800
A2HHAV29CZ1OIE,B003JQT4Y0,3.0,1287187200
A1ITRGMT80D5TK,B003JQT4Y0,5.0,1285632000
A2H667ZUNLNTF1,B003JQT4Y0,5.0,1285718400
A1Q1T811N4IY3Z,B003JQT4Y0,4.0,1287792000
A1WP940JZL83T7,B003MGJTDI,4.0,1349136000
A1NOBRCN20NGD5,B003MGJTDI,1.0,1349395200
A2K89R0B20LYHB,B003MGJTDI,4.0,1359590400
A2KIVODZRTGY4U,B003MGJTDI,3.0,1352160000
A1BKJNAWJT2TG2,B003MGJTDI,4.0,1350604800
A2P739KOM4U5JB,B003MGJTDI,1.0,1348617600
A1M5ZT35YX6TIN,B003MGJTDI,4.0,1352678400
A5H8NA5CJ0FK4,B003MGJTDI,4.0,1351555200
A1QT3N5FUQ4I47,B003MGJTDI,3.0,1352505600
A3GMVCTJTHYG1F,B003MGJTDI,5.0,1348704000
A1ONZ8JRPLBNUI,B003MGJTDI,5.0,1352851200
A2JKM8KF3296CW,B003MGJTDI,3.0,1350432000
A2Z2FATA8JNL54,B003MGJTDI,5.0,1350259200
A32QWD5DEY4LDU,B003MGJTDI,4.0,1350000000
A3NOBH42C7UI5M,B003P8FL1C,2.0,1288915200
ANCOMAI0I7LVG,B003P8FL1C,2.0,1290038400
A19FRW264WZTGP,B003P8FL1C,3.0,1290038400
A1Q08H4B9QGT2N,B003P8FL1C,3.0,1291161600
AKJHHD5VEH7VG,B003P8FL1C,2.0,1290038400
A15D2X8MICR2VQ,B003P8FL1C,4.0,1288051200
A375NF45A1MDWI,B003P8FL1C,3.0,1288742400
A3VBXQKRM7A4JR,B003P8FL1C,2.0,1289433600
A2V2URLB31HG59,B003P8FL1C,2.0,1290038400
A3Q9HY0LU7MN6E,B003P8FL1C,3.0,1289347200
A22CW0ZHY3NJH8,B003P8FL1C,3.0,1288569600
ARPB88E6F2MFR,B003P8FL1C,4.0,1307923200
A2RN2AO4BE6F4K,B003P8FL1C,3.0,1302652800
A16YU3GRGCD95S,B003P8FL1C,5.0,1291593600
A3EM243NDJ4DF3,B003P8FL1C,1.0,1331769600
A3QD59N3M7O7KB,B003P8FL1C,3.0,1290384000
ANCOMAI0I7LVG,B003P8IXTY,1.0,1290988800
A1BHSP8TPTH8Y5,B003P8IXTY,4.0,1292284800
A2GA2SO3YK6CXI,B003P8IXTY,4.0,1306454400
A1GBT4UN2RW7XY,B003P8IXTY,4.0,1290384000
A31HE83MU98GBV,B003P8IXTY,4.0,1326931200
A34W7QA4J5UTOR,B003P8IXTY,2.0,1289606400
A3M2O06MCHJG18,B003P8IXTY,1.0,1306281600
AR3EVUQF0AC7R,B003P8IXTY,4.0,1288224000
A2QDOJFFLFGF18,B003P8IXTY,5.0,1290211200
AQZ4PHIEEV5N5,B003P8IXTY,3.0,1290384000
A1MAI0TUIM3R2X,B003P8IXTY,1.0,1295654400
A1R8TTMXVXEI6H,B003P8IXTY,2.0,1305849600
AS7SB0A3QKVQV,B003P8IXTY,1.0,1290816000
A1MRRMHGV3PN5W,B003P8IXTY,1.0,1296086400
A2HHAV29CZ1OIE,B003P8IXTY,2.0,1288224000
A156P4FPL8OGXB,B003P8IXTY,3.0,1294272000
A3IMK08UX0I46A,B003P8IXTY,2.0,1290038400
A3G5MOHY1U635N,B003P8KZ3Q,4.0,1291161600
A3JPFWKS83R49V,B003P8KZ3Q,3.0,1289174400
A1S7YQQGJPPFLG,B003P8KZ3Q,5.0,1295481600
A1H88L8X6HM1BQ,B003P8KZ3Q,4.0,1289347200
AKJHHD5VEH7VG,B003P8KZ3Q,4.0,1288828800
A2TTHN1UMO82VY,B003P8KZ3Q,5.0,1290384000
A5JLAU2ARJ0BO,B003P8KZ3Q,4.0,1299456000
A3GS7OZXUEW48R,B003P8KZ3Q,3.0,1289692800
A5GPH59NDWJRB,B003P8KZ3Q,4.0,1289088000
A1Z0LTKUA6F94D,B003P8KZ3Q,3.0,1308096000
A3DZFEICHK5LF2,B003P8KZ3Q,4.0,1304640000
A28OB1QLXN5BM6,B003P8KZ3Q,4.0,1293753600
A10ASLX7DTTB6Z,B003P8KZ3Q,3.0,1303776000
A1KI3173CO6TK2,B003P8KZ3Q,3.0,1288224000
A105S56ODHGJEK,B003P8KZ3Q,4.0,1291852800
A1MRRMHGV3PN5W,B003P8KZ3Q,4.0,1289174400
A208U42GARHSOR,B003P8KZ3Q,4.0,1290729600
A1NN8Q1DLAYPGH,B003P8KZ3Q,4.0,1290729600
A39H1GO9E3YQIB,B003R6H59I,2.0,1377734400
A2GRDQJ4Z7053K,B003R6H59I,5.0,1377648000
AAEHOTZ1GRAUX,B003R6H59I,3.0,1379548800
A3V6QSTG2T9MIO,B003R6H59I,5.0,1380153600
A3FMPT5IH0CJ50,B003R6H59I,3.0,1376870400
A2BZ16RKE13PKV,B003R6H59I,4.0,1379548800
A1R1BFJCMWX0Y3,B003R6H59I,2.0,1377129600
A3DFH4CKPIT0N9,B003R6H59I,4.0,1378080000
A1UINGIK3UG77D,B003R6H59I,3.0,1376956800
A1M7Y63Y5GYJI1,B003R6H59I,4.0,1379894400
A17E3NBADNTI3X,B003R6H59I,2.0,1379462400
A2RIAXGSBP65BJ,B003WE8TRC,2.0,1284595200
A3EXW4HNYX7HF5,B003WE8TRC,4.0,1303948800
A2HC9549CZAKNN,B003WE8TRC,3.0,1283126400
AM2IR1V5EU55U,B003WE8TRC,2.0,1283904000
AGXV8E7XK9J6H,B003WE8TRC,2.0,1287360000
AR33KU52LIBF1,B003WE8TRC,3.0,1283472000
AMS2CPERWN7JV,B003WE8TRC,2.0,1283817600
A375NF45A1MDWI,B003WE8TRC,3.0,1299196800
A397CWU6DM3O5G,B003WE8TRC,2.0,1283212800
A2ZJPDH0YP90SD,B003WE8TRC,5.0,1282694400
AWH2AY17ZU7W2,B003WE8TRC,3.0,1283644800
ATLO3YXU2BC16,B003WE8TRC,4.0,1287446400
A1KLPS6P7UR631,B003WE8TRC,3.0,1284595200
A4SD8F79JBYG2,B003WE8TRC,1.0,1284595200
AORGKBNQZ83O8,B003WE8TRC,4.0,1282694400
A3EJ8XHVDC0CWH,B003WE8TRC,4.0,1282780800
AUV3OR951650C,B003WE8TRC,1.0,1282780800
A3JHC8O59WDHFZ,B003WE8TRC,2.0,1282694400
A3D5B2CBFNJB0K,B003WE8TRC,2.0,1285200000
A319Y83RT0MRVR,B0040GJZ88,5.0,1292457600
A18YMFFJW974QS,B0040GJZ88,4.0,1291075200
A279A4Y2N1CQ26,B0040GJZ88,4.0,1293580800
A2TTHN1UMO82VY,B0040GJZ88,5.0,1297814400
A36MP37DITBU6F,B0040GJZ88,5.0,1292976000
A22S7D0LP8GRDH,B0040GJZ88,4.0,1293062400
A33X80DIINN48Y,B0040GJZ88,4.0,1290384000
A1SB9BNNGKNX2Z,B0040GJZ88,5.0,1293321600
A6VSWJVTWEOII,B0040GJZ88,5.0,1290816000
A25C5MVVCIYT5D,B0040GJZ88,4.0,1290384000
ALGI34BYWIXZG,B0040GJZ88,4.0,1292457600
A3IOKEFDAYOAED,B0040GJZ88,5.0,1290470400
A1BA72K4VK1UN1,B0040GJZ88,4.0,1293753600
A28UMA3GW9L124,B0040GJZ88,4.0,1292112000
A37D2TGTIXRV2N,B0040GJZ88,5.0,1292803200
A9LNWA25IM2DX,B0040GJZ88,5.0,1291593600
AFG4HIHMX312C,B0040GJZ88,5.0,1293408000
A12E0Y0J6584RT,B0040GJZ88,5.0,1291420800
A1GNYV0RA0EQSS,B0040GJZ88,4.0,1296086400
AY6A8KPYCE6B0,B0040GJZ88,4.0,1290729600
A1QG13XG3EO2CX,B0040GJZ92,5.0,1291507200
A1F7YU6O5RU432,B0040GJZ92,5.0,1291939200
A2RX62V4E2BF5Z,B0040GJZ92,5.0,1292112000
A3SMD3T0QTN109,B0040GJZ92,5.0,1292457600
A3R7RE5O61M112,B0040GJZ92,4.0,1292457600
A1KGWUYXUBEMB2,B0040GJZ92,5.0,1292457600
A1SB9BNNGKNX2Z,B0040GJZ92,2.0,1291593600
A2T7GZ74MZI0MN,B0040GJZ92,3.0,1290988800
A361U4SXK7FCQE,B0040GJZ92,4.0,1290816000
A4KJTS5P78ICU,B0040GJZ92,5.0,1292803200
A1ONZ8JRPLBNUI,B0040GJZ92,5.0,1298419200
AK1WNXTHNCG5V,B0040GJZ92,5.0,1291075200
A3A90CELVLOUP6,B0040GJZ92,5.0,1293321600
A3IOKEFDAYOAED,B0040GJZ92,5.0,1290470400
A2I4A4WGWII18Z,B0040GJZ92,5.0,1290816000
A3SQQYS79AV13M,B0040GJZ92,4.0,1290902400
ANCOMAI0I7LVG,B0040GJZAG,2.0,1290470400
AP6L54VTCJKCQ,B0040GJZAG,3.0,1291852800
ATS7LYGLUX34L,B0040GJZAG,3.0,1290384000
AJ3K3HKR9UFVN,B0040GJZAG,4.0,1294963200
A3L2KYOYDWSRPL,B0040GJZAG,3.0,1292457600
A1VF5HRCDF99CF,B0040GJZAG,5.0,1292457600
AK1WNXTHNCG5V,B0040GJZAG,5.0,1291075200
A3IOKEFDAYOAED,B0040GJZAG,5.0,1290470400
A1BA72K4VK1UN1,B0040GJZAG,4.0,1291507200
AUV0EFKWA46TX,B0040GJZAG,4.0,1290384000
A15JB2HEZ6RKGW,B0040GJZAG,4.0,1290556800
A3LMPD1ZQTWOC4,B0040GK7I0,4.0,1294704000
A19FRW264WZTGP,B0040GK7I0,5.0,1291593600
AIP0VIGQWIW90,B0040GK7I0,3.0,1293062400
A18YMFFJW974QS,B0040GK7I0,4.0,1290902400
A279A4Y2N1CQ26,B0040GK7I0,4.0,1293580800
AR33KU52LIBF1,B0040GK7I0,4.0,1292198400
A2UBSGFCP2QFNV,B0040GK7I0,5.0,1367366400
A2VRAT69JDAD3W,B0040GK7I0,4.0,1291593600
A5GPH59NDWJRB,B0040GK7I0,3.0,1290384000
A13BX9O5UDBILC,B0040GK7I0,2.0,1291075200
A381MT950I6KRL,B0040GK7I0,3.0,1309478400
A3U029B8Z5WGI2,B0040GK7I0,3.0,1291075200
A1GUX6R8DV3ZLY,B0040GK7I0,4.0,1298505600
A20A523DFHLRBT,B0040GK7I0,1.0,1295481600
ALGI34BYWIXZG,B0040GK7I0,4.0,1332028800
A3IOKEFDAYOAED,B0040GK7I0,5.0,1290470400
AQZ4PHIEEV5N5,B0040GK7I0,5.0,1292457600
AZKGCE3LNX7WB,B0040GK7I0,4.0,1308182400
A1R1BFJCMWX0Y3,B0040GK7I0,3.0,1292457600
AS7SB0A3QKVQV,B0040GK7I0,1.0,1290816000
A3NOBH42C7UI5M,B0040GK7IU,2.0,1292457600
AQB4DH57MSZSC,B0040GK7IU,4.0,1292371200
A3CA3RWZYJDWXE,B0040GK7IU,5.0,1295481600
A38RMU1Y5TDP9,B0040GK7IU,4.0,1313625600
A18FUHNBP90IB4,B0040GK7IU,4.0,1292889600
A2RX62V4E2BF5Z,B0040GK7IU,3.0,1320537600
A2K89R0B20LYHB,B0040GK7IU,5.0,1297900800
A1FDV3WPOHREY9,B0040GK7IU,5.0,1290988800
ACJT8MUC0LRF0,B0040GK7IU,5.0,1294185600
ACVDL5QRCOPE1,B0040GK7IU,3.0,1298505600
A375NF45A1MDWI,B0040GK7IU,4.0,1365465600
A1GBT4UN2RW7XY,B0040GK7IU,2.0,1290988800
A397CWU6DM3O5G,B0040GK7IU,5.0,1292457600
ATS2855497V0I,B0040GK7IU,3.0,1293580800
A2UBSGFCP2QFNV,B0040GK7IU,5.0,1367366400
A3R7RE5O61M112,B0040GK7IU,2.0,1295481600
AYNNJ0DBGL5H7,B0040GK7IU,4.0,1298505600
A22S7D0LP8GRDH,B0040GK7IU,4.0,1312761600
A14X244VGHWPSX,B0040GK7IU,4.0,1296086400
A2RHV42BTJSVON,B0040GK7IU,3.0,1296518400
A226GFM0Q9L37H,B0040GK7IU,5.0,1299024000
AVJJ2D4G5I0Z4,B0040GK7IU,5.0,1296086400
A3PPXVR5J6U2JD,B0040GK7IU,3.0,1313280000
APVK8GGSSUDCE,B0040GK7IU,4.0,1300924800
A1ONZ8JRPLBNUI,B0040GK7IU,5.0,1318809600
AR3EVUQF0AC7R,B0040GK7IU,4.0,1295481600
AY1EF0GOH80EK,B0040GK7IU,3.0,1295740800
A3FFKU2MTCOBM1,B0040GK7IU,4.0,1294963200
AUV3OR951650C,B0040GK7IU,4.0,1293667200
A1ODOGXEYECQQ8,B0040GK7IU,4.0,1290816000
A3IOKEFDAYOAED,B0040GK7IU,5.0,1290470400
A28UMA3GW9L124,B0040GK7IU,3.0,1318809600
A2ULQOGN59LDNK,B0040GK7IU,3.0,1314230400
A29VG90T649CSU,B0040GK7IU,5.0,1300147200
A12E0Y0J6584RT,B0040GK7IU,5.0,1295308800
ACR4HKUT808U1,B0040GK7IU,5.0,1295654400
A20L63B48RPSOH,B0040GK7IU,4.0,1292371200
A3NOBH42C7UI5M,B0040GK7JY,1.0,1294617600
A3CA3RWZYJDWXE,B0040GK7JY,5.0,1295481600
A279FUL12R7MBD,B0040GK7JY,5.0,1296172800
A21VGNU5959O85,B0040GK7JY,3.0,1291334400
A1Z54EM24Y40LL,B0040GK7JY,5.0,1290988800
A2W4014S06NAIT,B0040GK7JY,2.0,1290384000
A397CWU6DM3O5G,B0040GK7JY,3.0,1292457600
A2503LT8PZIHAD,B0040GK7JY,2.0,1298937600
A9NXTC0HTPSDO,B0040GK7JY,3.0,1302912000
A17NX7T7DW6KL2,B0040GK7JY,3.0,1292284800
A226GFM0Q9L37H,B0040GK7JY,5.0,1299024000
A3PPXVR5J6U2JD,B0040GK7JY,3.0,1313280000
A1ONZ8JRPLBNUI,B0040GK7JY,5.0,1318809600
A3FFKU2MTCOBM1,B0040GK7JY,4.0,1294963200
A3IOKEFDAYOAED,B0040GK7JY,5.0,1290470400
A2B3A8NQIHITO8,B0040GK7JY,1.0,1305676800
A1D1IDI5S9TN9D,B0040GK7JY,3.0,1293235200
ACR4HKUT808U1,B0040GK7JY,5.0,1295481600
A19FRW264WZTGP,B0040GK7MG,4.0,1291593600
A1WKQ94M45D8MG,B0040GK7MG,5.0,1292284800
A35HOUWHAYZZN6,B0040GK7MG,5.0,1327536000
A2T7GZ74MZI0MN,B0040GK7MG,4.0,1298505600
AOAOARIH72UWI,B0040GK7MG,4.0,1292284800
A3KCKECEO3E2AN,B0040GK7MG,5.0,1321920000
A1GUX6R8DV3ZLY,B0040GK7MG,4.0,1365120000
A9NXTC0HTPSDO,B0040GK7MG,5.0,1295049600
ALLHJD3KZF9KC,B0040GK7MG,5.0,1290902400
A3K3SE4RK846WO,B0040GK7MG,5.0,1300924800
A3IOKEFDAYOAED,B0040GK7MG,5.0,1290470400
AX7317G153T8W,B0040GK7MG,5.0,1292112000
A2ULQOGN59LDNK,B0040GK7MG,5.0,1291420800
AUV0EFKWA46TX,B0040GK7MG,3.0,1292716800
ABC68JUCPTVOE,B0040GK7NK,4.0,1291248000
A3G5MOHY1U635N,B0040GK7NK,4.0,1303344000
A2RVCF21L2NPU5,B0040GK7NK,5.0,1294531200
A18YMFFJW974QS,B0040GK7NK,5.0,1290902400
A36MP37DITBU6F,B0040GK7NK,5.0,1292976000
A35HOUWHAYZZN6,B0040GK7NK,5.0,1292198400
A2ZJPDH0YP90SD,B0040GK7NK,5.0,1291593600
A2XA8CW5DF4MNZ,B0040GK7NK,5.0,1292457600
ALEUQQE118NEW,B0040GK7NK,4.0,1290729600
A22S7D0LP8GRDH,B0040GK7NK,5.0,1298419200
A215WH6RUDUCMP,B0040GK7NK,5.0,1291075200
AOAOARIH72UWI,B0040GK7NK,4.0,1292284800
A1ZGHA3IJV01BK,B0040GK7NK,4.0,1292371200
A3LLP0VSTSABK2,B0040GK7NK,5.0,1290384000
A3PPXVR5J6U2JD,B0040GK7NK,5.0,1290729600
A3QEIVO8AB3YMU,B0040GK7NK,4.0,1292371200
AR3EVUQF0AC7R,B0040GK7NK,5.0,1291766400
A3IOKEFDAYOAED,B0040GK7NK,5.0,1290470400
A12E0Y0J6584RT,B0040GK7NK,5.0,1291420800
A1GNYV0RA0EQSS,B0040GK7NK,4.0,1296086400
AY6A8KPYCE6B0,B0040GK7NK,4.0,1293580800
AW5JSQCHC2ZJO,B00416LP4E,4.0,1400716800
A4GI4654JA8NK,B00416LP4E,4.0,1403136000
ALUV2YKWZENKK,B00416LP4E,5.0,1400457600
A19FRW264WZTGP,B00416LP4E,5.0,1400544000
A2XYH8IHILWW7X,B00416LP4E,5.0,1400716800
A3KPJ1MOGTZVGC,B00416LP4E,4.0,1398729600
A16EIVIBBXFAQ0,B00416LP4E,4.0,1402963200
A11B61QBGHLQDN,B00416LP4E,5.0,1400803200
A3VBXQKRM7A4JR,B00416LP4E,5.0,1371945600
A2W4014S06NAIT,B00416LP4E,4.0,1400112000
A17V2N0N8CXSA9,B00416LP4E,5.0,1398816000
A24RCBRDXRXR0Y,B00416LP4E,4.0,1399852800
A24U6WGBZ4P74W,B00416LP4E,5.0,1400371200
AYB4ELCS5AM8P,B00416LP4E,5.0,1399334400
A3HAA7H8PBVM78,B00416LP4E,5.0,1398729600
A3DZFEICHK5LF2,B00416LP4E,4.0,1402963200
A1QT3N5FUQ4I47,B00416LP4E,4.0,1402876800
AVL5IDEE8YA3D,B00416LP4E,4.0,1401148800
A3R33KMESG0XGQ,B00416LP4E,4.0,1403049600
A8QYRG7TW491B,B00416LP4E,4.0,1401148800
A3JLOIXFM75QNV,B00416LP4E,4.0,1401840000
A357B3PUHSVQA,B00416LP4E,3.0,1400630400
ANCOMAI0I7LVG,B0041G2YN0,4.0,1350172800
A2JXCOUGYS5Y4J,B0041G2YN0,5.0,1368403200
A3EXW4HNYX7HF5,B0041G2YN0,5.0,1364428800
ALUV2YKWZENKK,B0041G2YN0,4.0,1351641600
AOXMWBNDZDJ9L,B0041G2YN0,4.0,1351987200
A3G2PUQ455XMXJ,B0041G2YN0,5.0,1353888000
A2QCE7L6GRE3MT,B0041G2YN0,4.0,1350691200
A89ZZKNDFQH23,B0041G2YN0,5.0,1350259200
A2QX49LS3Y3ANI,B0041G2YN0,4.0,1348617600
A1JTTI1KH3DOCY,B0041G2YN0,4.0,1348876800
A2E4R7YISIM4QM,B0041G2YN0,4.0,1352678400
A375NF45A1MDWI,B0041G2YN0,4.0,1349049600
A2IMZNPSJGB2HQ,B0041G2YN0,5.0,1356566400
ALEUQQE118NEW,B0041G2YN0,4.0,1349395200
A33X80DIINN48Y,B0041G2YN0,5.0,1348617600
A3QCC7PV6EG4YC,B0041G2YN0,4.0,1362009600
A19WEEGB05YAZ3,B0041G2YN0,4.0,1348790400
A3FMPT5IH0CJ50,B0041G2YN0,5.0,1365206400
A38H4XCCPLRF93,B0041G2YN0,5.0,1349136000
A1BAJ6JXU8PSZH,B0041G2YN0,5.0,1349049600
A3LLP0VSTSABK2,B0041G2YN0,4.0,1349222400
A226GFM0Q9L37H,B0041G2YN0,5.0,1351382400
A19JGPUJAX048H,B0041G2YN0,5.0,1349481600
AHRNDSKWH1YBT,B0041G2YN0,5.0,1353369600
A1UQUDT2Q0YENM,B0041G2YN0,5.0,1358380800
A2BZ16RKE13PKV,B0041G2YN0,5.0,1356480000
A30QAOLNZ4415R,B0041G2YN0,5.0,1348790400
A8QYRG7TW491B,B0041G2YN0,5.0,1356912000
A3FKPBNI7UWQFW,B0041G2YN0,4.0,1365292800
AA460WUKL3BC6,B00421AGFW,1.0,1328313600
A2HOLM5I1ARX9J,B00421AGFW,3.0,1314057600
A30IP3E4MDQ36,B00421AGFW,3.0,1354147200
A8KM4YOB8FGGH,B00421AGFW,5.0,1361750400
A4VMQ6ZTSXSSL,B00421AGFW,2.0,1320278400
A2VH0UT5EQFB6P,B00421AGFW,4.0,1315353600
A3ORV1QBL4K9U1,B00421AGFW,3.0,1314489600
A3A90CELVLOUP6,B00421AGFW,5.0,1336003200
A15CL28ALB7MTZ,B00421AGFW,4.0,1315180800
AGFW667QNHDOY,B00421AGFW,4.0,1326240000
A13WEKTB63G78Y,B00421AGFW,3.0,1319846400
A384HAQMS7XRZ4,B00421AGFW,2.0,1314230400
A3DGJMO6VPG6FJ,B00421AGFW,4.0,1314662400
A3UJRNI8UR4871,B00421AGFW,5.0,1314748800
ABC68JUCPTVOE,B00421AGGG,4.0,1315872000
ANCOMAI0I7LVG,B00421AGGG,2.0,1316649600
A3HUC8541SJ6UT,B00421AGGG,4.0,1353283200
ALUV2YKWZENKK,B00421AGGG,4.0,1317168000
A1NOBRCN20NGD5,B00421AGGG,5.0,1315785600
A18YMFFJW974QS,B00421AGGG,4.0,1318032000
A2QCE7L6GRE3MT,B00421AGGG,4.0,1315094400
A26NMTIHEUM65Z,B00421AGGG,4.0,1314748800
ACYR6O588USK,B00421AGGG,5.0,1315872000
A3JZUGERNK38IW,B00421AGGG,4.0,1319760000
A31AVXMESQRQAC,B00421AGGG,4.0,1337817600
AI2XINIZFPBI8,B00421AGGG,5.0,1315785600
ABSYIF0ONC2AF,B00421AGGG,4.0,1323648000
A2RHV42BTJSVON,B00421AGGG,5.0,1321920000
APVK8GGSSUDCE,B00421AGGG,5.0,1315440000
AK1WNXTHNCG5V,B00421AGGG,5.0,1314748800
A3A90CELVLOUP6,B00421AGGG,5.0,1336003200
A2C264HY1HHZVX,B00421AGGG,4.0,1319155200
A15CL28ALB7MTZ,B00421AGGG,4.0,1317168000
A2UT0FWM1DHKFJ,B00421AGGG,4.0,1314748800
A2I4A4WGWII18Z,B00421AGGG,4.0,1316390400
A1NN8Q1DLAYPGH,B00421AGGG,5.0,1330214400
A1ITRGMT80D5TK,B00421AGGG,4.0,1316044800
A3D5B2CBFNJB0K,B00421AGGG,4.0,1316995200
A33230MIA3W7G4,B00421AGGG,4.0,1323734400
A2K75QOCP9ZHSL,B00421AGHA,5.0,1316563200
AL3MFYSK9HKCL,B00421AGHA,4.0,1319846400
A3LMPD1ZQTWOC4,B00421AGHA,4.0,1330128000
A3GK1O5S6188AJ,B00421AGHA,4.0,1316649600
AYWHCM0TJ4737,B00421AGHA,5.0,1314662400
A1ZGXZW37JEZWH,B00421AGHA,5.0,1315353600
AW5JSQCHC2ZJO,B00421AGHA,4.0,1328227200
A2VAD79S4A06DD,B00421AGHA,5.0,1315180800
AKJHHD5VEH7VG,B00421AGHA,4.0,1316217600
AG8E2F0G98ZTB,B00421AGHA,4.0,1321401600
A18OUQEK7IZ2F2,B00421AGHA,4.0,1316476800
A3BH63GKL7MQ2K,B00421AGHA,4.0,1319068800
AOAOARIH72UWI,B00421AGHA,2.0,1318291200
A1EMN4T3ROJDOO,B00421AGHA,4.0,1316044800
A1EVV74UQYVKRY,B00421AGHA,3.0,1320796800
A23WE733QT4WGJ,B00421AGHA,1.0,1314835200
A2RHV42BTJSVON,B00421AGHA,2.0,1327881600
APVK8GGSSUDCE,B00421AGHA,4.0,1314748800
A1Y32FBX45NCNL,B00421AGHA,3.0,1316476800
AG71XMQGQ2UTJ,B00421AGHA,3.0,1317340800
AC04O7AYHEKJ5,B00421AGHA,4.0,1315526400
A2B3A8NQIHITO8,B00421AGHA,4.0,1320710400
A1NC9AGZOBI0M1,B00421AGHA,3.0,1322870400
A1KMG1AIUS00DC,B00421AGHA,3.0,1315440000
A3K93OWHKHGI9V,B00421AGHA,4.0,1319587200
A26R7LLAFTPC3U,B00421AGHA,3.0,1348704000
AUJFO0J9A2HGE,B00421AGJI,4.0,1316131200
AQB4DH57MSZSC,B00421AGJI,4.0,1316736000
A3IKLTT9JQACCI,B00421AGJI,5.0,1314748800
ALUV2YKWZENKK,B00421AGJI,4.0,1315785600
A2XYH8IHILWW7X,B00421AGJI,5.0,1316390400
A1UV5NB0DXTSWH,B00421AGJI,4.0,1317600000
A3VBXQKRM7A4JR,B00421AGJI,3.0,1315008000
A26NMTIHEUM65Z,B00421AGJI,3.0,1314748800
A5JLAU2ARJ0BO,B00421AGJI,4.0,1315699200
A2UBSGFCP2QFNV,B00421AGJI,3.0,1344384000
A22S7D0LP8GRDH,B00421AGJI,5.0,1315440000
A215WH6RUDUCMP,B00421AGJI,5.0,1316044800
A244CRJ2QSVLZ4,B00421AGJI,5.0,1315353600
A23TGI02RB7JC,B00421AGJI,5.0,1316044800
A3QDDEW6RXVEAY,B00421AGJI,4.0,1321660800
A2SLX6UHHYCMCV,B00421AGJI,4.0,1342656000
ASJ0MKRFZC47B,B00421AGJI,3.0,1314576000
AY3EENC2BGTGK,B00421AGJI,5.0,1315872000
ATECU14VUIOJ0,B00421AGJI,4.0,1315872000
A3L1BNBV4SS1H8,B00421AGJI,3.0,1315872000
A3FWVV13DJELLV,B00421AGJI,4.0,1316563200
A33PVCHCQ2BTN0,B00421AGJI,4.0,1315180800
AXVKMYWNIHK7W,B00421AGJI,4.0,1314748800
A1C139F5C7Y38P,B00421AGJI,4.0,1316908800
A2SPV96SGOEO2,B00421AGJI,4.0,1315872000
A1Q1T811N4IY3Z,B00421AGJI,5.0,1320624000
A1486KL0IOM7VM,B00421AGOI,1.0,1316649600
A1NOBRCN20NGD5,B00421AGOI,3.0,1314144000
AIP0VIGQWIW90,B00421AGOI,4.0,1320278400
AUEW0SKOB1XYF,B00421AGOI,3.0,1316649600
ALNFHVS3SC4FV,B00421AGOI,4.0,1316649600
A2PU5IDX61XJ7A,B00421AGOI,1.0,1315008000
A235NA61RC6YC1,B00421AGOI,3.0,1354665600
A1R2JUOGIYH6HO,B00421AGOI,3.0,1314057600
AYNRALJ4X1COS,B00421AGOI,3.0,1318809600
A1RR36YKJB917S,B00421AGOI,2.0,1315872000
A34UVV757IKPVB,B00421AGOI,1.0,1314662400
A31AVXMESQRQAC,B00421AGOI,3.0,1318550400
AI2XINIZFPBI8,B00421AGOI,3.0,1315785600
A2KQT4D0OZR569,B00421AGOI,3.0,1365984000
A23TGI02RB7JC,B00421AGOI,3.0,1316044800
A36EW68H08UOCS,B00421AGOI,4.0,1314835200
A398R165PXFOSS,B00421AGOI,3.0,1326585600
ASJ0MKRFZC47B,B00421AGOI,4.0,1315526400
AY3EENC2BGTGK,B00421AGOI,5.0,1322352000
A2QDOJFFLFGF18,B00421AGOI,2.0,1321401600
AGEKVD8JPZQMT,B00421AGOI,2.0,1315180800
A3EJ8XHVDC0CWH,B00421AGOI,4.0,1315008000
A1VTBADV3JS1EC,B00421AGOI,4.0,1316736000
A3PIW7ZF4C5ZJL,B00421AGOI,4.0,1314576000
A1R1BFJCMWX0Y3,B00421AGOI,2.0,1329609600
A33VI944SO2YCN,B00421AGOI,4.0,1323993600
AXVKMYWNIHK7W,B00421AGOI,4.0,1327536000
A2ECTCPBTOGW4H,B00421AGOS,5.0,1321833600
AL3MFYSK9HKCL,B00421AGOS,5.0,1340409600
A3GK1O5S6188AJ,B00421AGOS,5.0,1314144000
AC4XV78EJG1QB,B00421AGOS,4.0,1314835200
A2JXCOUGYS5Y4J,B00421AGOS,5.0,1368489600
AQB4DH57MSZSC,B00421AGOS,5.0,1316736000
A3U4GW06XNSI2Q,B00421AGOS,5.0,1336694400
ALUV2YKWZENKK,B00421AGOS,4.0,1317686400
AG2YXYIQ8TLTA,B00421AGOS,4.0,1324425600
A2QX49LS3Y3ANI,B00421AGOS,4.0,1315785600
AKJHHD5VEH7VG,B00421AGOS,5.0,1315180800
A15D2X8MICR2VQ,B00421AGOS,4.0,1323907200
A2DG63DN704LOI,B00421AGOS,3.0,1334793600
A215WH6RUDUCMP,B00421AGOS,4.0,1316044800
A1Z0LTKUA6F94D,B00421AGOS,5.0,1317772800
A2SDRCBPIAXVDW,B00421AGOS,4.0,1321920000
AU1SKSAF00JJH,B00421AGOS,5.0,1317859200
A1KLPS6P7UR631,B00421AGOS,4.0,1318377600
AEVO0UWFCAK02,B00421AGOS,4.0,1314057600
AIW4CHZOM5W7D,B00421AGOS,4.0,1314835200
A2HELIKP5RV27F,B00421AGOS,4.0,1315872000
ATANE2SC44592,B00421AGOS,5.0,1315526400
A2KQT4D0OZR569,B00421AGOS,4.0,1365897600
A17SZZO9LM3WYC,B00421AGOS,5.0,1314748800
A3ORV1QBL4K9U1,B00421AGOS,5.0,1315958400
A1Y32FBX45NCNL,B00421AGOS,4.0,1315872000
A1ZVFCPHCWFV71,B00421AGOS,3.0,1345680000
A105S56ODHGJEK,B00421AGOS,5.0,1315699200
AUV0EFKWA46TX,B00421AGOS,4.0,1315008000
APDPA11IZPYLN,B00421AGOS,4.0,1321315200
A3LKLGZZ8OWR51,B00421AGOS,5.0,1315958400
ARIDN94LOCQFD,B00421AGOS,4.0,1315094400
A2Q8GFSEUSGJ51,B00421AGOS,4.0,1316649600
A8KJS2P6E5DCB,B00421AGOS,4.0,1318550400
A156P4FPL8OGXB,B00421AGOS,4.0,1318982400
A384HAQMS7XRZ4,B00421AGOS,4.0,1315785600
A3D5B2CBFNJB0K,B00421AGOS,3.0,1316649600
A33230MIA3W7G4,B00421AGOS,4.0,1314835200
A26R7LLAFTPC3U,B00421AGOS,5.0,1343692800
A1Q1T811N4IY3Z,B00421AGOS,4.0,1314230400
AZA55FJD7CCZN,B00421AGP2,4.0,1315872000
A1ZTE3K3EN4TS3,B00421AGP2,4.0,1315440000
A2C1Y5F8DE9H6P,B00421AGP2,3.0,1315699200
A1UV5NB0DXTSWH,B00421AGP2,4.0,1314576000
A28IIVKXOE1ATF,B00421AGP2,3.0,1315440000
A3B9C6MZAFC1JX,B00421AGP2,4.0,1316044800
A97H5I4P5PCEM,B00421AGP2,4.0,1313971200
ABMX8XUNPR3LP,B00421AGP2,5.0,1340150400
A31AVXMESQRQAC,B00421AGP2,5.0,1316476800
A5H8NA5CJ0FK4,B00421AGP2,3.0,1367452800
AI2XINIZFPBI8,B00421AGP2,5.0,1315785600
ASHO96ZB8AL1Z,B00421AGP2,4.0,1315785600
AFHYEO3Y1IIDD,B00421AGP2,5.0,1316044800
A2V98TS4QDDCG9,B00421AGP2,4.0,1315526400
A6B92PTV0Z1SU,B00421AGP2,4.0,1319241600
A14RYRR7ETV3UY,B00421AGP2,5.0,1314144000
A2PD27UKAD3Q00,B00421AGP2,2.0,1316649600
A20L63B48RPSOH,B00421AGP2,3.0,1321142400
A1WP940JZL83T7,B00428LIX4,5.0,1316563200
A3OXRFCJI67IMN,B00428LIX4,5.0,1316563200
A2OJCTT5WLB2HR,B00428LIX4,5.0,1320796800
A2TTHN1UMO82VY,B00428LIX4,2.0,1350432000
ABQWMANK4AR63,B00428LIX4,4.0,1316476800
AX7QMRXX81L9K,B00428LIX4,4.0,1323820800
A1FJFLAAQD5WH2,B00428LIX4,5.0,1319760000
A2VHCA21QKNEKE,B00428LIX4,4.0,1319500800
AC1YLEFC9AN5X,B00428LIX4,4.0,1316563200
AQRN2I355LZ3F,B00428LIX4,4.0,1316649600
A11OBEH2ZCVAHX,B00428LIX4,4.0,1317254400
A2SPV96SGOEO2,B00428LIX4,5.0,1329696000
A1QR76SYGTXJN5,B0042ES50M,4.0,1318896000
A3VGAP2KLCBNBB,B0042ES50M,4.0,1331424000
A279FUL12R7MBD,B0042ES50M,5.0,1317168000
A1RR36YKJB917S,B0042ES50M,5.0,1316649600
AQYYUN3T7B0WM,B0042ES50M,4.0,1316736000
A31AVXMESQRQAC,B0042ES50M,5.0,1316476800
ADFLBRY00Y70G,B0042ES50M,4.0,1319760000
A1NC9AGZOBI0M1,B0042ES50M,3.0,1319932800
A3VS2RYRGDW4HS,B0042ES50M,4.0,1318464000
A2OG83SEU9HL6D,B0042ES50M,4.0,1317081600
A2XFM8PN6G0B02,B0042ES50M,5.0,1321315200
A3FQZH8PJB535A,B0042ES50M,4.0,1317945600
A2YQ2ZI65F37N8,B0042ES50M,5.0,1317168000
AVHN134ADVP4R,B0042MAKAW,3.0,1293235200
A318IDAWJ9ZYAY,B0042MAKAW,3.0,1289952000
ARSQ2F9U315WG,B0042MAKAW,5.0,1294704000
A38RMU1Y5TDP9,B0042MAKAW,5.0,1288051200
A2XYH8IHILWW7X,B0042MAKAW,5.0,1288051200
A2IFKH3TJ10387,B0042MAKAW,4.0,1288656000
ALNFHVS3SC4FV,B0042MAKAW,5.0,1325808000
A3G2PUQ455XMXJ,B0042MAKAW,5.0,1289088000
AHNHLGKIZ2N3B,B0042MAKAW,5.0,1290470400
AVFJ327UXPXLF,B0042MAKAW,5.0,1290470400
A14X244VGHWPSX,B0042MAKAW,4.0,1296086400
A2T7GZ74MZI0MN,B0042MAKAW,4.0,1303084800
ASGI7E0AJ8H5X,B0042MAKAW,4.0,1299369600
A28OB1QLXN5BM6,B0042MAKAW,5.0,1293667200
A4VMQ6ZTSXSSL,B0042MAKAW,2.0,1293408000
AP8D74QD9LUUL,B0042MAKAW,5.0,1289433600
A23TGI02RB7JC,B0042MAKAW,5.0,1294358400
AFHYEO3Y1IIDD,B0042MAKAW,4.0,1288224000
AXR3CV6A4FMBG,B0042MAKAW,5.0,1294272000
AAU0G40ZN5RIL,B0042MAKAW,5.0,1290038400
A2G4LKK57XMBL3,B0042MAKAW,3.0,1297900800
A2NVQZ4Y7Y0J1R,B0042MAKAW,4.0,1290816000
AZA55FJD7CCZN,B0043E0XJM,4.0,1318377600
A7OTTM22AV2VR,B0043E0XJM,3.0,1350518400
A1TR1R2QKWRSRA,B0043E0XJM,3.0,1334707200
A3FG0FQHNV2UP2,B0043E0XJM,4.0,1317513600
A3BTL4FV6ODKAT,B0043E0XJM,4.0,1317081600
A1VXIY1511XQK2,B0043E0XJM,3.0,1319673600
A14X244VGHWPSX,B0043E0XJM,5.0,1320192000
A1SB9BNNGKNX2Z,B0043E0XJM,2.0,1318723200
A34CSXOGVYF94S,B0043E0XJM,3.0,1317513600
A3DZFEICHK5LF2,B0043E0XJM,4.0,1354147200
A28OB1QLXN5BM6,B0043E0XJM,3.0,1318377600
AEVO0UWFCAK02,B0043E0XJM,3.0,1317859200
A1UUI7PFQ5FU4E,B0043E0XJM,4.0,1322870400
A36EW68H08UOCS,B0043E0XJM,4.0,1316563200
A3K8AU6BAGN60E,B0043E0XJM,5.0,1317254400
AAA0TUKS5VBSA,B0043E0XJM,3.0,1317340800
AQRN2I355LZ3F,B0043E0XJM,4.0,1321488000
A2UT0FWM1DHKFJ,B0043E0XJM,3.0,1316563200
A2RN2AO4BE6F4K,B0043E0XJM,4.0,1320019200
A2B7BUH8834Y6M,B0043E0XJM,2.0,1318982400
A3JHC8O59WDHFZ,B0043E0XJM,2.0,1318636800
AM9APPMIE1BHZ,B0043E0XJM,4.0,1326844800
A384HAQMS7XRZ4,B0043E0XJM,4.0,1317168000
ACR4HKUT808U1,B0043E0XJM,5.0,1316649600
A1Q08H4B9QGT2N,B0043RS8CS,3.0,1307836800
A37USOKUTI724H,B0043RS8CS,4.0,1290038400
AY3D7DG5L5WCK,B0043RS8CS,4.0,1295049600
A35HOUWHAYZZN6,B0043RS8CS,5.0,1358380800
A5GPH59NDWJRB,B0043RS8CS,2.0,1310947200
A34CSXOGVYF94S,B0043RS8CS,2.0,1288915200
AP8D74QD9LUUL,B0043RS8CS,3.0,1300320000
AFHYEO3Y1IIDD,B0043RS8CS,2.0,1289260800
A1NIGUK4M2ST8,B0043RS8CS,4.0,1290038400
AK1WNXTHNCG5V,B0043RS8CS,3.0,1354060800
AQZ4PHIEEV5N5,B0043RS8CS,3.0,1290384000
A1YAGM2QOSAAOT,B0043RS8CS,2.0,1290384000
A1GNYV0RA0EQSS,B0043RS8CS,3.0,1289520000
A4GI4654JA8NK,B0043RS8D2,2.0,1292457600
A2RX62V4E2BF5Z,B0043RS8D2,3.0,1358640000
AYOMAHLWRQHUG,B0043RS8D2,2.0,1288656000
A2VRAT69JDAD3W,B0043RS8D2,4.0,1287964800
A1P0JSFW184ZXJ,B0043RS8D2,4.0,1290038400
A1EVV74UQYVKRY,B0043RS8D2,5.0,1291852800
A2LXC5ZHHP0WXP,B0043RS8D2,5.0,1288828800
A2RHV42BTJSVON,B0043RS8D2,4.0,1292371200
A19JGPUJAX048H,B0043RS8D2,1.0,1289174400
A2QDOJFFLFGF18,B0043RS8D2,5.0,1292457600
A9XX8OHS2ZQ2X,B0043RS8D2,4.0,1290470400
APPCJX62WKIIP,B0043RS8D2,3.0,1295568000
A357B3PUHSVQA,B0043RS8D2,3.0,1326153600
A1486KL0IOM7VM,B0044D4SD4,4.0,1318982400
AFTFND8CPQ34M,B0044D4SD4,4.0,1317945600
A3U4GW06XNSI2Q,B0044D4SD4,3.0,1319414400
A3OXRFCJI67IMN,B0044D4SD4,5.0,1317081600
AGXV8E7XK9J6H,B0044D4SD4,3.0,1322006400
ALNFHVS3SC4FV,B0044D4SD4,3.0,1323734400
A3OJX18B60PJR9,B0044D4SD4,5.0,1319673600
A1P0JSFW184ZXJ,B0044D4SD4,4.0,1319155200
A2QI2NTDTMK2FV,B0044D4SD4,4.0,1317254400
A14X244VGHWPSX,B0044D4SD4,4.0,1321920000
A23WE733QT4WGJ,B0044D4SD4,4.0,1326240000
A3LLP0VSTSABK2,B0044D4SD4,3.0,1317081600
A3FWVV13DJELLV,B0044D4SD4,4.0,1317168000
A231LBC8EGPO5L,B0044D4SD4,4.0,1320105600
AVL5IDEE8YA3D,B0044D4SD4,4.0,1318291200
AZKGCE3LNX7WB,B0044D4SD4,5.0,1317168000
A2XFM8PN6G0B02,B0044D4SD4,4.0,1321228800
A2T04VAIXSKJH2,B0044D4SD4,4.0,1317686400
A1UINGIK3UG77D,B0044D4SD4,3.0,1317254400
A1486KL0IOM7VM,B0044DARSY,2.0,1318982400
A25HYPL2XKQPZB,B0044DARSY,3.0,1318464000
A11SPSEM08VIXX,B0044DARSY,3.0,1319068800
A33PBU9EHZ28PC,B0044DARSY,3.0,1317168000
A31YSTICHFYN7O,B0044DARSY,4.0,1330646400
A3OJX18B60PJR9,B0044DARSY,4.0,1316649600
A2A33KJUP7T2FK,B0044DARSY,4.0,1319068800
A375NF45A1MDWI,B0044DARSY,3.0,1316563200
A24U6WGBZ4P74W,B0044DARSY,4.0,1316649600
A36EW68H08UOCS,B0044DARSY,2.0,1317254400
A25TNBMJ4ZO7RD,B0044DARSY,1.0,1324771200
A199FRO0YFMGED,B0044DARSY,4.0,1320883200
AVL5IDEE8YA3D,B0044DARSY,4.0,1318291200
A2NXAV1SNXWA9H,B0044DARSY,3.0,1318896000
A1UINGIK3UG77D,B0044DARSY,4.0,1317254400
A1M7Y63Y5GYJI1,B0044DARSY,5.0,1319673600
A19D3N662QS9WD,B0044DLMII,4.0,1317081600
A2AYYKD4OODSLY,B0044DLMII,4.0,1309219200
A2CNGARED6OWWU,B0044DLMII,4.0,1310515200
A19FRW264WZTGP,B0044DLMII,3.0,1309392000
A279A4Y2N1CQ26,B0044DLMII,2.0,1315699200
A1IBKN1GXYJ3K4,B0044DLMII,2.0,1321920000
AXAJXJZUL2J5P,B0044DLMII,4.0,1308614400
A397CWU6DM3O5G,B0044DLMII,4.0,1309564800
A1FWFCJU2G7TRA,B0044DLMII,5.0,1309219200
A1QT3N5FUQ4I47,B0044DLMII,4.0,1311120000
A19JGPUJAX048H,B0044DLMII,3.0,1310947200
AHRNDSKWH1YBT,B0044DLMII,2.0,1310947200
A3GMVCTJTHYG1F,B0044DLMII,5.0,1309824000
A3K3SE4RK846WO,B0044DLMII,4.0,1322524800
A28UMA3GW9L124,B0044DLMII,3.0,1326585600
A6B92PTV0Z1SU,B0044DLMII,3.0,1308700800
A58F10T4OE58C,B0044DLMII,3.0,1309824000
A2QKCOX5ACRHC5,B0044DLMII,2.0,1310342400
A2VWE5SGNDS8HW,B0044DLMII,4.0,1309478400
A2WW57XX2UVLM6,B0044DLMII,3.0,1309910400
A1QK0XCAPHIW1L,B0044DLMII,3.0,1310860800
A3U0S17XYK8XMJ,B0045OV9IO,3.0,1314921600
A1K84GJLQWFIQ7,B0045OV9IO,4.0,1364601600
A1ZGXZW37JEZWH,B0045OV9IO,4.0,1315526400
A3EK2KTYHJCPB9,B0045OV9IO,5.0,1315785600
A1BHSP8TPTH8Y5,B0045OV9IO,4.0,1316131200
A3OXHLG6DIBRW8,B0045OV9IO,4.0,1315440000
A3JZUGERNK38IW,B0045OV9IO,4.0,1315872000
A1DB5QPH7WO488,B0045OV9IO,4.0,1316476800
AOAOARIH72UWI,B0045OV9IO,4.0,1315958400
A2JVBJUU2DL0WA,B0045OV9IO,3.0,1316563200
A1MAI0TUIM3R2X,B0045OV9IO,5.0,1358985600
A2TBAUW2W7J538,B0045OV9IO,4.0,1315440000
AUS5X6IMFLJBD,B0045OV9IO,4.0,1315353600
ARIDN94LOCQFD,B0045OV9IO,4.0,1314230400
A1C139F5C7Y38P,B0045OV9IO,4.0,1316908800
A2PD27UKAD3Q00,B0045OV9IO,5.0,1317168000
A3CIHP9FFPE9I3,B004781SW0,4.0,1388188800
A30H2335OM7RD6,B004781SW0,5.0,1388448000
AMB5L7WUBUVDM,B004781SW0,3.0,1387238400
A89ZZKNDFQH23,B004781SW0,3.0,1388016000
A10Z8FC0SMU5VQ,B004781SW0,5.0,1385337600
A1DW1FK1H3F2TM,B004781SW0,5.0,1386374400
A3B9C6MZAFC1JX,B004781SW0,3.0,1387411200
A18OUQEK7IZ2F2,B004781SW0,3.0,1388534400
A1Y5ERIKQBEMSP,B004781SW0,5.0,1386633600
A4SD8F79JBYG2,B004781SW0,4.0,1389830400
A1ZGHA3IJV01BK,B004781SW0,4.0,1386460800
AI2XINIZFPBI8,B004781SW0,5.0,1387152000
A3OIQ3T0OIKY66,B004781SW0,3.0,1385856000
AORGKBNQZ83O8,B004781SW0,5.0,1389830400
A2GSY9DM54Y0HS,B004781SW0,4.0,1389744000
A3ORV1QBL4K9U1,B004781SW0,4.0,1388966400
A1Y32FBX45NCNL,B004781SW0,4.0,1388448000
A1LG1DKUZXGJ6J,B004781SW0,3.0,1388361600
A344N0X5LIV43M,B004781SW0,3.0,1385337600
APDPA11IZPYLN,B004781SW0,4.0,1389830400
A17M1HL6U2GS7M,B004781SW0,4.0,1388448000
A1UINGIK3UG77D,B004781SW0,3.0,1385942400
A19YOYY7FLQMA6,B004781SW0,4.0,1387152000
AXVKMYWNIHK7W,B004781SW0,3.0,1386288000
A19DW3VKM5KKYB,B004781SW0,4.0,1388966400
A2NVQZ4Y7Y0J1R,B004781SW0,4.0,1388275200
A3MUSWDCTZINQZ,B004781SW0,4.0,1388707200
A3SBZAOPPY40IT,B004781SW0,4.0,1387238400
A12O5SEIF162P8,B004781SW0,4.0,1387324800
A19JDXB5R33C7R,B004781SW0,4.0,1387324800
A16EIVIBBXFAQ0,B0047WZH0U,1.0,1377561600
A2IMGHMF0LO151,B0047WZH0U,3.0,1378166400
A3U5CZ3PV82JXD,B0047WZH0U,3.0,1379462400
A2E3NAL9ECE7VS,B0047WZH0U,2.0,1377216000
A8KM4YOB8FGGH,B0047WZH0U,3.0,1380067200
A1NIGUK4M2ST8,B0047WZH0U,3.0,1377561600
A23KDA686N6T4Y,B0047WZH0U,4.0,1379635200
A231LBC8EGPO5L,B0047WZH0U,3.0,1378684800
A2ZKQC0XCIIAEM,B0047WZH0U,4.0,1377475200
A1XFI340SHOS5K,B0047WZH0U,2.0,1377043200
AC4XV78EJG1QB,B0048EKSLA,4.0,1319587200
A3BZUQXA2QHDI2,B0048EKSLA,3.0,1323129600
AOM63D4VL32WM,B0048EKSLA,2.0,1320883200
A1FDVT0DLJWV78,B0048EKSLA,4.0,1319673600
A3VBXQKRM7A4JR,B0048EKSLA,5.0,1319932800
A3MWP39R0W9TQX,B0048EKSLA,4.0,1322784000
A1DY0CRKZEY0FB,B0048EKSLA,4.0,1324339200
AGVDI7RLT24WJ,B0048EKSLA,5.0,1321833600
A2V2URLB31HG59,B0048EKSLA,5.0,1321920000
AU1SKSAF00JJH,B0048EKSLA,5.0,1337040000
A22B13EJTZKCTM,B0048EKSLA,4.0,1321833600
A1EVV74UQYVKRY,B0048EKSLA,5.0,1320710400
A23WE733QT4WGJ,B0048EKSLA,3.0,1328140800
ALLHJD3KZF9KC,B0048EKSLA,4.0,1321488000
A20A523DFHLRBT,B0048EKSLA,5.0,1319673600
A1XVF5DU3N05OM,B0048EKSLA,4.0,1322956800
A25TNBMJ4ZO7RD,B0048EKSLA,2.0,1319760000
A1NC9AGZOBI0M1,B0048EKSLA,5.0,1322870400
A23KACXOE9O9TX,B0048EKSLA,5.0,1319500800
A2MW90O3P2GOO5,B0048EKSLA,4.0,1320105600
A58F10T4OE58C,B0048EKSLA,5.0,1321488000
A2I4A4WGWII18Z,B0048EKSLA,5.0,1319673600
A3DFH4CKPIT0N9,B0048EKSLA,5.0,1320192000
A8KJS2P6E5DCB,B0048EKSLA,4.0,1319500800
A3R01WHD75L6FG,B0048EKSLA,4.0,1319587200
A19D3N662QS9WD,B00499CVBE,5.0,1315180800
A4GI4654JA8NK,B00499CVBE,4.0,1314230400
A2IG937LQKWO7C,B00499CVBE,4.0,1314230400
APPJNVNF4BFLB,B00499CVBE,5.0,1314057600
A2MVPY9XVYST9H,B00499CVBE,5.0,1315008000
A1S27P7KJO9I96,B00499CVBE,3.0,1316044800
A5JLAU2ARJ0BO,B00499CVBE,3.0,1315785600
ADJ0G262H54GP,B00499CVBE,3.0,1314403200
AZ515FFZ7I2P7,B00499CVBE,4.0,1316044800
A37CXU92U7FYJH,B00499CVBE,5.0,1313971200
A2RKI7RPP5CJMG,B00499CVBE,4.0,1314748800
ARARUVZ8RUF5T,B00499CVBE,3.0,1314921600
A3T7XVG3AXJF61,B00499CVBE,5.0,1316649600
AE8AT5NB4DDRM,B00499CVBE,1.0,1314316800
AP8D74QD9LUUL,B00499CVBE,4.0,1316476800
A17SZZO9LM3WYC,B00499CVBE,5.0,1314057600
A35Q0RBM3YNQNF,B00499CVBE,5.0,1316304000
AVJJ2D4G5I0Z4,B00499CVBE,4.0,1347580800
AC1YLEFC9AN5X,B00499CVBE,4.0,1315872000
A1XVF5DU3N05OM,B00499CVBE,4.0,1314662400
AK1WNXTHNCG5V,B00499CVBE,5.0,1314748800
A2V98TS4QDDCG9,B00499CVBE,5.0,1313971200
A16QODENBJVUI1,B00499CVBE,5.0,1315008000
A2SPV96SGOEO2,B00499CVBE,5.0,1329696000
A2V92F5R7MLCVI,B00499CVBE,4.0,1321228800
A1NKKF4W2LHF6M,B0049ACJVA,4.0,1356912000
AFO678EAGH4Y9,B0049ACJVA,4.0,1350172800
A1DRKVXO300RUE,B0049ACJVA,2.0,1349049600
A2AYYKD4OODSLY,B0049ACJVA,4.0,1356566400
A1ZGXZW37JEZWH,B0049ACJVA,5.0,1350432000
A1T8N18XKDLJO4,B0049ACJVA,4.0,1351036800
A2UYWE97KME0M,B0049ACJVA,5.0,1350518400
AJ2FDNZ3COBFN,B0049ACJVA,5.0,1351036800
A3CN9CCJUNIPKT,B0049ACJVA,4.0,1360800000
A2974R9BTPZPOJ,B0049ACJVA,4.0,1355270400
A17V2N0N8CXSA9,B0049ACJVA,5.0,1350432000
A9NFFAZF3LIB2,B0049ACJVA,4.0,1349827200
A3A8FMW6BDJ166,B0049ACJVA,5.0,1350864000
A3C9YGB4H90PDE,B0049ACJVA,2.0,1356566400
A23WE733QT4WGJ,B0049ACJVA,5.0,1350518400
A2GSY9DM54Y0HS,B0049ACJVA,5.0,1350432000
A3QDDEW6RXVEAY,B0049ACJVA,5.0,1350864000
A398R165PXFOSS,B0049ACJVA,5.0,1350345600
A3415H58HNGQFV,B0049ACJVA,5.0,1352937600
A2A4M3EDEUKG3L,B0049ACJVA,3.0,1352246400
A3LKLGZZ8OWR51,B0049ACJVA,3.0,1350432000
A2SD1Z4OROY538,B0049ACJVA,5.0,1349913600
A3U52V5ZAHZZKU,B0049ACJVA,5.0,1348790400
A2PD27UKAD3Q00,B0049ACJVA,5.0,1349740800
A1II2ZRPKZAQQD,B004BN1R90,4.0,1309305600
A2JXCOUGYS5Y4J,B004BN1R90,3.0,1311811200
AW5JSQCHC2ZJO,B004BN1R90,4.0,1311206400
A7C77J4MH94B6,B004BN1R90,3.0,1321488000
A1SD1C8XK3Z3V1,B004BN1R90,4.0,1309046400
A2BFIYZYNK54QX,B004BN1R90,4.0,1316044800
A2LO1YE4Q0N4F,B004BN1R90,4.0,1310688000
A30IP3E4MDQ36,B004BN1R90,3.0,1309910400
A13BX9O5UDBILC,B004BN1R90,2.0,1308960000
A2UEB48LAWFUCW,B004BN1R90,3.0,1311638400
A2X7NBUETXC19E,B004BN1R90,3.0,1311292800
A34UVV757IKPVB,B004BN1R90,1.0,1311033600
A3U029B8Z5WGI2,B004BN1R90,4.0,1310688000
AONUCJBC85BL,B004BN1R90,4.0,1311206400
A3ORV1QBL4K9U1,B004BN1R90,2.0,1310256000
AGEKVD8JPZQMT,B004BN1R90,3.0,1318464000
A22CW0ZHY3NJH8,B004BN1R90,4.0,1309219200
A3U52V5ZAHZZKU,B004BN1R90,5.0,1311897600
A1Q1T811N4IY3Z,B004BN1R90,5.0,1308528000
A2VAD79S4A06DD,B004D3A9AG,5.0,1337299200
A2PFCO5ON4N2UP,B004D3A9AG,5.0,1336089600
A2FS38D943KX12,B004D3A9AG,4.0,1339891200
A1MZEMD0EDETS6,B004D3A9AG,5.0,1337126400
A2QCE7L6GRE3MT,B004D3A9AG,3.0,1339632000
A26DQMYF5E0GL6,B004D3A9AG,4.0,1340236800
A1UFLVSJ3IRETQ,B004D3A9AG,5.0,1340668800
AAWUXA65NDMYM,B004D3A9AG,2.0,1338768000
AFK893ELKDPY,B004D3A9AG,4.0,1336176000
A3PJZ8TU8FDQ1K,B004D3A9AG,4.0,1355961600
A1DB5QPH7WO488,B004D3A9AG,5.0,1336953600
A3C9YGB4H90PDE,B004D3A9AG,4.0,1340841600
A224I5WR8UQDDC,B004D3A9AG,4.0,1335916800
A1LG1DKUZXGJ6J,B004D3A9AG,4.0,1337126400
A2JVBJUU2DL0WA,B004D3A9AG,4.0,1345075200
APPCJX62WKIIP,B004D3A9AG,4.0,1337817600
A1VABWDOUQLULZ,B004D3A9AG,3.0,1365120000
A2WW57XX2UVLM6,B004D3A9AG,4.0,1344124800
A2NVQZ4Y7Y0J1R,B004D3A9AG,4.0,1338940800
A1IA0O3OYQO9LV,B004D3A9AG,5.0,1335744000
A5X1B2HBQUR3P,B004D3A9AG,4.0,1337212800
A3U0S17XYK8XMJ,B004DL164G,4.0,1358380800
AJV985MKGCIQ0,B004DL164G,5.0,1351209600
A2UYWE97KME0M,B004DL164G,5.0,1354492800
A37USOKUTI724H,B004DL164G,5.0,1367452800
ARNEUO7BF3J55,B004DL164G,5.0,1349395200
A1WKEAS58297E5,B004DL164G,4.0,1353369600
A3BAE79NXFDXGV,B004DL164G,4.0,1350345600
A1J6B00Z1D6PS4,B004DL164G,5.0,1355529600
A3P8ZDHC7XSKSE,B004DL164G,4.0,1357257600
A16QODENBJVUI1,B004DL164G,5.0,1352419200
A2TXMYYGSZCSZ1,B004FH9FF0,5.0,1321488000
A2877AOHJFZI0E,B004FH9FF0,4.0,1319068800
A3CA3RWZYJDWXE,B004FH9FF0,4.0,1345680000
A1ZTE3K3EN4TS3,B004FH9FF0,4.0,1317168000
A1I7QGUDP043DG,B004FH9FF0,4.0,1317254400
A2BN9DIBP9A0XG,B004FH9FF0,5.0,1317168000
AY3D7DG5L5WCK,B004FH9FF0,5.0,1327708800
A28IIVKXOE1ATF,B004FH9FF0,5.0,1317081600
A2TS040W2FW5O,B004FH9FF0,5.0,1317254400
A1KGWUYXUBEMB2,B004FH9FF0,5.0,1317772800
A361U4SXK7FCQE,B004FH9FF0,4.0,1319068800
A5H8NA5CJ0FK4,B004FH9FF0,4.0,1321660800
A3K4AJLVHAH4OZ,B004FH9FF0,5.0,1316822400
A1KI3173CO6TK2,B004FH9FF0,4.0,1317254400
AVJJ2D4G5I0Z4,B004FH9FF0,5.0,1318204800
ADFLBRY00Y70G,B004FH9FF0,4.0,1319760000
A3QD7VWBD470D2,B004FH9FF0,4.0,1317168000
A3Z9QN0RCOHEY,B004FH9FF0,5.0,1317168000
A199FRO0YFMGED,B004FH9FF0,4.0,1326931200
A1RDHBBZE1NPS3,B004FH9FF0,5.0,1322352000
A1E5WXNTI7EO2A,B004FH9FF0,4.0,1326844800
A13Z96HR8EEF24,B004FH9FF0,4.0,1316995200
A1QK0XCAPHIW1L,B004FH9FF0,5.0,1318204800
A16YU3GRGCD95S,B004FH9FF0,5.0,1321142400
A2J8DE8R94ZB02,B004FH9FF0,5.0,1326585600
A2ECTCPBTOGW4H,B004FPYL2O,5.0,1351123200
AYWHCM0TJ4737,B004FPYL2O,5.0,1344470400
A914TQVHI872U,B004FPYL2O,5.0,1344729600
A2ZPZM9RE08JXF,B004FPYL2O,5.0,1341964800
A2OJCTT5WLB2HR,B004FPYL2O,5.0,1342656000
ATS2855497V0I,B004FPYL2O,4.0,1341619200
A2WB4OWBUH2VQX,B004FPYL2O,4.0,1342137600
AAWUXA65NDMYM,B004FPYL2O,5.0,1343260800
A34CSXOGVYF94S,B004FPYL2O,5.0,1345593600
A2VH0UT5EQFB6P,B004FPYL2O,5.0,1341273600
A35NOFKHK8P2LU,B004FPYL2O,5.0,1344038400
A1KI3173CO6TK2,B004FPYL2O,5.0,1344988800
A3QBCX2QMKJ7AH,B004FPYL2O,5.0,1345075200
ALDV8DDZWWPYE,B004FPYL2O,5.0,1343779200
A1Y32FBX45NCNL,B004FPYL2O,5.0,1345075200
A1ZVFCPHCWFV71,B004FPYL2O,4.0,1345680000
A3415H58HNGQFV,B004FPYL2O,5.0,1348099200
A28UMA3GW9L124,B004FPYL2O,4.0,1355788800
A2B3A8NQIHITO8,B004FPYL2O,5.0,1342396800
A3P8ZDHC7XSKSE,B004FPYL2O,4.0,1351296000
A9XX8OHS2ZQ2X,B004FPYL2O,5.0,1341014400
A2A4M3EDEUKG3L,B004FPYL2O,4.0,1348099200
A13Z96HR8EEF24,B004FPYL2O,4.0,1341273600
A2PD27UKAD3Q00,B004FPYL2O,5.0,1344902400
A19JDXB5R33C7R,B004FPYL2O,5.0,1342224000
A2ECTCPBTOGW4H,B004I8V6Z8,5.0,1324512000
A1II2ZRPKZAQQD,B004I8V6Z8,5.0,1320364800
A2JXCOUGYS5Y4J,B004I8V6Z8,4.0,1321056000
A3F2VVIQIY6U64,B004I8V6Z8,5.0,1319587200
AG2YXYIQ8TLTA,B004I8V6Z8,5.0,1321228800
AYOMAHLWRQHUG,B004I8V6Z8,3.0,1325203200
ACJT8MUC0LRF0,B004I8V6Z8,4.0,1320624000
A2BN9DIBP9A0XG,B004I8V6Z8,5.0,1328054400
A2E4R7YISIM4QM,B004I8V6Z8,4.0,1329350400
AG8E2F0G98ZTB,B004I8V6Z8,5.0,1321056000
A24RCBRDXRXR0Y,B004I8V6Z8,4.0,1320624000
A2QI2NTDTMK2FV,B004I8V6Z8,3.0,1321315200
A14X244VGHWPSX,B004I8V6Z8,4.0,1320192000
A2H1W8V6R9TJ9E,B004I8V6Z8,5.0,1323907200
A1R2JUOGIYH6HO,B004I8V6Z8,5.0,1319673600
A2RKI7RPP5CJMG,B004I8V6Z8,4.0,1321574400
A3L2KYOYDWSRPL,B004I8V6Z8,4.0,1320883200
AHRNDSKWH1YBT,B004I8V6Z8,3.0,1325894400
A3M2O06MCHJG18,B004I8V6Z8,4.0,1329868800
A3QEIVO8AB3YMU,B004I8V6Z8,5.0,1320537600
A1WSQ0QRWQC7VI,B004I8V6Z8,4.0,1324771200
AM8J1UVGVYAL4,B004I8V6Z8,4.0,1321488000
A3LN4AOPBIUQWR,B004I8V6Z8,5.0,1321056000
A2IJ54FX1L83WK,B004I8V6Z8,5.0,1319500800
A1MAI0TUIM3R2X,B004I8V6Z8,5.0,1326844800
A2TBAUW2W7J538,B004I8V6Z8,4.0,1321315200
A1EN4XAKX9LK4A,B004I8V6Z8,4.0,1367798400
A3LKLGZZ8OWR51,B004I8V6Z8,4.0,1321315200
A2XFM8PN6G0B02,B004I8V6Z8,5.0,1321056000
A1MRRMHGV3PN5W,B004I8V6Z8,4.0,1329436800
A1NOV41485TE0D,B004I8V6Z8,4.0,1320278400
AIPVKMLXTO6H9,B004I8V6Z8,4.0,1325030400
A3D5B2CBFNJB0K,B004I8V6Z8,4.0,1325116800
A12O5SEIF162P8,B004I8V6Z8,4.0,1331769600
A2LAS014NSRW72,B004I8V6ZI,2.0,1319500800
A3LWC833HQIG7J,B004I8V6ZI,5.0,1320364800
A3BZUQXA2QHDI2,B004I8V6ZI,4.0,1320451200
AZA55FJD7CCZN,B004I8V6ZI,3.0,1324944000
A2HC9549CZAKNN,B004I8V6ZI,2.0,1322611200
A1HBC0NBQJHT7X,B004I8V6ZI,4.0,1326067200
A3EK2KTYHJCPB9,B004I8V6ZI,4.0,1320364800
A1Q08H4B9QGT2N,B004I8V6ZI,5.0,1320105600
A3MEMX0XF00TBD,B004I8V6ZI,3.0,1322611200
ACJT8MUC0LRF0,B004I8V6ZI,4.0,1320624000
A2OJCTT5WLB2HR,B004I8V6ZI,5.0,1320796800
A1KSNK256G46GX,B004I8V6ZI,5.0,1320278400
A2Y5T1O43P14RP,B004I8V6ZI,2.0,1329868800
A35IX2GE0VC0JP,B004I8V6ZI,5.0,1321401600
A3F43PAJZLOE3I,B004I8V6ZI,5.0,1365206400
A3A8FMW6BDJ166,B004I8V6ZI,3.0,1321488000
A33X80DIINN48Y,B004I8V6ZI,4.0,1320451200
A1R2JUOGIYH6HO,B004I8V6ZI,4.0,1321833600
A3HAA7H8PBVM78,B004I8V6ZI,5.0,1320192000
AGVDI7RLT24WJ,B004I8V6ZI,3.0,1321833600
A1RR36YKJB917S,B004I8V6ZI,5.0,1320624000
A3KCKECEO3E2AN,B004I8V6ZI,5.0,1321401600
A267FU71Z01CIH,B004I8V6ZI,3.0,1321056000
A1I2U8NT5J6P1N,B004I8V6ZI,4.0,1320278400
AMYTL79JMGQ6D,B004I8V6ZI,4.0,1320019200
A5BJMAHZWGJ7N,B004I8V6ZI,4.0,1319673600
AC1YLEFC9AN5X,B004I8V6ZI,2.0,1322438400
ADFLBRY00Y70G,B004I8V6ZI,4.0,1321401600
A3212H6SF9W1LV,B004I8V6ZI,4.0,1319500800
AGEKVD8JPZQMT,B004I8V6ZI,3.0,1320451200
AK1WNXTHNCG5V,B004I8V6ZI,5.0,1320192000
A3LN4AOPBIUQWR,B004I8V6ZI,5.0,1321056000
AT28RL25Q2OLK,B004I8V6ZI,3.0,1322956800
A1FXY0GUFHEI59,B004I8V6ZI,2.0,1319500800
A1D1IDI5S9TN9D,B004I8V6ZI,2.0,1324771200
A1EN4XAKX9LK4A,B004I8V6ZI,4.0,1367798400
A1GUN2J1FDYNF3,B004I8V6ZI,5.0,1320796800
A14RYRR7ETV3UY,B004I8V6ZI,4.0,1321488000
A33VI944SO2YCN,B004I8V6ZI,5.0,1321228800
A1DRKVXO300RUE,B004I8V6ZS,1.0,1319846400
AL3MFYSK9HKCL,B004I8V6ZS,4.0,1321574400
A3F2VVIQIY6U64,B004I8V6ZS,2.0,1320364800
A3EXW4HNYX7HF5,B004I8V6ZS,3.0,1337299200
A1T8N18XKDLJO4,B004I8V6ZS,1.0,1321142400
A1BMG34CO5CMZ5,B004I8V6ZS,4.0,1326844800
AYUF7YETYOLNX,B004I8V6ZS,5.0,1321056000
AYOMAHLWRQHUG,B004I8V6ZS,3.0,1325203200
A1Z54EM24Y40LL,B004I8V6ZS,3.0,1319587200
A1KSNK256G46GX,B004I8V6ZS,5.0,1320278400
AO1Z0TQWCRGL4,B004I8V6ZS,4.0,1320019200
A22S7D0LP8GRDH,B004I8V6ZS,3.0,1320019200
A24RCBRDXRXR0Y,B004I8V6ZS,4.0,1320624000
A215WH6RUDUCMP,B004I8V6ZS,4.0,1324512000
AWH2AY17ZU7W2,B004I8V6ZS,4.0,1321920000
A2LF16F0KX9L7P,B004I8V6ZS,4.0,1321488000
A3DZFEICHK5LF2,B004I8V6ZS,4.0,1323043200
A32658HY8IU6UV,B004I8V6ZS,4.0,1319500800
AHRNDSKWH1YBT,B004I8V6ZS,4.0,1325462400
AC1YLEFC9AN5X,B004I8V6ZS,2.0,1322438400
ADFLBRY00Y70G,B004I8V6ZS,4.0,1321401600
A3GMVCTJTHYG1F,B004I8V6ZS,5.0,1323043200
A2S26YGSVXBCFL,B004I8V6ZS,4.0,1319587200
AGEKVD8JPZQMT,B004I8V6ZS,3.0,1320451200
A3LN4AOPBIUQWR,B004I8V6ZS,5.0,1321056000
A2JKM8KF3296CW,B004I8V6ZS,3.0,1320710400
A1R8TTMXVXEI6H,B004I8V6ZS,4.0,1320969600
A3CHIF3EHXCLA5,B004I8V6ZS,1.0,1324339200
A11OBEH2ZCVAHX,B004I8V6ZS,3.0,1319846400
A33VI944SO2YCN,B004I8V6ZS,4.0,1321488000
A2Z2FATA8JNL54,B004I8V6ZS,2.0,1320883200
A13Z96HR8EEF24,B004I8V6ZS,4.0,1319673600
A1KMG1AIUS00DC,B004I8V6ZS,4.0,1320796800
A2D4FQHV506EPB,B004I8V716,5.0,1316563200
A2RIAXGSBP65BJ,B004I8V716,4.0,1321747200
A3NOBH42C7UI5M,B004I8V716,3.0,1318982400
A3LMPD1ZQTWOC4,B004I8V716,3.0,1330128000
A2877AOHJFZI0E,B004I8V716,3.0,1316649600
A2HC9549CZAKNN,B004I8V716,4.0,1317168000
A2I3TKKHF6INI6,B004I8V716,2.0,1327017600
A1TR1R2QKWRSRA,B004I8V716,3.0,1332115200
A1KSNK256G46GX,B004I8V716,3.0,1318636800
A2H1W8V6R9TJ9E,B004I8V716,5.0,1322697600
A26EQ8U96JA92T,B004I8V716,4.0,1317254400
A1F5O1USOUOOXI,B004I8V716,4.0,1317168000
A361U4SXK7FCQE,B004I8V716,4.0,1319068800
A3HAA7H8PBVM78,B004I8V716,2.0,1317859200
A2FVD05Z2FYW1P,B004I8V716,2.0,1319587200
A3QCC7PV6EG4YC,B004I8V716,3.0,1340928000
ARARUVZ8RUF5T,B004I8V716,3.0,1317168000
A3L2KYOYDWSRPL,B004I8V716,4.0,1320883200
A2GSY9DM54Y0HS,B004I8V716,5.0,1318982400
A19JGPUJAX048H,B004I8V716,5.0,1318982400
A1UQUDT2Q0YENM,B004I8V716,4.0,1321833600
A3212H6SF9W1LV,B004I8V716,3.0,1317168000
A2ZKQC0XCIIAEM,B004I8V716,5.0,1317081600
A2JVBJUU2DL0WA,B004I8V716,5.0,1317945600
A2B3A8NQIHITO8,B004I8V716,4.0,1320710400
A2IJ54FX1L83WK,B004I8V716,3.0,1317081600
A1GUN2J1FDYNF3,B004I8V716,4.0,1318118400
A14RYRR7ETV3UY,B004I8V716,4.0,1317168000
A6X1O3A5C5FX1,B004I8V716,2.0,1321228800
A2Q8GFSEUSGJ51,B004I8V716,4.0,1317168000
A15JB2HEZ6RKGW,B004I8V716,3.0,1331769600
A3U52V5ZAHZZKU,B004I8V716,5.0,1317081600
AVHN134ADVP4R,B004JXWTIU,5.0,1348963200
A3BZUQXA2QHDI2,B004JXWTIU,5.0,1365120000
AYUF7YETYOLNX,B004JXWTIU,4.0,1350518400
A34GM17T6WTJDK,B004JXWTIU,5.0,1349222400
AY3D7DG5L5WCK,B004JXWTIU,5.0,1349568000
A3BTL4FV6ODKAT,B004JXWTIU,5.0,1350432000
A3A8FMW6BDJ166,B004JXWTIU,5.0,1350864000
A2O9HU1K7TCF7B,B004JXWTIU,5.0,1356912000
AC1YLEFC9AN5X,B004JXWTIU,3.0,1352073600
A3Z9QN0RCOHEY,B004JXWTIU,3.0,1350000000
A1E55W6ES0FY17,B004JXWTIU,3.0,1350518400
A3R33KMESG0XGQ,B004JXWTIU,2.0,1350259200
A3BZUQXA2QHDI2,B004KAASWG,5.0,1377648000
A1U7LS93I03MFW,B004KAASWG,4.0,1381968000
A353U0L2HAMSHV,B004KAASWG,4.0,1381795200
A35IX2GE0VC0JP,B004KAASWG,3.0,1380499200
A1V3PCKVCJ3TTZ,B004KAASWG,3.0,1377648000
A3CU0QL4C4LAA8,B004KAASWG,4.0,1380758400
A3PE884TA8529G,B004KAASWG,4.0,1381622400
A2065HBMYDXJ1S,B004KAASWG,4.0,1379548800
A1R2JUOGIYH6HO,B004KAASWG,5.0,1380758400
A2CZ98V784SRJ0,B004KAASWG,5.0,1380153600
A4UGMKUSX9XHI,B004KAASWG,4.0,1381881600
A3JEPPCGV55FAQ,B004KAASWG,4.0,1381968000
A1WP940JZL83T7,B004KZ597A,5.0,1353715200
A1DRKVXO300RUE,B004KZ597A,3.0,1355961600
A1IDAKX7OM3QIE,B004KZ597A,5.0,1359072000
A2JXCOUGYS5Y4J,B004KZ597A,5.0,1356566400
AQB4DH57MSZSC,B004KZ597A,5.0,1354665600
A26KXNN6H1IL0I,B004KZ597A,4.0,1357084800
A3BZUQXA2QHDI2,B004KZ597A,4.0,1365120000
A2877AOHJFZI0E,B004KZ597A,4.0,1355616000
A1NOBRCN20NGD5,B004KZ597A,4.0,1358380800
A2I3TKKHF6INI6,B004KZ597A,5.0,1337040000
ABSFFH7ECSE49,B004KZ597A,4.0,1369353600
A1FDV3WPOHREY9,B004KZ597A,5.0,1357862400
A4EBYIKOMYFF9,B004KZ597A,5.0,1354406400
A2IMZNPSJGB2HQ,B004KZ597A,4.0,1356566400
A14DNCG5WHM86Z,B004KZ597A,3.0,1358640000
A2O9HU1K7TCF7B,B004KZ597A,4.0,1356912000
A3QCC7PV6EG4YC,B004KZ597A,4.0,1358380800
A2PM5Z249OVPEN,B004KZ597A,5.0,1364169600
A3LLP0VSTSABK2,B004KZ597A,4.0,1356825600
A2GSY9DM54Y0HS,B004KZ597A,5.0,1361404800
AT1RF4WNPGGLC,B004KZ597A,4.0,1357430400
AC04O7AYHEKJ5,B004KZ597A,4.0,1366070400
A2B3A8NQIHITO8,B004KZ597A,5.0,1366156800
A2IJ54FX1L83WK,B004KZ597A,5.0,1358121600
A35Y0RSU09ANEN,B004KZ597A,5.0,1357689600
A3PIW7ZF4C5ZJL,B004KZ597A,5.0,1354492800
A1D1IDI5S9TN9D,B004KZ597A,5.0,1359676800
A2OOZZDSOHG4UY,B004KZ597A,5.0,1357257600
A3VS2RYRGDW4HS,B004KZ597A,4.0,1355961600
ADYZOSTF9LZLD,B004KZ597A,4.0,1358726400
A1KMG1AIUS00DC,B004KZ597A,3.0,1354320000
AIPVKMLXTO6H9,B004KZ597A,4.0,1357344000
A2ZO5SU0ESSB1N,B004KZ75JK,4.0,1354233600
A21YYC2SYN5NDY,B004KZ75JK,3.0,1359590400
A1K84GJLQWFIQ7,B004KZ75JK,4.0,1366156800
A1UHKF1UQ3EGW4,B004KZ75JK,4.0,1354579200
A16EIVIBBXFAQ0,B004KZ75JK,4.0,1358208000
A3MEMX0XF00TBD,B004KZ75JK,4.0,1355097600
A1JTTI1KH3DOCY,B004KZ75JK,3.0,1356566400
A3SMD3T0QTN109,B004KZ75JK,4.0,1363824000
A4EBYIKOMYFF9,B004KZ75JK,4.0,1354147200
A3B9C6MZAFC1JX,B004KZ75JK,5.0,1355961600
A32B6XWNR55SRL,B004KZ75JK,4.0,1354492800
A14DNCG5WHM86Z,B004KZ75JK,3.0,1357171200
A37CXU92U7FYJH,B004KZ75JK,4.0,1356393600
A8KM4YOB8FGGH,B004KZ75JK,5.0,1356912000
A2SDRCBPIAXVDW,B004KZ75JK,3.0,1356566400
A2FVD05Z2FYW1P,B004KZ75JK,3.0,1366243200
A2OY6P98P87047,B004KZ75JK,5.0,1354492800
A3FMPT5IH0CJ50,B004KZ75JK,5.0,1356566400
A29534U2P9CLNR,B004KZ75JK,1.0,1356566400
A38H4XCCPLRF93,B004KZ75JK,4.0,1353369600
A2561PYW9TTMYD,B004KZ75JK,3.0,1356566400
A23TGI02RB7JC,B004KZ75JK,5.0,1356566400
A1IAQIZSXONWVU,B004KZ75JK,4.0,1355961600
A35NOFKHK8P2LU,B004KZ75JK,4.0,1354233600
A1NIGUK4M2ST8,B004KZ75JK,4.0,1354492800
A2V98TS4QDDCG9,B004KZ75JK,4.0,1355097600
ALDAF4VVLFRHP,B004KZ75JK,5.0,1354579200
AC04O7AYHEKJ5,B004KZ75JK,5.0,1360886400
A1AHAETTCFARPJ,B004KZ75JK,4.0,1358985600
A23KACXOE9O9TX,B004KZ75JK,4.0,1353456000
A9XX8OHS2ZQ2X,B004KZ75JK,4.0,1356652800
ADYZOSTF9LZLD,B004KZ75JK,3.0,1361145600
A19YOYY7FLQMA6,B004KZ75JK,4.0,1355702400
A3SBZAOPPY40IT,B004KZ75JK,3.0,1355702400
A2RW587355CMVA,B004KZ8P2Q,5.0,1342656000
A2RIAXGSBP65BJ,B004KZ8P2Q,4.0,1341964800
A3U4GW06XNSI2Q,B004KZ8P2Q,4.0,1361664000
A2CNGARED6OWWU,B004KZ8P2Q,4.0,1342569600
A1HBC0NBQJHT7X,B004KZ8P2Q,5.0,1341446400
AA460WUKL3BC6,B004KZ8P2Q,4.0,1341964800
A1MZEMD0EDETS6,B004KZ8P2Q,5.0,1342569600
A2I3TKKHF6INI6,B004KZ8P2Q,4.0,1342656000
A279A4Y2N1CQ26,B004KZ8P2Q,4.0,1343001600
A3G2PUQ455XMXJ,B004KZ8P2Q,5.0,1345161600
A3MEMX0XF00TBD,B004KZ8P2Q,4.0,1389398400
A2QX49LS3Y3ANI,B004KZ8P2Q,3.0,1341446400
A2E4R7YISIM4QM,B004KZ8P2Q,4.0,1343001600
A194K60CWZ371J,B004KZ8P2Q,5.0,1340755200
A375NF45A1MDWI,B004KZ8P2Q,4.0,1340755200
A3B9C6MZAFC1JX,B004KZ8P2Q,5.0,1341273600
A3USZS8Q4GOKGE,B004KZ8P2Q,5.0,1341187200
A2AF0NOCM71J0B,B004KZ8P2Q,5.0,1344643200
AAWUXA65NDMYM,B004KZ8P2Q,4.0,1343260800
A3F43PAJZLOE3I,B004KZ8P2Q,5.0,1365379200
A33X80DIINN48Y,B004KZ8P2Q,3.0,1342396800
A14DNCG5WHM86Z,B004KZ8P2Q,4.0,1343174400
A26EQ8U96JA92T,B004KZ8P2Q,5.0,1343433600
A1Y5ERIKQBEMSP,B004KZ8P2Q,5.0,1342310400
A5H8NA5CJ0FK4,B004KZ8P2Q,5.0,1342656000
A3U41ZL33SS92P,B004KZ8P2Q,5.0,1343779200
A8INT3NMHRUS4,B004KZ8P2Q,5.0,1341619200
A3T7XVG3AXJF61,B004KZ8P2Q,4.0,1342742400
A3FMPT5IH0CJ50,B004KZ8P2Q,5.0,1342051200
ASHO96ZB8AL1Z,B004KZ8P2Q,4.0,1343174400
A38H4XCCPLRF93,B004KZ8P2Q,5.0,1341619200
A17SZZO9LM3WYC,B004KZ8P2Q,3.0,1341187200
A1KI3173CO6TK2,B004KZ8P2Q,3.0,1344988800
A1ONZ8JRPLBNUI,B004KZ8P2Q,3.0,1352073600
A1Y32FBX45NCNL,B004KZ8P2Q,5.0,1342483200
A1LG1DKUZXGJ6J,B004KZ8P2Q,5.0,1341273600
A3Q9HY0LU7MN6E,B004KZ8P2Q,5.0,1342396800
A2YV6F6DLENNTM,B004KZ8P2Q,4.0,1342396800
A231LBC8EGPO5L,B004KZ8P2Q,3.0,1341446400
A1E55W6ES0FY17,B004KZ8P2Q,5.0,1340841600
A1VABWDOUQLULZ,B004KZ8P2Q,3.0,1341792000
A1VLVWTLV3LVHR,B004KZ8P2Q,5.0,1349740800
AIPVKMLXTO6H9,B004KZ8P2Q,5.0,1340755200
A1IA0O3OYQO9LV,B004KZ8P2Q,5.0,1341532800
A2DURJRPTPKUZS,B004KZCF0O,3.0,1342569600
A1WP940JZL83T7,B004KZCF0O,4.0,1340755200
A3NOBH42C7UI5M,B004KZCF0O,4.0,1341360000
A3G5MOHY1U635N,B004KZCF0O,3.0,1341964800
A3GK1O5S6188AJ,B004KZCF0O,4.0,1342569600
A2TXMYYGSZCSZ1,B004KZCF0O,3.0,1342051200
A2HC9549CZAKNN,B004KZCF0O,5.0,1363737600
A2AYJJAFNSGSU1,B004KZCF0O,4.0,1340668800
A2RVCF21L2NPU5,B004KZCF0O,5.0,1347148800
A1MZEMD0EDETS6,B004KZCF0O,5.0,1343260800
A2QX49LS3Y3ANI,B004KZCF0O,3.0,1341964800
AHNHLGKIZ2N3B,B004KZCF0O,3.0,1344384000
A2BN9DIBP9A0XG,B004KZCF0O,4.0,1340755200
ALRCAGJOJ9583,B004KZCF0O,3.0,1341532800
A24RCBRDXRXR0Y,B004KZCF0O,5.0,1341964800
AL4SB31UAZLXL,B004KZCF0O,5.0,1341446400
A2SDRCBPIAXVDW,B004KZCF0O,5.0,1342396800
AOAOARIH72UWI,B004KZCF0O,4.0,1343260800
A3QCC7PV6EG4YC,B004KZCF0O,3.0,1375056000
A23WE733QT4WGJ,B004KZCF0O,3.0,1340841600
A3NDUBKYPI47N2,B004KZCF0O,5.0,1350345600
A398R165PXFOSS,B004KZCF0O,3.0,1368057600
A3QEIVO8AB3YMU,B004KZCF0O,4.0,1340755200
ALDV8DDZWWPYE,B004KZCF0O,5.0,1343779200
AK1WNXTHNCG5V,B004KZCF0O,5.0,1342483200
A1E55W6ES0FY17,B004KZCF0O,3.0,1340841600
A6B92PTV0Z1SU,B004KZCF0O,3.0,1341446400
A3LOGP4VA9DX46,B004KZCF0O,2.0,1345075200
A23KACXOE9O9TX,B004KZCF0O,4.0,1340928000
A3LKLGZZ8OWR51,B004KZCF0O,4.0,1342656000
A30QAOLNZ4415R,B004KZCF0O,3.0,1341878400
A2WW57XX2UVLM6,B004KZCF0O,4.0,1345075200
A3SQQYS79AV13M,B004KZCF0O,5.0,1341792000
A15JB2HEZ6RKGW,B004KZCF0O,4.0,1346025600
A1IA0O3OYQO9LV,B004KZCF0O,1.0,1341273600
A32QWD5DEY4LDU,B004KZCF0O,5.0,1341187200
A3JPFWKS83R49V,B004LKRRBU,4.0,1320451200
A2CRIQOX1SYA3I,B004LKRRBU,4.0,1316736000
A10E3F50DIUJEE,B004LKRRBU,5.0,1316649600
AO2AQRPPSTABB,B004LKRRBU,4.0,1316822400
AORGKBNQZ83O8,B004LKRRBU,5.0,1331769600
A2ECM9HLMC242H,B004LKRRBU,4.0,1316995200
AY3EENC2BGTGK,B004LKRRBU,5.0,1316476800
A26BDXG9KVH7SU,B004LKRRBU,4.0,1316736000
A23KDA686N6T4Y,B004LKRRBU,4.0,1321488000
A1ODOGXEYECQQ8,B004LKRRBU,4.0,1316736000
AUS5X6IMFLJBD,B004LKRRBU,4.0,1316736000
AFG4HIHMX312C,B004LKRRBU,4.0,1339718400
A2WW57XX2UVLM6,B004LKRRBU,4.0,1316217600
A3R01WHD75L6FG,B004LKRRBU,5.0,1316649600
AGHIUO1B3IF8H,B004MTGOQE,4.0,1392854400
A2TXMYYGSZCSZ1,B004MTGOQE,5.0,1390694400
A2D7B5I7ZQ51XL,B004MTGOQE,4.0,1392854400
A3F2VVIQIY6U64,B004MTGOQE,4.0,1391904000
AZA55FJD7CCZN,B004MTGOQE,5.0,1392595200
A2FS38D943KX12,B004MTGOQE,4.0,1392854400
ATQ22E6YAUNXP,B004MTGOQE,5.0,1389484800
A1TS45JWJVOSSW,B004MTGOQE,5.0,1389139200
A2BN9DIBP9A0XG,B004MTGOQE,5.0,1391558400
A215WH6RUDUCMP,B004MTGOQE,5.0,1391472000
A6VSWJVTWEOII,B004MTGOQE,4.0,1392249600
A226GFM0Q9L37H,B004MTGOQE,5.0,1391817600
A376OJHLE6SU9Q,B004MTGOQE,3.0,1393113600
A2ZKQC0XCIIAEM,B004MTGOQE,4.0,1388361600
A1E55W6ES0FY17,B004MTGOQE,5.0,1388016000
A12E0Y0J6584RT,B004MTGOQE,5.0,1390348800
A33B3XCIXB4ZVG,B004MTGOQE,5.0,1388448000
A2WW57XX2UVLM6,B004MTGOQE,4.0,1389830400
A3EM243NDJ4DF3,B004MTGOQE,5.0,1389139200
A3R01WHD75L6FG,B004MTGOQE,5.0,1388361600
A2ECTCPBTOGW4H,B004MWJLFC,3.0,1337212800
AUJFO0J9A2HGE,B004MWJLFC,2.0,1318204800
A1X2YRSD648FM3,B004MWJLFC,3.0,1319155200
A2RW587355CMVA,B004MWJLFC,3.0,1318896000
A3IKLTT9JQACCI,B004MWJLFC,3.0,1317168000
AZA55FJD7CCZN,B004MWJLFC,4.0,1317168000
A2CNGARED6OWWU,B004MWJLFC,5.0,1317168000
AGXV8E7XK9J6H,B004MWJLFC,4.0,1320105600
A22DRQMROONYOK,B004MWJLFC,3.0,1320451200
A3FOSLM5G1BO63,B004MWJLFC,4.0,1317081600
ADJ0G262H54GP,B004MWJLFC,4.0,1317427200
ALEUQQE118NEW,B004MWJLFC,3.0,1317081600
A1WKEAS58297E5,B004MWJLFC,5.0,1327881600
A2O9HU1K7TCF7B,B004MWJLFC,5.0,1319414400
AUCOL2XUE1IX7,B004MWJLFC,4.0,1318982400
A1RR36YKJB917S,B004MWJLFC,4.0,1317600000
A31AVXMESQRQAC,B004MWJLFC,5.0,1318550400
A2QETZZ5EKH5RQ,B004MWJLFC,4.0,1319846400
A2V5R832QCSOMX,B004MWJLFC,4.0,1322265600
A28FJ93TJSSQS4,B004MWJLFC,5.0,1317859200
A1BAJ6JXU8PSZH,B004MWJLFC,3.0,1317168000
AP8D74QD9LUUL,B004MWJLFC,4.0,1321488000
A226GFM0Q9L37H,B004MWJLFC,4.0,1323302400
A2VJJ2POCLMED7,B004MWJLFC,3.0,1326931200
AVJJ2D4G5I0Z4,B004MWJLFC,2.0,1355788800
A1UQUDT2Q0YENM,B004MWJLFC,4.0,1321833600
AK1WNXTHNCG5V,B004MWJLFC,4.0,1317600000
A3FFKU2MTCOBM1,B004MWJLFC,4.0,1318982400
ALGI34BYWIXZG,B004MWJLFC,5.0,1316649600
A2YV6F6DLENNTM,B004MWJLFC,5.0,1318809600
AIXDV2Z2NEYP6,B004MWJLFC,2.0,1319068800
A2UT0FWM1DHKFJ,B004MWJLFC,3.0,1316563200
A11OBEH2ZCVAHX,B004MWJLFC,4.0,1317254400
A33B3XCIXB4ZVG,B004MWJLFC,4.0,1328745600
A1R1BFJCMWX0Y3,B004MWJLFC,4.0,1325030400
ACAXV4V8PBCE3,B004MWJLFC,5.0,1322265600
A20L63B48RPSOH,B004MWJLFC,4.0,1317859200
A1486KL0IOM7VM,B004MWJLN4,3.0,1319673600
AGXV8E7XK9J6H,B004MWJLN4,4.0,1322006400
A2AYJJAFNSGSU1,B004MWJLN4,4.0,1316476800
A2RVCF21L2NPU5,B004MWJLN4,5.0,1317081600
AKHFY3VCNZL2W,B004MWJLN4,2.0,1326499200
A2KIVODZRTGY4U,B004MWJLN4,5.0,1316995200
A1DD9MSMEKYOVW,B004MWJLN4,4.0,1323475200
A5GPH59NDWJRB,B004MWJLN4,4.0,1316476800
AWH2AY17ZU7W2,B004MWJLN4,4.0,1318809600
A1RR36YKJB917S,B004MWJLN4,5.0,1316649600
ARARUVZ8RUF5T,B004MWJLN4,3.0,1322265600
A3OIQ3T0OIKY66,B004MWJLN4,4.0,1319068800
A5BJMAHZWGJ7N,B004MWJLN4,5.0,1317254400
AVJJ2D4G5I0Z4,B004MWJLN4,4.0,1332201600
A3M2O06MCHJG18,B004MWJLN4,4.0,1326240000
A3QEIVO8AB3YMU,B004MWJLN4,5.0,1316822400
AK1WNXTHNCG5V,B004MWJLN4,5.0,1316649600
A2JVBJUU2DL0WA,B004MWJLN4,4.0,1319241600
A1BXVZSQOJE6UE,B004O0TOJ0,3.0,1335916800
A10E3F50DIUJEE,B004O0TOJ0,3.0,1335657600
A1TR1R2QKWRSRA,B004O0TOJ0,3.0,1336348800
A2MVPY9XVYST9H,B004O0TOJ0,4.0,1336262400
ARNEUO7BF3J55,B004O0TOJ0,3.0,1337212800
AY3D7DG5L5WCK,B004O0TOJ0,5.0,1342656000
A2IMZNPSJGB2HQ,B004O0TOJ0,4.0,1336953600
ALRCAGJOJ9583,B004O0TOJ0,1.0,1337990400
ASLHDTUUMOH7F,B004O0TOJ0,5.0,1336003200
A35HOUWHAYZZN6,B004O0TOJ0,4.0,1335571200
A1V3PCKVCJ3TTZ,B004O0TOJ0,5.0,1336521600
AGJRUK27RBVYS,B004O0TOJ0,4.0,1336953600
A18GJ9MYYO6GCQ,B004O0TOJ0,5.0,1337126400
A3K8AU6BAGN60E,B004O0TOJ0,4.0,1335916800
A3TIJLY4VX8CH3,B004O0TOJ0,3.0,1341964800
A1MAI0TUIM3R2X,B004O0TOJ0,2.0,1368489600
AUS5X6IMFLJBD,B004O0TOJ0,3.0,1336176000
A1AHAETTCFARPJ,B004O0TOJ0,4.0,1335657600
A112EC059ZZTJF,B004O0TOJ0,5.0,1335830400
A343Y76WJTBYP6,B004O0TOJ0,4.0,1359158400
ASY25YMTIC2A9,B004O0TOJ0,4.0,1337644800
A2Z2FATA8JNL54,B004O0TOJ0,5.0,1335916800
A25QJBK33C4O0R,B004O0TOJ0,3.0,1337126400
A8QYRG7TW491B,B004O0TOJ0,5.0,1335484800
A1C139F5C7Y38P,B004O0TOJ0,4.0,1335657600
A1M7Y63Y5GYJI1,B004O0TOJ0,4.0,1337212800
A3MUSWDCTZINQZ,B004O0TOJ0,1.0,1337040000
A2JAEZ0FMAMJVW,B004O0TOJA,5.0,1349308800
A11B61QBGHLQDN,B004O0TOJA,5.0,1351468800
A397CWU6DM3O5G,B004O0TOJA,5.0,1348444800
A1XDMYX8QOW07N,B004O0TOJA,5.0,1352764800
A2UBSGFCP2QFNV,B004O0TOJA,5.0,1351123200
A1V3PCKVCJ3TTZ,B004O0TOJA,5.0,1349136000
A22B13EJTZKCTM,B004O0TOJA,4.0,1350604800
A1EVV74UQYVKRY,B004O0TOJA,4.0,1349222400
A1J6B00Z1D6PS4,B004O0TOJA,3.0,1355529600
A3L2KYOYDWSRPL,B004O0TOJA,3.0,1348704000
AXR3CV6A4FMBG,B004O0TOJA,3.0,1361232000
A1NC9AGZOBI0M1,B004O0TOJA,4.0,1356048000
A112EC059ZZTJF,B004O0TOJA,5.0,1350604800
A2A4M3EDEUKG3L,B004O0TOJA,5.0,1388620800
AUV0EFKWA46TX,B004O0TOJA,4.0,1355097600
A71W7G4TCTH3T,B004O0TOJK,2.0,1356480000
A3BZUQXA2QHDI2,B004O0TOJK,4.0,1365120000
A2HOLM5I1ARX9J,B004O0TOJK,5.0,1348531200
A5JLAU2ARJ0BO,B004O0TOJK,4.0,1349395200
ATS2855497V0I,B004O0TOJK,3.0,1348876800
A1V3PCKVCJ3TTZ,B004O0TOJK,5.0,1349136000
A3T7XVG3AXJF61,B004O0TOJK,5.0,1356825600
A23WE733QT4WGJ,B004O0TOJK,4.0,1352505600
A2KQT4D0OZR569,B004O0TOJK,4.0,1356912000
A36EW68H08UOCS,B004O0TOJK,5.0,1355097600
AC04O7AYHEKJ5,B004O0TOJK,4.0,1350432000
AXVKMYWNIHK7W,B004O0TOJK,5.0,1349740800
A2YEOR4XJ8N3QE,B004O0TOJK,4.0,1349136000
ALQMZVXPJ0Y3A,B004O0TOK4,3.0,1335225600
AYDC7F9UF6EQX,B004O0TOK4,5.0,1335312000
AJX9A4Q19UTJU,B004O0TOK4,5.0,1335398400
A2TTHN1UMO82VY,B004O0TOK4,5.0,1363737600
A1XDMYX8QOW07N,B004O0TOK4,5.0,1339545600
A3F43PAJZLOE3I,B004O0TOK4,4.0,1366502400
AAEHOTZ1GRAUX,B004O0TOK4,4.0,1357689600
A2FVD05Z2FYW1P,B004O0TOK4,5.0,1336694400
A4SD8F79JBYG2,B004O0TOK4,5.0,1335398400
A3TWBW1B17R151,B004O0TOK4,5.0,1335312000
A2HELIKP5RV27F,B004O0TOK4,4.0,1336694400
A2561PYW9TTMYD,B004O0TOK4,5.0,1335312000
ALLHJD3KZF9KC,B004O0TOK4,5.0,1335398400
AHRNDSKWH1YBT,B004O0TOK4,4.0,1337212800
A35Q0RBM3YNQNF,B004O0TOK4,5.0,1335312000
A3L1BNBV4SS1H8,B004O0TOK4,4.0,1348099200
A1QBOC76MIOJYP,B004O0TOK4,4.0,1361145600
A1RF9YK4BK5TRH,B004O0TOK4,4.0,1337817600
A8QYRG7TW491B,B004O0TOK4,5.0,1335484800
A12O5SEIF162P8,B004O0TOK4,5.0,1340064000
A2DURJRPTPKUZS,B004O0TOX6,5.0,1344902400
A2RIAXGSBP65BJ,B004O0TOX6,4.0,1341964800
A3LMPD1ZQTWOC4,B004O0TOX6,4.0,1342656000
A3TNM3C9ENUCFW,B004O0TOX6,4.0,1345075200
A1II2ZRPKZAQQD,B004O0TOX6,4.0,1341878400
A1IDAKX7OM3QIE,B004O0TOX6,5.0,1359072000
AC4XV78EJG1QB,B004O0TOX6,4.0,1344384000
A2TXMYYGSZCSZ1,B004O0TOX6,5.0,1342051200
A2VAD79S4A06DD,B004O0TOX6,5.0,1345593600
AG2YXYIQ8TLTA,B004O0TOX6,4.0,1361059200
A1FDV3WPOHREY9,B004O0TOX6,3.0,1344729600
AK8LOFYRZJJW0,B004O0TOX6,5.0,1344384000
A1FDVT0DLJWV78,B004O0TOX6,4.0,1342569600
A3HETHW2XD3DWH,B004O0TOX6,5.0,1342742400
AOGN1F0Q3HW86,B004O0TOX6,4.0,1342137600
ADJ0G262H54GP,B004O0TOX6,4.0,1342656000
A27X7XXOKMK879,B004O0TOX6,4.0,1342569600
ALEUQQE118NEW,B004O0TOX6,4.0,1343606400
AVFJ327UXPXLF,B004O0TOX6,3.0,1352246400
A2H1W8V6R9TJ9E,B004O0TOX6,3.0,1348185600
A1DY0CRKZEY0FB,B004O0TOX6,4.0,1348531200
A37R3P5JFNQG8S,B004O0TOX6,5.0,1341360000
A305XM71TF83CY,B004O0TOX6,3.0,1342656000
A1EVV74UQYVKRY,B004O0TOX6,5.0,1343865600
AJQDIT55SZ3ZX,B004O0TOX6,5.0,1341964800
A3T7XVG3AXJF61,B004O0TOX6,5.0,1342742400
A29534U2P9CLNR,B004O0TOX6,4.0,1341360000
A2561PYW9TTMYD,B004O0TOX6,5.0,1348704000
AE8AT5NB4DDRM,B004O0TOX6,5.0,1342224000
A3QBCX2QMKJ7AH,B004O0TOX6,5.0,1345075200
A3Q9HY0LU7MN6E,B004O0TOX6,4.0,1343952000
A3415H58HNGQFV,B004O0TOX6,5.0,1350604800
A1E55W6ES0FY17,B004O0TOX6,4.0,1342656000
A21VQDGHP3T7Y,B004O0TOX6,5.0,1342915200
A1MRRMHGV3PN5W,B004O0TOX6,4.0,1345075200
A2I4A4WGWII18Z,B004O0TOX6,5.0,1344470400
A3D5B2CBFNJB0K,B004O0TOX6,5.0,1345420800
A3LMPD1ZQTWOC4,B004O0TP3K,3.0,1342656000
ACYR6O588USK,B004O0TP3K,4.0,1336003200
AGJRUK27RBVYS,B004O0TP3K,5.0,1335484800
A8KM4YOB8FGGH,B004O0TP3K,5.0,1335398400
ASGI7E0AJ8H5X,B004O0TP3K,4.0,1339718400
A1ZPY91VE3IDN1,B004O0TP3K,5.0,1337212800
A2UEB48LAWFUCW,B004O0TP3K,5.0,1343088000
A3BAE79NXFDXGV,B004O0TP3K,4.0,1337212800
A1EVV74UQYVKRY,B004O0TP3K,5.0,1337817600
A27H9DOUGY9FOS,B004O0TP3K,4.0,1335830400
ABLV9L4MQO7ER,B004O0TP3K,5.0,1340582400
A35NOFKHK8P2LU,B004O0TP3K,4.0,1337040000
A37D2TGTIXRV2N,B004O0TP3K,5.0,1337040000
A16QODENBJVUI1,B004O0TP3K,4.0,1337126400
A3R33KMESG0XGQ,B004O0TP3K,4.0,1367366400
A1ZZR25X0CNOJX,B004O0TP3K,4.0,1335744000
A19DW3VKM5KKYB,B004O0TP3K,5.0,1337040000
A1ITRGMT80D5TK,B004O0TP3K,5.0,1337990400
A277GP2U2TXH51,B004O0TP3U,5.0,1339459200
AGJRUK27RBVYS,B004O0TP3U,5.0,1339718400
AVFJ327UXPXLF,B004O0TP3U,5.0,1337817600
A1ZPY91VE3IDN1,B004O0TP3U,5.0,1338508800
A27H9DOUGY9FOS,B004O0TP3U,5.0,1338508800
A35NOFKHK8P2LU,B004O0TP3U,5.0,1358121600
A37D2TGTIXRV2N,B004O0TP3U,5.0,1348358400
A1MAI0TUIM3R2X,B004O0TP3U,5.0,1362009600
A112EC059ZZTJF,B004O0TP3U,5.0,1339977600
ASY25YMTIC2A9,B004O0TP3U,5.0,1357171200
A19YOYY7FLQMA6,B004O0TP3U,5.0,1338422400
A384HAQMS7XRZ4,B004O0TP3U,5.0,1337558400
ANCOMAI0I7LVG,B004OA7ZH8,3.0,1317945600
A2GRDQJ4Z7053K,B004OA7ZH8,4.0,1317168000
A3F2VVIQIY6U64,B004OA7ZH8,3.0,1317168000
A3U4GW06XNSI2Q,B004OA7ZH8,3.0,1319414400
A1UV5NB0DXTSWH,B004OA7ZH8,4.0,1317081600
A1W7R5ZAGVOSVQ,B004OA7ZH8,4.0,1327536000
A26EQ8U96JA92T,B004OA7ZH8,3.0,1317254400
A3HAA7H8PBVM78,B004OA7ZH8,4.0,1316736000
A3T7XVG3AXJF61,B004OA7ZH8,2.0,1319241600
A3OIQ3T0OIKY66,B004OA7ZH8,4.0,1317254400
A36EW68H08UOCS,B004OA7ZH8,3.0,1317254400
A2DA2NJZ2RIYAB,B004OA7ZH8,5.0,1319068800
A2SLX6UHHYCMCV,B004OA7ZH8,3.0,1319068800
A1WSQ0QRWQC7VI,B004OA7ZH8,3.0,1317254400
AY1EF0GOH80EK,B004OA7ZH8,3.0,1318809600
A2G4LKK57XMBL3,B004OA7ZH8,5.0,1317254400
A1GNYV0RA0EQSS,B004OA7ZH8,5.0,1318464000
A2Q8GFSEUSGJ51,B004OA7ZH8,4.0,1317168000
A156P4FPL8OGXB,B004OA7ZH8,4.0,1317168000
A3QD59N3M7O7KB,B004OA7ZH8,3.0,1318809600
A1UKA7HUAQAMY,B004OA7ZHS,3.0,1319155200
A2GRDQJ4Z7053K,B004OA7ZHS,4.0,1317168000
A26KXNN6H1IL0I,B004OA7ZHS,1.0,1330992000
A3U4GW06XNSI2Q,B004OA7ZHS,3.0,1319414400
AZA55FJD7CCZN,B004OA7ZHS,4.0,1317168000
A2U83VDVJMAB2U,B004OA7ZHS,2.0,1317427200
A2974R9BTPZPOJ,B004OA7ZHS,3.0,1317168000
A2507ZYWGMY9BK,B004OA7ZHS,4.0,1317254400
A8WEXFRWX1ZHH,B004OA7ZHS,2.0,1338163200
A5GPH59NDWJRB,B004OA7ZHS,4.0,1317168000
A1WKEAS58297E5,B004OA7ZHS,3.0,1320796800
A2H1W8V6R9TJ9E,B004OA7ZHS,4.0,1317254400
A2O9HU1K7TCF7B,B004OA7ZHS,3.0,1321228800
A2FVD05Z2FYW1P,B004OA7ZHS,2.0,1336089600
AJQDIT55SZ3ZX,B004OA7ZHS,4.0,1316995200
A2VJJ2POCLMED7,B004OA7ZHS,3.0,1317686400
A5BJMAHZWGJ7N,B004OA7ZHS,4.0,1316995200
A2IVZ0IEQ1VADB,B004OA7ZHS,5.0,1319068800
A2NBCCFDISGUQT,B004OA7ZHS,3.0,1319068800
A2YB7DLC3FOR7W,B004OA7ZHS,4.0,1316995200
A2B3A8NQIHITO8,B004OA7ZHS,3.0,1320710400
A1D1IDI5S9TN9D,B004OA7ZHS,4.0,1318982400
A3NEAETOSXDBOM,B004OA7ZHS,3.0,1316995200
AYWHCM0TJ4737,B004OJK5XA,5.0,1336003200
A1T8N18XKDLJO4,B004OJK5XA,4.0,1340323200
AJV985MKGCIQ0,B004OJK5XA,4.0,1335744000
A2VAD79S4A06DD,B004OJK5XA,5.0,1335398400
A1HBC0NBQJHT7X,B004OJK5XA,4.0,1336521600
AZFHSPEZUPGD2,B004OJK5XA,5.0,1343347200
A2PFCO5ON4N2UP,B004OJK5XA,5.0,1336089600
A3MEMX0XF00TBD,B004OJK5XA,5.0,1336348800
A3GMRYV7VAYK5Q,B004OJK5XA,1.0,1337817600
ATS2855497V0I,B004OJK5XA,3.0,1340928000
A97H5I4P5PCEM,B004OJK5XA,5.0,1335139200
A4EUL79IT6AUP,B004OJK5XA,3.0,1339977600
A1VYFEJM12ZP11,B004OJK5XA,3.0,1356912000
A1EVV74UQYVKRY,B004OJK5XA,4.0,1340150400
A6D07P6DHMXIP,B004OJK5XA,4.0,1335312000
A1W4F91DH3XPB2,B004OJK5XA,5.0,1366329600
A1XVF5DU3N05OM,B004OJK5XA,2.0,1340236800
A1LG1DKUZXGJ6J,B004OJK5XA,3.0,1343088000
A2B3A8NQIHITO8,B004OJK5XA,5.0,1366156800
A2A4M3EDEUKG3L,B004OJK5XA,3.0,1339545600
AGFW667QNHDOY,B004OJK5XA,4.0,1355961600
A208U42GARHSOR,B004OJK5XA,3.0,1339718400
A17M1HL6U2GS7M,B004OJK5XA,3.0,1338768000
A2NVQZ4Y7Y0J1R,B004OJK5XA,4.0,1335744000
A3DGJMO6VPG6FJ,B004OJK5XA,4.0,1348099200
A2K75QOCP9ZHSL,B004ORT3OY,3.0,1319328000
A1WP940JZL83T7,B004ORT3OY,5.0,1316649600
AGHIUO1B3IF8H,B004ORT3OY,3.0,1318896000
A914TQVHI872U,B004ORT3OY,5.0,1319068800
A1486KL0IOM7VM,B004ORT3OY,5.0,1318982400
A3EK2KTYHJCPB9,B004ORT3OY,5.0,1327536000
A7C77J4MH94B6,B004ORT3OY,5.0,1321833600
A33PBU9EHZ28PC,B004ORT3OY,5.0,1317168000
A89ZZKNDFQH23,B004ORT3OY,5.0,1319673600
A194K60CWZ371J,B004ORT3OY,5.0,1317081600
A3FOSLM5G1BO63,B004ORT3OY,4.0,1316563200
A1GBT4UN2RW7XY,B004ORT3OY,4.0,1321488000
A27X7XXOKMK879,B004ORT3OY,5.0,1318204800
A8KM4YOB8FGGH,B004ORT3OY,5.0,1326844800
A5H8NA5CJ0FK4,B004ORT3OY,4.0,1316563200
A28FJ93TJSSQS4,B004ORT3OY,5.0,1321660800
A26BDXG9KVH7SU,B004ORT3OY,5.0,1316736000
A3K8AU6BAGN60E,B004ORT3OY,5.0,1317686400
A3Q9HY0LU7MN6E,B004ORT3OY,5.0,1321833600
A3LN4AOPBIUQWR,B004ORT3OY,5.0,1323475200
A17C7XZHFOS12W,B004ORT3OY,4.0,1316908800
A2ZKQC0XCIIAEM,B004ORT3OY,5.0,1316476800
ALDAF4VVLFRHP,B004ORT3OY,4.0,1325203200
AQZ4PHIEEV5N5,B004ORT3OY,5.0,1318982400
A1AHAETTCFARPJ,B004ORT3OY,5.0,1327708800
AYNTULRNAIPNY,B004ORT3OY,3.0,1332374400
A9XX8OHS2ZQ2X,B004ORT3OY,4.0,1326672000
A1E5WXNTI7EO2A,B004ORT3OY,3.0,1321142400
A27ADCSD15F3GL,B004ORT3OY,4.0,1321401600
A3VS2RYRGDW4HS,B004ORT3OY,4.0,1318464000
A58F10T4OE58C,B004ORT3OY,4.0,1324512000
A2T04VAIXSKJH2,B004ORT3OY,4.0,1321747200
A13WEKTB63G78Y,B004ORT3OY,4.0,1319846400
ACR4HKUT808U1,B004ORT3OY,5.0,1317254400
A2V9DTXTQ5YIMK,B004ORV2WK,4.0,1319500800
A1UKA7HUAQAMY,B004ORV2WK,4.0,1321488000
A3VGAP2KLCBNBB,B004ORV2WK,2.0,1355702400
A1II2ZRPKZAQQD,B004ORV2WK,4.0,1317168000
A914TQVHI872U,B004ORV2WK,4.0,1318204800
A2D7B5I7ZQ51XL,B004ORV2WK,4.0,1316649600
A3LWC833HQIG7J,B004ORV2WK,4.0,1318118400
A3CA3RWZYJDWXE,B004ORV2WK,5.0,1316995200
A3NHUQ33CFH3VM,B004ORV2WK,5.0,1317427200
A2974R9BTPZPOJ,B004ORV2WK,4.0,1316563200
A2507ZYWGMY9BK,B004ORV2WK,4.0,1316649600
A2KIVODZRTGY4U,B004ORV2WK,4.0,1316908800
A15Q9YEG1XPEJN,B004ORV2WK,5.0,1319500800
A2XA8CW5DF4MNZ,B004ORV2WK,5.0,1319068800
A2O9HU1K7TCF7B,B004ORV2WK,4.0,1317081600
A34W7QA4J5UTOR,B004ORV2WK,5.0,1320537600
A2KFWHHUFVKFXZ,B004ORV2WK,4.0,1320192000
A2WVF9ZQ068DN0,B004ORV2WK,5.0,1325548800
A2CZ98V784SRJ0,B004ORV2WK,4.0,1316736000
AMYTL79JMGQ6D,B004ORV2WK,4.0,1316649600
AGEKVD8JPZQMT,B004ORV2WK,3.0,1325980800
A3LGT6UZL99IW1,B004ORV2WK,3.0,1316736000
ALQ4USPEQ9L5N,B004ORV2WK,4.0,1316822400
AUCXT9K30SHYF,B004ORV2WK,4.0,1316822400
ABYLSNI0MGXZB,B004ORV2WK,3.0,1317168000
ACAXV4V8PBCE3,B004ORV2WK,5.0,1322265600
ABC68JUCPTVOE,B004ORV33S,3.0,1316649600
A38YS1DNHC3CVC,B004ORV33S,5.0,1318896000
A2RVCF21L2NPU5,B004ORV33S,4.0,1322438400
AJX9A4Q19UTJU,B004ORV33S,3.0,1319587200
A1M5ZT35YX6TIN,B004ORV33S,5.0,1321920000
AKCZIJ6ZHE41D,B004ORV33S,4.0,1329955200
A1P0JSFW184ZXJ,B004ORV33S,4.0,1316995200
A3QCC7PV6EG4YC,B004ORV33S,4.0,1326931200
A1QT3N5FUQ4I47,B004ORV33S,4.0,1331683200
A45S6D1P309G9,B004ORV33S,4.0,1318809600
AG71XMQGQ2UTJ,B004ORV33S,5.0,1317340800
A35Y0RSU09ANEN,B004ORV33S,5.0,1318550400
A1VABWDOUQLULZ,B004ORV33S,3.0,1325203200
A2WW57XX2UVLM6,B004ORV33S,5.0,1317427200
A1M7Y63Y5GYJI1,B004ORV33S,5.0,1317254400
ANRD6B90QL0FF,B004ORV33S,5.0,1316908800
A1NKKF4W2LHF6M,B004ORWVQG,4.0,1317686400
A1II2ZRPKZAQQD,B004ORWVQG,4.0,1317168000
AC4XV78EJG1QB,B004ORWVQG,3.0,1316649600
A2TXMYYGSZCSZ1,B004ORWVQG,5.0,1328400000
AQB4DH57MSZSC,B004ORWVQG,4.0,1322697600
A1BMG34CO5CMZ5,B004ORWVQG,5.0,1326844800
AIP0VIGQWIW90,B004ORWVQG,4.0,1317254400
AOXMWBNDZDJ9L,B004ORWVQG,4.0,1319068800
A2RVCF21L2NPU5,B004ORWVQG,4.0,1322352000
A3NHUQ33CFH3VM,B004ORWVQG,5.0,1317427200
A2E4R7YISIM4QM,B004ORWVQG,3.0,1340064000
A35IX2GE0VC0JP,B004ORWVQG,3.0,1332374400
A24RCBRDXRXR0Y,B004ORWVQG,5.0,1318896000
ABQWMANK4AR63,B004ORWVQG,3.0,1317168000
AOAOARIH72UWI,B004ORWVQG,3.0,1317254400
A381MT950I6KRL,B004ORWVQG,4.0,1318032000
A3NDUBKYPI47N2,B004ORWVQG,4.0,1334102400
A17SZZO9LM3WYC,B004ORWVQG,4.0,1316649600
A398R165PXFOSS,B004ORWVQG,4.0,1325808000
A26BDXG9KVH7SU,B004ORWVQG,5.0,1337817600
AR3EVUQF0AC7R,B004ORWVQG,4.0,1317168000
A2XSY4L7GDHV4W,B004ORWVQG,4.0,1317168000
A2QKCOX5ACRHC5,B004ORWVQG,3.0,1327968000
A3K91X9X2ARDOK,B004ORWVQG,4.0,1317254400
A1QK0XCAPHIW1L,B004ORWVQG,4.0,1318291200
A3IMK08UX0I46A,B004ORWVQG,5.0,1348704000
A32QWD5DEY4LDU,B004ORWVQG,5.0,1317513600
A19JDXB5R33C7R,B004ORWVQG,4.0,1316822400
A1QG13XG3EO2CX,B004ORWWP6,4.0,1339027200
A19D3N662QS9WD,B004ORWWP6,3.0,1318723200
A1II2ZRPKZAQQD,B004ORWWP6,4.0,1319155200
A26KXNN6H1IL0I,B004ORWWP6,5.0,1324857600
A2CNGARED6OWWU,B004ORWWP6,5.0,1317168000
A7C77J4MH94B6,B004ORWWP6,4.0,1337126400
A11B61QBGHLQDN,B004ORWWP6,4.0,1316649600
A7OTTM22AV2VR,B004ORWWP6,5.0,1319068800
ATS7LYGLUX34L,B004ORWWP6,4.0,1327449600
A10ZBR6O8S8OCY,B004ORWWP6,5.0,1317340800
A3OJX18B60PJR9,B004ORWWP6,5.0,1319673600
A2OJCTT5WLB2HR,B004ORWWP6,5.0,1316563200
AHNHLGKIZ2N3B,B004ORWWP6,4.0,1317254400
AWH2AY17ZU7W2,B004ORWWP6,4.0,1318896000
AYNRALJ4X1COS,B004ORWWP6,3.0,1323907200
A2RKI7RPP5CJMG,B004ORWWP6,4.0,1316476800
AE8AT5NB4DDRM,B004ORWWP6,5.0,1317600000
A3LLP0VSTSABK2,B004ORWWP6,5.0,1317081600
A1GHZY5ZMRVN8Q,B004ORWWP6,4.0,1316649600
AC1YLEFC9AN5X,B004ORWWP6,4.0,1317081600
A1NIGUK4M2ST8,B004ORWWP6,5.0,1317859200
A3L1BNBV4SS1H8,B004ORWWP6,5.0,1317513600
A1LG1DKUZXGJ6J,B004ORWWP6,4.0,1317686400
A3LN4AOPBIUQWR,B004ORWWP6,5.0,1317772800
A3415H58HNGQFV,B004ORWWP6,5.0,1319068800
A527VID8R4K67,B004ORWWP6,3.0,1323475200
A2NXAV1SNXWA9H,B004ORWWP6,4.0,1318896000
A13Z96HR8EEF24,B004ORWWP6,4.0,1316995200
A39H1GO9E3YQIB,B004ORWXFA,4.0,1317600000
A2877AOHJFZI0E,B004ORWXFA,5.0,1316649600
ABSFFH7ECSE49,B004ORWXFA,4.0,1317254400
A2IMGHMF0LO151,B004ORWXFA,3.0,1318809600
A2PU5IDX61XJ7A,B004ORWXFA,5.0,1317168000
AG8E2F0G98ZTB,B004ORWXFA,4.0,1323907200
A5JLAU2ARJ0BO,B004ORWXFA,2.0,1317081600
A10YWQ4AAAE29O,B004ORWXFA,3.0,1316736000
AYNNJ0DBGL5H7,B004ORWXFA,5.0,1316649600
AVQZ0JG8OP8P7,B004ORWXFA,4.0,1316563200
A2065HBMYDXJ1S,B004ORWXFA,4.0,1317254400
A1VXIY1511XQK2,B004ORWXFA,3.0,1317772800
A2BVNVJOFXGZUB,B004ORWXFA,4.0,1317081600
A361U4SXK7FCQE,B004ORWXFA,4.0,1321920000
A2KFWHHUFVKFXZ,B004ORWXFA,3.0,1324425600
A1C7Y31S5QXNTR,B004ORWXFA,5.0,1316563200
A2YB7DLC3FOR7W,B004ORWXFA,4.0,1316649600
A1F7YU6O5RU432,B004OS4HF8,5.0,1322352000
A1BMG34CO5CMZ5,B004OS4HF8,4.0,1323820800
A36S5U0QOWMOSX,B004OS4HF8,2.0,1348704000
A3E0CV9614GQJV,B004OS4HF8,5.0,1323820800
AHNHLGKIZ2N3B,B004OS4HF8,4.0,1325462400
A2RKI7RPP5CJMG,B004OS4HF8,4.0,1324944000
A2ECM9HLMC242H,B004OS4HF8,4.0,1316995200
A3Z9QN0RCOHEY,B004OS4HF8,4.0,1318896000
A3415H58HNGQFV,B004OS4HF8,4.0,1319068800
A2MW90O3P2GOO5,B004OS4HF8,4.0,1316563200
A58F10T4OE58C,B004OS4HF8,4.0,1325894400
ARIDN94LOCQFD,B004OS4HF8,5.0,1319068800
A1QK0XCAPHIW1L,B004OS4HF8,4.0,1318204800
A3IMK08UX0I46A,B004OS4HF8,5.0,1340150400
A1XFI340SHOS5K,B004OS4HF8,4.0,1316476800
AC4XV78EJG1QB,B004P90PIO,4.0,1308614400
A36BQWQPYU6FRM,B004P90PIO,4.0,1308787200
A3R9X003XW0LNR,B004P90PIO,5.0,1314144000
A1GARI2JT6EAWA,B004P90PIO,5.0,1325116800
AY3D7DG5L5WCK,B004P90PIO,5.0,1327708800
A2XA8CW5DF4MNZ,B004P90PIO,5.0,1309046400
A1W7R5ZAGVOSVQ,B004P90PIO,4.0,1314403200
A28OB1QLXN5BM6,B004P90PIO,5.0,1318896000
A2GSY9DM54Y0HS,B004P90PIO,5.0,1309046400
A26SO3TOT2TLJE,B004P90PIO,5.0,1311724800
A2S26YGSVXBCFL,B004P90PIO,4.0,1309305600
A2QDOJFFLFGF18,B004P90PIO,5.0,1311811200
A3K3SE4RK846WO,B004P90PIO,3.0,1322524800
A1ODOGXEYECQQ8,B004P90PIO,4.0,1309824000
ALDAF4VVLFRHP,B004P90PIO,4.0,1309132800
A105S56ODHGJEK,B004P90PIO,5.0,1310774400
A1JOANG98KBFKU,B004P90PIO,3.0,1321401600
A2I4A4WGWII18Z,B004P90PIO,4.0,1308614400
A81XIM8XFKWX5,B004P90PIO,5.0,1310428800
A1Q1T811N4IY3Z,B004P90PIO,3.0,1312329600
A1POFVVXUZR3IQ,B004P90PIO,4.0,1322697600
A1WP940JZL83T7,B004P9591C,3.0,1380672000
AFTFND8CPQ34M,B004P9591C,5.0,1316044800
ACREHLVRC4H5B,B004P9591C,4.0,1314057600
A2CNGARED6OWWU,B004P9591C,4.0,1315785600
AUEW0SKOB1XYF,B004P9591C,2.0,1330387200
A17437N1L775IJ,B004P9591C,4.0,1314230400
A1MZEMD0EDETS6,B004P9591C,4.0,1384214400
A2QX49LS3Y3ANI,B004P9591C,3.0,1313971200
A2LW5AL0KQ9P1M,B004P9591C,2.0,1380412800
A36MP37DITBU6F,B004P9591C,4.0,1314144000
A2GA2SO3YK6CXI,B004P9591C,1.0,1316736000
A2TVH2OBNXYXHV,B004P9591C,4.0,1380758400
ABMX8XUNPR3LP,B004P9591C,1.0,1384819200
A8KM4YOB8FGGH,B004P9591C,1.0,1384992000
A2V2URLB31HG59,B004P9591C,3.0,1387411200
A3U029B8Z5WGI2,B004P9591C,4.0,1382140800
A6VSWJVTWEOII,B004P9591C,1.0,1319068800
A305XM71TF83CY,B004P9591C,4.0,1383436800
A4BNJSZVARL5W,B004P9591C,5.0,1384646400
A45S6D1P309G9,B004P9591C,2.0,1383091200
A22IDP8YERZ79X,B004P9591C,4.0,1388707200
A1Y32FBX45NCNL,B004P9591C,4.0,1384992000
A2ZKQC0XCIIAEM,B004P9591C,5.0,1381104000
AYNTULRNAIPNY,B004P9591C,2.0,1319068800
ASY25YMTIC2A9,B004P9591C,2.0,1383868800
A1UINGIK3UG77D,B004P9591C,3.0,1314403200
A19YOYY7FLQMA6,B004P9591C,4.0,1381708800
A156P4FPL8OGXB,B004P9591C,4.0,1382140800
A3IMK08UX0I46A,B004P9591C,4.0,1318291200
A2RIAXGSBP65BJ,B004P971L8,5.0,1311379200
A2I05FGBTCRRB8,B004P971L8,5.0,1308787200
A39BGN8JA7CIFX,B004P971L8,4.0,1308614400
A2AYJJAFNSGSU1,B004P971L8,4.0,1308614400
A1FDVT0DLJWV78,B004P971L8,5.0,1308700800
A10M94ASQEBL56,B004P971L8,4.0,1308960000
A9NFFAZF3LIB2,B004P971L8,4.0,1319673600
A2VYA302TO2K1C,B004P971L8,4.0,1322092800
A19JGPUJAX048H,B004P971L8,5.0,1309046400
ASJ0MKRFZC47B,B004P971L8,4.0,1311811200
AK1WNXTHNCG5V,B004P971L8,4.0,1309219200
A22CW0ZHY3NJH8,B004P971L8,4.0,1309132800
A2B3A8NQIHITO8,B004P971L8,5.0,1311033600
A319Y83RT0MRVR,B004P971VI,5.0,1309046400
A1W415JP5WEAJK,B004P971VI,4.0,1309392000
AP6L54VTCJKCQ,B004P971VI,3.0,1309392000
A4GI4654JA8NK,B004P971VI,4.0,1313539200
A3S5WYWYKSAI9C,B004P971VI,4.0,1311206400
A3JPFWKS83R49V,B004P971VI,4.0,1312761600
A2K89R0B20LYHB,B004P971VI,4.0,1311897600
A3R9X003XW0LNR,B004P971VI,5.0,1312243200
AMS2CPERWN7JV,B004P971VI,4.0,1310947200
A5JLAU2ARJ0BO,B004P971VI,4.0,1314230400
A397CWU6DM3O5G,B004P971VI,4.0,1309305600
A3MWP39R0W9TQX,B004P971VI,4.0,1311206400
A2XA8CW5DF4MNZ,B004P971VI,5.0,1310860800
A8KM4YOB8FGGH,B004P971VI,3.0,1321401600
A6VSWJVTWEOII,B004P971VI,5.0,1330128000
AJQDIT55SZ3ZX,B004P971VI,4.0,1308528000
A2VYA302TO2K1C,B004P971VI,5.0,1313625600
A3FMPT5IH0CJ50,B004P971VI,4.0,1309219200
A17SZZO9LM3WYC,B004P971VI,4.0,1308787200
A2QDOJFFLFGF18,B004P971VI,5.0,1311120000
AGEKVD8JPZQMT,B004P971VI,3.0,1310515200
ALGI34BYWIXZG,B004P971VI,4.0,1356048000
ALDAF4VVLFRHP,B004P971VI,5.0,1309392000
A2IJ54FX1L83WK,B004P971VI,5.0,1308700800
AD34TCPEP7P84,B004P971VI,3.0,1308787200
A1MRRMHGV3PN5W,B004P971VI,4.0,1316044800
A1Q1T811N4IY3Z,B004P971VI,5.0,1314144000
A21YYC2SYN5NDY,B004P972UI,4.0,1332374400
AGHIUO1B3IF8H,B004P972UI,4.0,1319846400
A1HYH206E18XVC,B004P972UI,4.0,1321747200
AYDC7F9UF6EQX,B004P972UI,4.0,1314144000
A7C77J4MH94B6,B004P972UI,4.0,1337212800
A1GARI2JT6EAWA,B004P972UI,5.0,1331251200
A3R7RE5O61M112,B004P972UI,4.0,1319068800
A2XA8CW5DF4MNZ,B004P972UI,5.0,1315958400
A3PE884TA8529G,B004P972UI,4.0,1329955200
A5GPH59NDWJRB,B004P972UI,4.0,1315094400
AWH2AY17ZU7W2,B004P972UI,4.0,1316304000
A2UEB48LAWFUCW,B004P972UI,4.0,1318809600
AQYYUN3T7B0WM,B004P972UI,3.0,1315872000
A3U41ZL33SS92P,B004P972UI,3.0,1318118400
ARARUVZ8RUF5T,B004P972UI,3.0,1314921600
A10ASLX7DTTB6Z,B004P972UI,4.0,1327363200
A2ULQOGN59LDNK,B004P972UI,4.0,1316044800
A2RN2AO4BE6F4K,B004P972UI,5.0,1315785600
A2BZ16RKE13PKV,B004P972UI,4.0,1316563200
A2Z2FATA8JNL54,B004P972UI,3.0,1315958400
A1POFVVXUZR3IQ,B004P972UI,5.0,1332806400
A1W415JP5WEAJK,B004P98QCQ,3.0,1315267200
A2ZPZM9RE08JXF,B004P98QCQ,5.0,1309996800
A3F0OFSE2M25U2,B004P98QCQ,5.0,1308873600
A3U5CZ3PV82JXD,B004P98QCQ,3.0,1316044800
A1GWDRBUMQOCRK,B004P98QCQ,4.0,1324771200
A2UEB48LAWFUCW,B004P98QCQ,4.0,1310601600
AUCOL2XUE1IX7,B004P98QCQ,5.0,1311206400
A1GUX6R8DV3ZLY,B004P98QCQ,5.0,1308787200
A1R6DKN9YQ2YU1,B004P98QCQ,4.0,1311206400
A3GMVCTJTHYG1F,B004P98QCQ,5.0,1308700800
A1LG1DKUZXGJ6J,B004P98QCQ,4.0,1310515200
A3Q9HY0LU7MN6E,B004P98QCQ,4.0,1313366400
A307YFSORUAXSQ,B004P98QCQ,5.0,1321747200
ARPB88E6F2MFR,B004P98QCQ,4.0,1310601600
A9LNWA25IM2DX,B004P98QCQ,4.0,1308700800
APDPA11IZPYLN,B004P98QCQ,5.0,1311206400
A3LKLGZZ8OWR51,B004P98QCQ,3.0,1308787200
A1ZZR25X0CNOJX,B004P98QCQ,3.0,1309564800
A1W415JP5WEAJK,B004P98QGC,3.0,1315180800
A4GI4654JA8NK,B004P98QGC,2.0,1315958400
ACREHLVRC4H5B,B004P98QGC,4.0,1314316800
A2U83VDVJMAB2U,B004P98QGC,4.0,1315958400
A33PBU9EHZ28PC,B004P98QGC,3.0,1316476800
A279A4Y2N1CQ26,B004P98QGC,3.0,1335052800
A1GARI2JT6EAWA,B004P98QGC,2.0,1350345600
A17V2N0N8CXSA9,B004P98QGC,4.0,1314748800
A2XA8CW5DF4MNZ,B004P98QGC,5.0,1317168000
ABMX8XUNPR3LP,B004P98QGC,5.0,1316563200
A3V6QSTG2T9MIO,B004P98QGC,4.0,1364256000
A1C7Y31S5QXNTR,B004P98QGC,5.0,1314144000
A3UYBRB74RJFXB,B004P98QGC,4.0,1314748800
A2QDOJFFLFGF18,B004P98QGC,5.0,1317254400
A28UMA3GW9L124,B004P98QGC,3.0,1334620800
AX7317G153T8W,B004P98QGC,4.0,1315526400
A2BZ16RKE13PKV,B004P98QGC,4.0,1325116800
ALQ4USPEQ9L5N,B004P98QGC,5.0,1316390400
AFO678EAGH4Y9,B004P98R66,5.0,1314144000
A2I05FGBTCRRB8,B004P98R66,4.0,1323388800
A2MVPY9XVYST9H,B004P98R66,5.0,1315958400
ARADXCOUVBS09,B004P98R66,4.0,1315872000
A2ZJPDH0YP90SD,B004P98R66,4.0,1314230400
A18OUQEK7IZ2F2,B004P98R66,5.0,1327449600
ATLO3YXU2BC16,B004P98R66,4.0,1314057600
ALGI34BYWIXZG,B004P98R66,5.0,1315872000
AX7317G153T8W,B004P98R66,4.0,1316044800
A2XFM8PN6G0B02,B004P98R66,4.0,1314835200
A1GNYV0RA0EQSS,B004P98R66,3.0,1316044800
A2K89R0B20LYHB,B004PBJFO2,5.0,1344038400
A1Q08H4B9QGT2N,B004PBJFO2,5.0,1345507200
A2OJCTT5WLB2HR,B004PBJFO2,4.0,1343260800
A2507ZYWGMY9BK,B004PBJFO2,3.0,1343779200
A1C4J5MRES1KRK,B004PBJFO2,5.0,1343692800
A1VXIY1511XQK2,B004PBJFO2,5.0,1350604800
A3V6QSTG2T9MIO,B004PBJFO2,5.0,1348012800
A1IH7O6EL7SNBD,B004PBJFO2,5.0,1343952000
A226GFM0Q9L37H,B004PBJFO2,5.0,1343174400
A3UYBRB74RJFXB,B004PBJFO2,5.0,1345680000
A1PTBXZG04GT29,B004PBJFO2,5.0,1355184000
AUV3OR951650C,B004PBJFO2,5.0,1353369600
A1BA72K4VK1UN1,B004PBJFO2,5.0,1345075200
A1JOANG98KBFKU,B004PBJFO2,4.0,1345075200
A2TXMYYGSZCSZ1,B004PBLSQ0,4.0,1344470400
A2I05FGBTCRRB8,B004PBLSQ0,3.0,1343779200
A279FUL12R7MBD,B004PBLSQ0,4.0,1352592000
A2AYJJAFNSGSU1,B004PBLSQ0,5.0,1343001600
A3NHUQ33CFH3VM,B004PBLSQ0,5.0,1345507200
A1H88L8X6HM1BQ,B004PBLSQ0,4.0,1343606400
A279A4Y2N1CQ26,B004PBLSQ0,4.0,1356566400
A2CRIQOX1SYA3I,B004PBLSQ0,5.0,1343347200
A2VYA302TO2K1C,B004PBLSQ0,4.0,1345766400
A3FMPT5IH0CJ50,B004PBLSQ0,2.0,1343260800
A186697K4XKXQL,B004PBLSQ0,4.0,1344816000
A1ODOGXEYECQQ8,B004PBLSQ0,3.0,1344729600
A28UMA3GW9L124,B004PBLSQ0,3.0,1345075200
A1VTBADV3JS1EC,B004PBLSQ0,3.0,1345680000
A3EM243NDJ4DF3,B004PBLSQ0,4.0,1344816000
A1Q1T811N4IY3Z,B004PBLSQ0,4.0,1357344000
AFO678EAGH4Y9,B004PHRXEU,5.0,1306368000
A39Q9G7J70A056,B004PHRXEU,4.0,1306368000
A2RVCF21L2NPU5,B004PHRXEU,4.0,1309478400
A2Y5T1O43P14RP,B004PHRXEU,4.0,1306281600
A2XA8CW5DF4MNZ,B004PHRXEU,5.0,1306368000
A2LO1YE4Q0N4F,B004PHRXEU,4.0,1308096000
AL4SB31UAZLXL,B004PHRXEU,3.0,1331164800
A3C6CZC2JP67VK,B004PHRXEU,4.0,1313798400
AR3EVUQF0AC7R,B004PHRXEU,3.0,1306368000
A3Q9HY0LU7MN6E,B004PHRXEU,4.0,1306800000
A28UMA3GW9L124,B004PHRXEU,4.0,1345075200
A3TPNC3TKGCCEI,B004PHRXEU,4.0,1330819200
A2Z2FATA8JNL54,B004PHRXEU,4.0,1306886400
A33230MIA3W7G4,B004PHRXEU,4.0,1318982400
AD0WUBKBO21KK,B004PHTXW0,4.0,1334793600
A33PBU9EHZ28PC,B004PHTXW0,5.0,1311811200
A2TS040W2FW5O,B004PHTXW0,4.0,1308096000
AZ515FFZ7I2P7,B004PHTXW0,2.0,1351036800
A3UYBRB74RJFXB,B004PHTXW0,5.0,1311206400
AK1WNXTHNCG5V,B004PHTXW0,5.0,1308182400
A29VG90T649CSU,B004PHTXW0,4.0,1312329600
A2QKCOX5ACRHC5,B004PHTXW0,4.0,1307750400
A17M1HL6U2GS7M,B004PHTXW0,4.0,1310342400
A16YU3GRGCD95S,B004PHTXW0,4.0,1313280000
A3DGJMO6VPG6FJ,B004PHTXW0,4.0,1306627200
A3TNM3C9ENUCFW,B004PHU8XI,4.0,1305763200
A25HYPL2XKQPZB,B004PHU8XI,4.0,1306368000
A2VAD79S4A06DD,B004PHU8XI,5.0,1306454400
A1MZEMD0EDETS6,B004PHU8XI,4.0,1319587200
A3FG0FQHNV2UP2,B004PHU8XI,5.0,1306713600
A3HETHW2XD3DWH,B004PHU8XI,4.0,1311897600
ARADXCOUVBS09,B004PHU8XI,4.0,1306195200
A17771LTRWSKQ5,B004PHU8XI,4.0,1307923200
A1Y5ERIKQBEMSP,B004PHU8XI,5.0,1308182400
A2RKI7RPP5CJMG,B004PHU8XI,5.0,1306368000
A2B3A8NQIHITO8,B004PHU8XI,4.0,1312502400
A6B92PTV0Z1SU,B004PHU8XI,5.0,1306800000
A2UT0FWM1DHKFJ,B004PHU8XI,4.0,1306281600
AS7SB0A3QKVQV,B004PHU8XI,5.0,1308787200
A2Q8GFSEUSGJ51,B004PHU8XI,3.0,1306627200
A19YOYY7FLQMA6,B004PHU8XI,4.0,1306800000
A3LMPD1ZQTWOC4,B004PXR524,3.0,1310774400
A3GK1O5S6188AJ,B004PXR524,4.0,1307923200
AZFHSPEZUPGD2,B004PXR524,4.0,1309651200
A2974R9BTPZPOJ,B004PXR524,4.0,1306368000
A2DG63DN704LOI,B004PXR524,4.0,1306195200
A22S7D0LP8GRDH,B004PXR524,2.0,1362268800
A2VRAT69JDAD3W,B004PXR524,4.0,1306195200
A3BAE79NXFDXGV,B004PXR524,4.0,1307923200
A34UVV757IKPVB,B004PXR524,3.0,1314576000
A1I2U8NT5J6P1N,B004PXR524,3.0,1306368000
A1IAQIZSXONWVU,B004PXR524,5.0,1317340800
AYO1146CBIV5C,B004PXR524,5.0,1314748800
A2S26YGSVXBCFL,B004PXR524,4.0,1306368000
A1RF9YK4BK5TRH,B004PXR524,4.0,1306281600
A3TNM3C9ENUCFW,B004Q2Q0RU,4.0,1308700800
A21VGNU5959O85,B004Q2Q0RU,4.0,1308787200
A2C1Y5F8DE9H6P,B004Q2Q0RU,5.0,1308700800
A1Z54EM24Y40LL,B004Q2Q0RU,3.0,1325894400
A3U5CZ3PV82JXD,B004Q2Q0RU,4.0,1309132800
A1TR1R2QKWRSRA,B004Q2Q0RU,3.0,1332201600
A2VRAT69JDAD3W,B004Q2Q0RU,4.0,1308614400
A14X244VGHWPSX,B004Q2Q0RU,4.0,1311811200
A28OB1QLXN5BM6,B004Q2Q0RU,5.0,1315872000
AT1RF4WNPGGLC,B004Q2Q0RU,5.0,1308787200
A1MAI0TUIM3R2X,B004Q2Q0RU,4.0,1311206400
A3LGT6UZL99IW1,B004Q2Q0RU,4.0,1313366400
A1VLVWTLV3LVHR,B004Q2Q0RU,3.0,1314489600
AMB2Z4FMDBWQY,B004Q2Q0RU,4.0,1308873600
A1Q1T811N4IY3Z,B004Q2Q0RU,4.0,1314230400
AL3MFYSK9HKCL,B004QSX4RI,4.0,1356393600
A36S5U0QOWMOSX,B004QSX4RI,4.0,1356912000
A2I3TKKHF6INI6,B004QSX4RI,3.0,1355011200
A13KNCFLH0IH2G,B004QSX4RI,4.0,1349568000
A2QX49LS3Y3ANI,B004QSX4RI,4.0,1349481600
A2BVNVJOFXGZUB,B004QSX4RI,5.0,1348876800
A1DB5QPH7WO488,B004QSX4RI,4.0,1355788800
A3QCC7PV6EG4YC,B004QSX4RI,3.0,1356739200
AQYYUN3T7B0WM,B004QSX4RI,4.0,1349740800
A5H8NA5CJ0FK4,B004QSX4RI,4.0,1357689600
AA8F2HV4DPV2T,B004QSX4RI,4.0,1349481600
A3C2JQC6R2K52C,B004QSX4RI,5.0,1350345600
A17SZZO9LM3WYC,B004QSX4RI,5.0,1348963200
A3QEIVO8AB3YMU,B004QSX4RI,5.0,1348963200
AG71XMQGQ2UTJ,B004QSX4RI,5.0,1351036800
A2JVBJUU2DL0WA,B004QSX4RI,4.0,1349913600
ARPB88E6F2MFR,B004QSX4RI,5.0,1349308800
A2XSY4L7GDHV4W,B004QSX4RI,5.0,1349136000
ANRD6B90QL0FF,B004QSX4RI,5.0,1348790400
A2YEOR4XJ8N3QE,B004QSX4RI,5.0,1348531200
A1WP940JZL83T7,B004R1ZUNA,5.0,1317168000
AZA55FJD7CCZN,B004R1ZUNA,4.0,1325030400
A2RVCF21L2NPU5,B004R1ZUNA,5.0,1317427200
A36S5U0QOWMOSX,B004R1ZUNA,4.0,1345075200
AKHFY3VCNZL2W,B004R1ZUNA,3.0,1326499200
A3MEMX0XF00TBD,B004R1ZUNA,4.0,1317859200
AMS2CPERWN7JV,B004R1ZUNA,5.0,1321401600
A4EBYIKOMYFF9,B004R1ZUNA,2.0,1327363200
A3R7RE5O61M112,B004R1ZUNA,5.0,1317254400
A1DD9MSMEKYOVW,B004R1ZUNA,5.0,1356220800
A1WKEAS58297E5,B004R1ZUNA,5.0,1319068800
A1SB9BNNGKNX2Z,B004R1ZUNA,5.0,1318982400
A26EQ8U96JA92T,B004R1ZUNA,4.0,1335225600
AUCOL2XUE1IX7,B004R1ZUNA,4.0,1316563200
AQYYUN3T7B0WM,B004R1ZUNA,3.0,1322179200
A3LGT6UZL99IW1,B004R1ZUNA,5.0,1363737600
A3Y0IB3VYLD6A,B004R1ZUNA,5.0,1317859200
A16Z2OECAUX8Z4,B004S2M414,5.0,1387324800
A4GI4654JA8NK,B004S2M414,3.0,1381968000
A2RX62V4E2BF5Z,B004S2M414,5.0,1385683200
A279A4Y2N1CQ26,B004S2M414,4.0,1385942400
ALNFHVS3SC4FV,B004S2M414,5.0,1383696000
A1TR1R2QKWRSRA,B004S2M414,4.0,1386892800
ACJT8MUC0LRF0,B004S2M414,5.0,1382572800
A397CWU6DM3O5G,B004S2M414,5.0,1380672000
A4EUL79IT6AUP,B004S2M414,3.0,1381276800
AYB4ELCS5AM8P,B004S2M414,5.0,1383523200
A1F5O1USOUOOXI,B004S2M414,3.0,1384732800
A2OY6P98P87047,B004S2M414,5.0,1380499200
A2CZ98V784SRJ0,B004S2M414,4.0,1387411200
A1KI3173CO6TK2,B004S2M414,4.0,1384128000
A3QEIVO8AB3YMU,B004S2M414,4.0,1378598400
A2QDOJFFLFGF18,B004S2M414,4.0,1387411200
A3Q9HY0LU7MN6E,B004S2M414,3.0,1382313600
A2JKM8KF3296CW,B004S2M414,5.0,1387324800
A231LBC8EGPO5L,B004S2M414,5.0,1384214400
A27BKXQAR305QL,B004S2M414,4.0,1387324800
ALQ4USPEQ9L5N,B004S2M414,5.0,1387411200
A2H667ZUNLNTF1,B004S2M414,5.0,1386720000
A2RW587355CMVA,B004S65XDG,4.0,1315353600
A2RIAXGSBP65BJ,B004S65XDG,4.0,1321920000
A2TXMYYGSZCSZ1,B004S65XDG,3.0,1318464000
A1T8N18XKDLJO4,B004S65XDG,4.0,1317168000
A19FRW264WZTGP,B004S65XDG,4.0,1314748800
A1IBKN1GXYJ3K4,B004S65XDG,5.0,1319673600
A3R9X003XW0LNR,B004S65XDG,4.0,1323561600
A2QX49LS3Y3ANI,B004S65XDG,4.0,1314057600
AMS2CPERWN7JV,B004S65XDG,5.0,1316476800
A2E4R7YISIM4QM,B004S65XDG,3.0,1316390400
ADJ0G262H54GP,B004S65XDG,3.0,1314316800
A5GPH59NDWJRB,B004S65XDG,4.0,1314316800
A1DY0CRKZEY0FB,B004S65XDG,4.0,1315958400
AGVDI7RLT24WJ,B004S65XDG,3.0,1319760000
A1ZGHA3IJV01BK,B004S65XDG,4.0,1319500800
A1ONZ8JRPLBNUI,B004S65XDG,5.0,1317168000
A3V14SK22N2VAI,B004S65XDG,4.0,1314057600
A1FXY0GUFHEI59,B004S65XDG,3.0,1314144000
A30QAOLNZ4415R,B004S65XDG,4.0,1316044800
A1NOV41485TE0D,B004S65XDG,4.0,1315785600
AIVZMEFEAGF3,B004S65XDG,4.0,1315353600
A20L63B48RPSOH,B004S65XDG,4.0,1315094400
A2V9DTXTQ5YIMK,B004S6A1QK,4.0,1316476800
A1IDAKX7OM3QIE,B004S6A1QK,5.0,1319068800
A3LWC833HQIG7J,B004S6A1QK,5.0,1315094400
AZA55FJD7CCZN,B004S6A1QK,5.0,1315872000
A2974R9BTPZPOJ,B004S6A1QK,4.0,1315958400
A35IX2GE0VC0JP,B004S6A1QK,4.0,1319673600
A2E3NAL9ECE7VS,B004S6A1QK,4.0,1314921600
A3F43PAJZLOE3I,B004S6A1QK,3.0,1337212800
A24RCBRDXRXR0Y,B004S6A1QK,4.0,1316563200
AUCOL2XUE1IX7,B004S6A1QK,5.0,1316390400
A1DY0CRKZEY0FB,B004S6A1QK,4.0,1315958400
AGVDI7RLT24WJ,B004S6A1QK,3.0,1316476800
ATANE2SC44592,B004S6A1QK,5.0,1315526400
AVJJ2D4G5I0Z4,B004S6A1QK,5.0,1316044800
A3V14SK22N2VAI,B004S6A1QK,2.0,1315785600
AX7317G153T8W,B004S6A1QK,4.0,1315267200
AQRN2I355LZ3F,B004S6A1QK,4.0,1316044800
A3LGT6UZL99IW1,B004S6A1QK,2.0,1350259200
A3DFH4CKPIT0N9,B004S6A1QK,3.0,1314403200
A2WW57XX2UVLM6,B004S6A1QK,5.0,1316044800
A2J8DE8R94ZB02,B004S6A1QK,3.0,1337126400
A1486KL0IOM7VM,B004S6DV2G,5.0,1315008000
AZA55FJD7CCZN,B004S6DV2G,4.0,1314230400
A1IH7O6EL7SNBD,B004S6DV2G,5.0,1315440000
A2VJJ2POCLMED7,B004S6DV2G,4.0,1316563200
A398R165PXFOSS,B004S6DV2G,4.0,1314403200
A307YFSORUAXSQ,B004S6DV2G,3.0,1325030400
A2UT0FWM1DHKFJ,B004S6DV2G,4.0,1314144000
A2JE8OS1NN9YDB,B004S6DV2G,5.0,1319673600
A3NEAETOSXDBOM,B004S6DV2G,5.0,1331596800
A3JLOIXFM75QNV,B004S6DV2G,3.0,1326844800
A3G5MOHY1U635N,B004S6DWDY,3.0,1316995200
AFTFND8CPQ34M,B004S6DWDY,4.0,1316044800
A3EK2KTYHJCPB9,B004S6DWDY,4.0,1316044800
AG2YXYIQ8TLTA,B004S6DWDY,3.0,1315526400
A1U7LS93I03MFW,B004S6DWDY,3.0,1337126400
A2TTHN1UMO82VY,B004S6DWDY,3.0,1331856000
A194K60CWZ371J,B004S6DWDY,4.0,1314144000
A15D2X8MICR2VQ,B004S6DWDY,4.0,1316390400
ATS2855497V0I,B004S6DWDY,5.0,1315180800
A3F43PAJZLOE3I,B004S6DWDY,3.0,1315612800
A34CSXOGVYF94S,B004S6DWDY,2.0,1314748800
A2UEB48LAWFUCW,B004S6DWDY,3.0,1317168000
AOAOARIH72UWI,B004S6DWDY,3.0,1315958400
A22B13EJTZKCTM,B004S6DWDY,3.0,1316649600
A1UQBFCERIP7VJ,B004S6DWDY,3.0,1320537600
AHRNDSKWH1YBT,B004S6DWDY,3.0,1324425600
AQZ4PHIEEV5N5,B004S6DWDY,5.0,1314230400
A58F10T4OE58C,B004S6DWDY,4.0,1314921600
A33VI944SO2YCN,B004S6DWDY,3.0,1316390400
A2T04VAIXSKJH2,B004S6DWDY,2.0,1315872000
A2Z2FATA8JNL54,B004S6DWDY,4.0,1315958400
A1M0OSCFOAMAZO,B004S6DWDY,4.0,1314403200
A8KJS2P6E5DCB,B004S6DWDY,2.0,1325721600
A2J8DE8R94ZB02,B004S6DWDY,2.0,1326585600
A38YS1DNHC3CVC,B004S6EAYY,4.0,1314835200
A3HUC8541SJ6UT,B004S6EAYY,3.0,1319068800
A19FRW264WZTGP,B004S6EAYY,4.0,1315612800
A2IFKH3TJ10387,B004S6EAYY,4.0,1331769600
ABSFFH7ECSE49,B004S6EAYY,4.0,1314403200
ALNFHVS3SC4FV,B004S6EAYY,5.0,1325116800
ACVDL5QRCOPE1,B004S6EAYY,5.0,1316304000
AMS2CPERWN7JV,B004S6EAYY,4.0,1316476800
A397CWU6DM3O5G,B004S6EAYY,3.0,1316044800
AKCZIJ6ZHE41D,B004S6EAYY,4.0,1326067200
AMYTL79JMGQ6D,B004S6EAYY,4.0,1314230400
A45S6D1P309G9,B004S6EAYY,4.0,1321056000
A35Q0RBM3YNQNF,B004S6EAYY,5.0,1316304000
A3PPXVR5J6U2JD,B004S6EAYY,3.0,1316044800
AGEKVD8JPZQMT,B004S6EAYY,5.0,1316044800
AFZJNYR931ZCN,B004S6EAYY,5.0,1316563200
A19JDXB5R33C7R,B004S6EAYY,4.0,1314144000
A38RMU1Y5TDP9,B004S6EBE8,4.0,1314316800
A2U83VDVJMAB2U,B004S6EBE8,5.0,1315958400
A2K89R0B20LYHB,B004S6EBE8,5.0,1314835200
A22DRQMROONYOK,B004S6EBE8,4.0,1316390400
A36MP37DITBU6F,B004S6EBE8,5.0,1314835200
ATJE929ETFFNH,B004S6EBE8,5.0,1315785600
A3CLWZGMC7M9Z1,B004S6EBE8,5.0,1319932800
A26EQ8U96JA92T,B004S6EBE8,5.0,1314835200
AHQ13I9CI4US6,B004S6EBE8,4.0,1314057600
A1QT3N5FUQ4I47,B004S6EBE8,4.0,1316476800
A2CZ98V784SRJ0,B004S6EBE8,4.0,1316044800
AP8D74QD9LUUL,B004S6EBE8,5.0,1317254400
A3V14SK22N2VAI,B004S6EBE8,5.0,1315958400
A231LBC8EGPO5L,B004S6EBE8,5.0,1314662400
A1BA72K4VK1UN1,B004S6EBE8,5.0,1314230400
APPCJX62WKIIP,B004S6EBE8,4.0,1316044800
A2BZ16RKE13PKV,B004S6EBE8,4.0,1316563200
A3JLOIXFM75QNV,B004S6EBE8,4.0,1316563200
A2V9DTXTQ5YIMK,B004S6EBIO,2.0,1321315200
A3LWC833HQIG7J,B004S6EBIO,5.0,1316304000
A2XYH8IHILWW7X,B004S6EBIO,4.0,1314230400
A2K89R0B20LYHB,B004S6EBIO,5.0,1314835200
A279A4Y2N1CQ26,B004S6EBIO,4.0,1316390400
A3R9X003XW0LNR,B004S6EBIO,5.0,1317168000
ACJT8MUC0LRF0,B004S6EBIO,5.0,1315353600
ACVDL5QRCOPE1,B004S6EBIO,4.0,1316304000
A2974R9BTPZPOJ,B004S6EBIO,3.0,1315958400
A2Y5T1O43P14RP,B004S6EBIO,3.0,1316649600
A3R7RE5O61M112,B004S6EBIO,3.0,1316044800
AKCZIJ6ZHE41D,B004S6EBIO,4.0,1315785600
A1P0JSFW184ZXJ,B004S6EBIO,5.0,1319155200
A2QI2NTDTMK2FV,B004S6EBIO,4.0,1315267200
A2BVNVJOFXGZUB,B004S6EBIO,4.0,1314403200
A3V14SK22N2VAI,B004S6EBIO,3.0,1326326400
A2IJ54FX1L83WK,B004S6EBIO,5.0,1314748800
A1E5WXNTI7EO2A,B004S6EBIO,4.0,1316390400
A2QKCOX5ACRHC5,B004S6EBIO,4.0,1316131200
A3VGAP2KLCBNBB,B004S6ECLU,4.0,1345680000
ACVDL5QRCOPE1,B004S6ECLU,5.0,1316304000
A336FE20YZZL3A,B004S6ECLU,4.0,1315180800
ASLHDTUUMOH7F,B004S6ECLU,4.0,1314403200
AVFJ327UXPXLF,B004S6ECLU,4.0,1328832000
A2BVNVJOFXGZUB,B004S6ECLU,4.0,1314403200
AHQ13I9CI4US6,B004S6ECLU,4.0,1314144000
A6VSWJVTWEOII,B004S6ECLU,4.0,1314144000
A4BNJSZVARL5W,B004S6ECLU,4.0,1315526400
A3EZHMGGWY74HY,B004S6ECLU,5.0,1314230400
A3LN4AOPBIUQWR,B004S6ECLU,5.0,1315180800
A3C1QYGEET3BVY,B004S6ECLU,5.0,1316563200
A2KWE2ZM1EEBGJ,B004S6ECLU,4.0,1369267200
A3FQZH8PJB535A,B004S6ECLU,4.0,1315872000
ATLZNVLYKP9AZ,B004S6ECLU,4.0,1314576000
AIVZMEFEAGF3,B004S6ECLU,3.0,1315353600
A39Q9G7J70A056,B004SGHLXQ,3.0,1321660800
A2D7B5I7ZQ51XL,B004SGHLXQ,3.0,1318550400
AYB8XLKTYMTTX,B004SGHLXQ,4.0,1317254400
A3U5CZ3PV82JXD,B004SGHLXQ,3.0,1318982400
A1S27P7KJO9I96,B004SGHLXQ,5.0,1317340800
A34CSXOGVYF94S,B004SGHLXQ,4.0,1317427200
A224I5WR8UQDDC,B004SGHLXQ,3.0,1321488000
A3212H6SF9W1LV,B004SGHLXQ,4.0,1316649600
A1VF5HRCDF99CF,B004SGHLXQ,5.0,1317254400
A35Y0RSU09ANEN,B004SGHLXQ,4.0,1318550400
AQ1F3NP2G15S5,B004SGHLXQ,4.0,1316563200
A4UGMKUSX9XHI,B004SGHLXQ,3.0,1317254400
A9LNWA25IM2DX,B004SGHLXQ,3.0,1317686400
A3DFH4CKPIT0N9,B004SGHLXQ,3.0,1329868800
A2SPV96SGOEO2,B004SGHLXQ,4.0,1329696000
A3IMK08UX0I46A,B004SGHLXQ,5.0,1319068800
A2U83VDVJMAB2U,B004SGLDM6,5.0,1314316800
AYUF7YETYOLNX,B004SGLDM6,4.0,1315612800
A36S5U0QOWMOSX,B004SGLDM6,4.0,1315180800
A10ZBR6O8S8OCY,B004SGLDM6,4.0,1317340800
A2MVPY9XVYST9H,B004SGLDM6,4.0,1314662400
A1ZU55TM45Y2R8,B004SGLDM6,5.0,1314230400
A1UQUDT2Q0YENM,B004SGLDM6,5.0,1317686400
AM8J1UVGVYAL4,B004SGLDM6,4.0,1324252800
A1LG1DKUZXGJ6J,B004SGLDM6,3.0,1314403200
AUV3OR951650C,B004SGLDM6,5.0,1330387200
A37D2TGTIXRV2N,B004SGLDM6,4.0,1331596800
AQRN2I355LZ3F,B004SGLDM6,4.0,1314230400
A1EN4XAKX9LK4A,B004SGLDM6,4.0,1348704000
AFG4HIHMX312C,B004SGLDM6,4.0,1316649600
A343Y76WJTBYP6,B004SGLDM6,5.0,1314057600
A25QJBK33C4O0R,B004SGLDM6,4.0,1316390400
AXVKMYWNIHK7W,B004SGLDM6,4.0,1316563200
A1ITRGMT80D5TK,B004SGLDM6,3.0,1314921600
A3G7BEJJCPD6DS,B004SGLDM6,3.0,1315958400
ADLVFFE4VBT8,B004SGORBK,4.0,1314576000
A21YYC2SYN5NDY,B004SGORBK,4.0,1330905600
A39Q9G7J70A056,B004SGORBK,3.0,1321833600
A26KXNN6H1IL0I,B004SGORBK,4.0,1320278400
A1BMG34CO5CMZ5,B004SGORBK,3.0,1329264000
AKJHHD5VEH7VG,B004SGORBK,4.0,1314921600
A1S27P7KJO9I96,B004SGORBK,4.0,1316044800
A3DZFEICHK5LF2,B004SGORBK,4.0,1323043200
A4KJTS5P78ICU,B004SGORBK,5.0,1317168000
A3FMPT5IH0CJ50,B004SGORBK,5.0,1314057600
A2KQT4D0OZR569,B004SGORBK,4.0,1321574400
ALLHJD3KZF9KC,B004SGORBK,5.0,1314230400
A1GQRGB8FGSLIZ,B004SGORBK,4.0,1318032000
A34W59GPOUKU8L,B004SGORBK,4.0,1316044800
AUS5X6IMFLJBD,B004SGORBK,5.0,1315353600
A276OI0NHBYORX,B004SGORBK,4.0,1315440000
A2XFM8PN6G0B02,B004SGORBK,5.0,1314835200
AM9APPMIE1BHZ,B004SGORBK,4.0,1315872000
A2NVQZ4Y7Y0J1R,B004SGORBK,3.0,1318809600
ACR4HKUT808U1,B004SGORBK,4.0,1314230400
AUJFO0J9A2HGE,B004SGRW6C,4.0,1314057600
A1F7YU6O5RU432,B004SGRW6C,5.0,1314316800
A3LWC833HQIG7J,B004SGRW6C,4.0,1318118400
AYB8XLKTYMTTX,B004SGRW6C,5.0,1315958400
A18GJ9MYYO6GCQ,B004SGRW6C,4.0,1314057600
A2R1HUYHXV7H18,B004SGRW6C,5.0,1314662400
A2NMQWBDWT3SQF,B004SGRW6C,5.0,1314144000
A226GFM0Q9L37H,B004SGRW6C,5.0,1330387200
A224I5WR8UQDDC,B004SGRW6C,5.0,1314230400
A2NBCCFDISGUQT,B004SGRW6C,4.0,1319068800
A1RF9YK4BK5TRH,B004SGRW6C,4.0,1314230400
A3PIW7ZF4C5ZJL,B004SGRW6C,3.0,1314316800
A19JDXB5R33C7R,B004SGRW6C,4.0,1314057600
A2JAEZ0FMAMJVW,B004SGS3B0,4.0,1323820800
A19D3N662QS9WD,B004SGS3B0,3.0,1315180800
AGHIUO1B3IF8H,B004SGS3B0,3.0,1317168000
A17437N1L775IJ,B004SGS3B0,4.0,1316044800
AEL6CQNQXONBX,B004SGS3B0,4.0,1315785600
A1IBKN1GXYJ3K4,B004SGS3B0,5.0,1319673600
A9XMQ24ZKXYSN,B004SGS3B0,4.0,1314230400
A3T6HX48F66512,B004SGS3B0,4.0,1314403200
A17771LTRWSKQ5,B004SGS3B0,3.0,1316044800
A2ZJPDH0YP90SD,B004SGS3B0,4.0,1314144000
A2LF16F0KX9L7P,B004SGS3B0,5.0,1315267200
AUCOL2XUE1IX7,B004SGS3B0,4.0,1314230400
A22B13EJTZKCTM,B004SGS3B0,3.0,1321833600
A8INT3NMHRUS4,B004SGS3B0,5.0,1347926400
AJQDIT55SZ3ZX,B004SGS3B0,3.0,1331164800
A29534U2P9CLNR,B004SGS3B0,2.0,1314403200
A22CW0ZHY3NJH8,B004SGS3B0,4.0,1315008000
AA98O5326L88T,B004SGS3OM,4.0,1319068800
ADY836HK6QSYR,B004SGS3OM,4.0,1335139200
A2DG63DN704LOI,B004SGS3OM,4.0,1314230400
A3GS7OZXUEW48R,B004SGS3OM,4.0,1314403200
A14X244VGHWPSX,B004SGS3OM,4.0,1314144000
A2LF16F0KX9L7P,B004SGS3OM,5.0,1315267200
AONUCJBC85BL,B004SGS3OM,4.0,1317081600
A35Q0RBM3YNQNF,B004SGS3OM,5.0,1316390400
A3GMVCTJTHYG1F,B004SGS3OM,5.0,1315785600
A3Q9HY0LU7MN6E,B004SGS3OM,4.0,1314230400
A1MAI0TUIM3R2X,B004SGS3OM,4.0,1321488000
A3SQQYS79AV13M,B004SGS3OM,5.0,1314662400
A1QK0XCAPHIW1L,B004SGS3OM,4.0,1315699200
A3G7BEJJCPD6DS,B004SGS3OM,4.0,1315872000
A2V92F5R7MLCVI,B004SGS3OM,5.0,1321228800
A2LAS014NSRW72,B004SGS9X2,4.0,1316476800
A1IDAKX7OM3QIE,B004SGS9X2,5.0,1339113600
A3FG0FQHNV2UP2,B004SGS9X2,4.0,1317945600
ASLHDTUUMOH7F,B004SGS9X2,4.0,1316649600
A28J8ZFUBAC40Q,B004SGS9X2,5.0,1316822400
A267FU71Z01CIH,B004SGS9X2,4.0,1317168000
A2DA2NJZ2RIYAB,B004SGS9X2,5.0,1316649600
AYO1146CBIV5C,B004SGS9X2,4.0,1319673600
A20A523DFHLRBT,B004SGS9X2,5.0,1316995200
A15CL28ALB7MTZ,B004SGS9X2,5.0,1361318400
A2ULQOGN59LDNK,B004SGS9X2,5.0,1322179200
A2QKCOX5ACRHC5,B004SGS9X2,4.0,1316649600
A2YQ2ZI65F37N8,B004SGS9X2,5.0,1317168000
A2RIAXGSBP65BJ,B004SKUUTY,3.0,1334361600
A3EK2KTYHJCPB9,B004SKUUTY,3.0,1316044800
AEL6CQNQXONBX,B004SKUUTY,4.0,1317686400
ACJT8MUC0LRF0,B004SKUUTY,5.0,1313971200
A3BTL4FV6ODKAT,B004SKUUTY,3.0,1331769600
A24RCBRDXRXR0Y,B004SKUUTY,4.0,1317168000
A4VMQ6ZTSXSSL,B004SKUUTY,2.0,1320278400
A2LXC5ZHHP0WXP,B004SKUUTY,5.0,1315440000
AR3EVUQF0AC7R,B004SKUUTY,4.0,1316044800
A22CW0ZHY3NJH8,B004SKUUTY,5.0,1315612800
A1VTBADV3JS1EC,B004SKUUTY,5.0,1316736000
ARIDN94LOCQFD,B004SKUUTY,4.0,1315612800
A11EXFO14WEJM1,B004SKUUTY,5.0,1320883200
A2V0I904FH7ABY,B004SKUUTY,4.0,1315958400
A1UKA7HUAQAMY,B004SKX8M0,4.0,1313625600
A3TNM3C9ENUCFW,B004SKX8M0,4.0,1311811200
A1V3PCKVCJ3TTZ,B004SKX8M0,5.0,1311897600
ADJ0G262H54GP,B004SKX8M0,5.0,1311897600
A1WKEAS58297E5,B004SKX8M0,4.0,1311811200
AFHYEO3Y1IIDD,B004SKX8M0,3.0,1311897600
AYO1146CBIV5C,B004SKX8M0,5.0,1313625600
A2MG95DI29NJTJ,B004SKX8M0,4.0,1311724800
A1NOV41485TE0D,B004SKX8M0,4.0,1312416000
A13Z96HR8EEF24,B004SKX8M0,2.0,1311379200
A1K84GJLQWFIQ7,B004SL1HU4,3.0,1348617600
ALQY22U9JTNCQ,B004SL1HU4,4.0,1323907200
A2K89R0B20LYHB,B004SL1HU4,5.0,1320883200
A1Q08H4B9QGT2N,B004SL1HU4,4.0,1320105600
A375NF45A1MDWI,B004SL1HU4,4.0,1319587200
A3F43PAJZLOE3I,B004SL1HU4,5.0,1331424000
AKMEY1BSHSDG7,B004SL1HU4,5.0,1319673600
A381MT950I6KRL,B004SL1HU4,4.0,1323216000
A2HELIKP5RV27F,B004SL1HU4,3.0,1321228800
A17NX7T7DW6KL2,B004SL1HU4,4.0,1331769600
A22IDP8YERZ79X,B004SL1HU4,2.0,1326931200
A3M2O06MCHJG18,B004SL1HU4,4.0,1324425600
A2ZKQC0XCIIAEM,B004SL1HU4,5.0,1319587200
A343Y76WJTBYP6,B004SL1HU4,5.0,1319673600
A2NXAV1SNXWA9H,B004SL1HU4,5.0,1321401600
A335GUD1YBS31U,B004SL1HU4,2.0,1366588800
AFTFND8CPQ34M,B004SL1HVI,4.0,1321315200
A22DRQMROONYOK,B004SL1HVI,4.0,1324771200
AKCZIJ6ZHE41D,B004SL1HVI,2.0,1326067200
A2065HBMYDXJ1S,B004SL1HVI,4.0,1321488000
A30UIZJMFL9PLT,B004SL1HVI,4.0,1336608000
A17NX7T7DW6KL2,B004SL1HVI,4.0,1331769600
AHRNDSKWH1YBT,B004SL1HVI,4.0,1321920000
A3M2O06MCHJG18,B004SL1HVI,4.0,1324425600
A1ONZ8JRPLBNUI,B004SL1HVI,5.0,1323302400
A3K3SE4RK846WO,B004SL1HVI,5.0,1332374400
A2ZKQC0XCIIAEM,B004SL1HVI,5.0,1319587200
AYNTULRNAIPNY,B004SL1HVI,4.0,1319673600
A2NXAV1SNXWA9H,B004SL1HVI,5.0,1321401600
AUCXT9K30SHYF,B004SL1HVI,5.0,1319932800
A3U4GW06XNSI2Q,B004SMX7YC,4.0,1330041600
A3OXRFCJI67IMN,B004SMX7YC,5.0,1316563200
A2U83VDVJMAB2U,B004SMX7YC,5.0,1317427200
A2RVCF21L2NPU5,B004SMX7YC,4.0,1317168000
A2A33KJUP7T2FK,B004SMX7YC,5.0,1318204800
AR33KU52LIBF1,B004SMX7YC,4.0,1317168000
A1KSNK256G46GX,B004SMX7YC,4.0,1318636800
A1GARI2JT6EAWA,B004SMX7YC,2.0,1350345600
A194K60CWZ371J,B004SMX7YC,3.0,1317081600
A3M1PLEYNDEYO8,B004SMX7YC,5.0,1316649600
A215WH6RUDUCMP,B004SMX7YC,4.0,1319673600
AJQDIT55SZ3ZX,B004SMX7YC,5.0,1316390400
A398R165PXFOSS,B004SMX7YC,4.0,1318204800
A1NIGUK4M2ST8,B004SMX7YC,5.0,1316736000
A1BA72K4VK1UN1,B004SMX7YC,5.0,1316649600
AAU0G40ZN5RIL,B004SMX7YC,4.0,1321488000
A1M0OSCFOAMAZO,B004SMX7YC,5.0,1316995200
A2JAEZ0FMAMJVW,B004SMXA5I,4.0,1316649600
A31HE83MU98GBV,B004SMXA5I,4.0,1321488000
A336FE20YZZL3A,B004SMXA5I,4.0,1317254400
A1SD1C8XK3Z3V1,B004SMXA5I,5.0,1318723200
A2TS040W2FW5O,B004SMXA5I,3.0,1316649600
A3JZUGERNK38IW,B004SMXA5I,4.0,1317168000
A215WH6RUDUCMP,B004SMXA5I,5.0,1319673600
AKMEY1BSHSDG7,B004SMXA5I,3.0,1319673600
A361U4SXK7FCQE,B004SMXA5I,4.0,1316649600
A1C7Y31S5QXNTR,B004SMXA5I,4.0,1316563200
A2YV6F6DLENNTM,B004SMXA5I,2.0,1320192000
AIXDV2Z2NEYP6,B004SMXA5I,3.0,1319068800
AAU0G40ZN5RIL,B004SMXA5I,3.0,1319241600
AZKGCE3LNX7WB,B004SMXA5I,5.0,1317168000
A208U42GARHSOR,B004SMXA5I,3.0,1318896000
A12O5SEIF162P8,B004SMXA5I,4.0,1331769600
A1POFVVXUZR3IQ,B004SMXA5I,3.0,1316649600
A1UKA7HUAQAMY,B004SN4OAW,3.0,1316649600
A39BGN8JA7CIFX,B004SN4OAW,4.0,1316649600
A3AL9NFNWTRV39,B004SN4OAW,4.0,1317254400
A1GARI2JT6EAWA,B004SN4OAW,4.0,1325116800
A1GBT4UN2RW7XY,B004SN4OAW,3.0,1321488000
ACYR6O588USK,B004SN4OAW,4.0,1318982400
A2MOD50IHEDH3G,B004SN4OAW,4.0,1319500800
AONUCJBC85BL,B004SN4OAW,4.0,1317081600
A3K4AJLVHAH4OZ,B004SN4OAW,5.0,1316822400
ALLHJD3KZF9KC,B004SN4OAW,4.0,1317513600
A1NIGUK4M2ST8,B004SN4OAW,4.0,1318809600
A1GQRGB8FGSLIZ,B004SN4OAW,3.0,1324512000
A3Q9HY0LU7MN6E,B004SN4OAW,4.0,1316649600
A23KDA686N6T4Y,B004SN4OAW,5.0,1319673600
A1FATTRIXTSTEB,B004SN4OAW,4.0,1316476800
A1VTBADV3JS1EC,B004SN4OAW,5.0,1321488000
A2GH8LYNLQSE3F,B004SN4OAW,4.0,1319673600
A2WW57XX2UVLM6,B004SN4OAW,4.0,1314748800
A81XIM8XFKWX5,B004SN4OAW,4.0,1319068800
A3U0S17XYK8XMJ,B004SN4T16,4.0,1318377600
A3GK1O5S6188AJ,B004SN4T16,4.0,1319500800
A2VAD79S4A06DD,B004SN4T16,4.0,1337299200
A1TS45JWJVOSSW,B004SN4T16,4.0,1317254400
A3FG0FQHNV2UP2,B004SN4T16,5.0,1311897600
A3FOSLM5G1BO63,B004SN4T16,4.0,1316995200
A32B6XWNR55SRL,B004SN4T16,4.0,1317081600
A30IP3E4MDQ36,B004SN4T16,5.0,1320710400
AAEHOTZ1GRAUX,B004SN4T16,5.0,1317081600
A2RKI7RPP5CJMG,B004SN4T16,4.0,1318896000
A3IAU6ZPVF2R5K,B004SN4T16,5.0,1332460800
A3FWVV13DJELLV,B004SN4T16,4.0,1318377600
A3LN4AOPBIUQWR,B004SN4T16,5.0,1317600000
AGFW667QNHDOY,B004SN4T16,3.0,1318032000
A1GNYV0RA0EQSS,B004SN4T16,5.0,1322611200
A2WW57XX2UVLM6,B004SN4T16,3.0,1315612800
A8KJS2P6E5DCB,B004SN4T16,4.0,1318550400
A1ITRGMT80D5TK,B004SN4T16,4.0,1317168000
A1P27BGF8NAI29,B004T1R75W,4.0,1315872000
A1486KL0IOM7VM,B004T1R75W,4.0,1319673600
A3OXRFCJI67IMN,B004T1R75W,4.0,1314144000
A2U83VDVJMAB2U,B004T1R75W,4.0,1314316800
A2RVCF21L2NPU5,B004T1R75W,4.0,1314489600
A12PN254PTSGU5,B004T1R75W,4.0,1314921600
A2BN9DIBP9A0XG,B004T1R75W,4.0,1319673600
A194K60CWZ371J,B004T1R75W,4.0,1315180800
A35IX2GE0VC0JP,B004T1R75W,3.0,1321401600
A3M1PLEYNDEYO8,B004T1R75W,5.0,1314144000
A2XA8CW5DF4MNZ,B004T1R75W,5.0,1316649600
A22S7D0LP8GRDH,B004T1R75W,2.0,1337212800
A14X244VGHWPSX,B004T1R75W,3.0,1321920000
AJQDIT55SZ3ZX,B004T1R75W,4.0,1314748800
A3FMPT5IH0CJ50,B004T1R75W,3.0,1313971200
AHRNDSKWH1YBT,B004T1R75W,3.0,1315872000
A1NIGUK4M2ST8,B004T1R75W,5.0,1315958400
A136LRUR0RDH9J,B004T1R75W,3.0,1353801600
A2QDOJFFLFGF18,B004T1R75W,5.0,1327536000
A1JOANG98KBFKU,B004T1R75W,3.0,1321401600
AFG4HIHMX312C,B004T1R75W,4.0,1335398400
A1IDAKX7OM3QIE,B004T32W2S,5.0,1365120000
AOXMWBNDZDJ9L,B004T32W2S,4.0,1371513600
A3USZS8Q4GOKGE,B004T32W2S,5.0,1364256000
A397CWU6DM3O5G,B004T32W2S,5.0,1365120000
A336FE20YZZL3A,B004T32W2S,5.0,1366675200
AAWUXA65NDMYM,B004T32W2S,5.0,1365120000
A28J8ZFUBAC40Q,B004T32W2S,3.0,1366416000
A1NQK5MH9GTJ6S,B004T32W2S,5.0,1365638400
A23WE733QT4WGJ,B004T32W2S,4.0,1365206400
A17NX7T7DW6KL2,B004T32W2S,4.0,1364428800
A36EW68H08UOCS,B004T32W2S,4.0,1369699200
A19JGPUJAX048H,B004T32W2S,4.0,1364256000
A3QEIVO8AB3YMU,B004T32W2S,4.0,1365033600
A2WFZWRYWLC20S,B004T32W2S,4.0,1368662400
ABYLSNI0MGXZB,B004T32W2S,3.0,1364688000
A3FKPBNI7UWQFW,B004T32W2S,3.0,1364601600
A1XFI340SHOS5K,B004T32W2S,4.0,1364256000
AQB4DH57MSZSC,B004TT6RD2,5.0,1343260800
A1FDVT0DLJWV78,B004TT6RD2,4.0,1356307200
A3R9X003XW0LNR,B004TT6RD2,5.0,1343174400
A9XMQ24ZKXYSN,B004TT6RD2,5.0,1343174400
A3F43PAJZLOE3I,B004TT6RD2,5.0,1354060800
A34W7QA4J5UTOR,B004TT6RD2,5.0,1346025600
A2RHV42BTJSVON,B004TT6RD2,4.0,1344643200
A398R165PXFOSS,B004TT6RD2,4.0,1348617600
A12E0Y0J6584RT,B004TT6RD2,5.0,1344643200
A1R1BFJCMWX0Y3,B004TT6RD2,4.0,1343520000
AD34TCPEP7P84,B004TT6RD2,5.0,1348617600
A2J8DE8R94ZB02,B004TT6RD2,4.0,1347840000
A33230MIA3W7G4,B004TT6RD2,4.0,1345507200
AYWHCM0TJ4737,B004TTGXCM,5.0,1344470400
ALUV2YKWZENKK,B004TTGXCM,4.0,1343260800
A375NF45A1MDWI,B004TTGXCM,4.0,1343174400
A1S52XH2CS4Y26,B004TTGXCM,3.0,1343088000
A1M5ZT35YX6TIN,B004TTGXCM,5.0,1348012800
A1GWDRBUMQOCRK,B004TTGXCM,5.0,1343174400
A14DNCG5WHM86Z,B004TTGXCM,3.0,1368489600
A26EQ8U96JA92T,B004TTGXCM,5.0,1346371200
A277TO3PKKNYDH,B004TTGXCM,3.0,1351728000
A2Q8GFSEUSGJ51,B004TTGXCM,3.0,1344211200
ARSQ2F9U315WG,B004U53A7Q,3.0,1325203200
APPJNVNF4BFLB,B004U53A7Q,4.0,1317254400
A28IIVKXOE1ATF,B004U53A7Q,5.0,1317081600
A15D2X8MICR2VQ,B004U53A7Q,5.0,1316476800
A3BTL4FV6ODKAT,B004U53A7Q,3.0,1331769600
A2UBSGFCP2QFNV,B004U53A7Q,4.0,1324512000
A277GP2U2TXH51,B004U53A7Q,4.0,1318204800
A2MOD50IHEDH3G,B004U53A7Q,5.0,1322956800
ALEUQQE118NEW,B004U53A7Q,4.0,1316649600
A2UEB48LAWFUCW,B004U53A7Q,4.0,1318896000
AIW4CHZOM5W7D,B004U53A7Q,4.0,1317081600
A1KDM0N4UCEPHA,B004U53A7Q,5.0,1316649600
AK1WNXTHNCG5V,B004U53A7Q,5.0,1316649600
A22CW0ZHY3NJH8,B004U53A7Q,5.0,1317254400
A6B92PTV0Z1SU,B004U53A7Q,4.0,1346198400
A1VTBADV3JS1EC,B004U53A7Q,5.0,1326067200
A23KACXOE9O9TX,B004U53A7Q,3.0,1365120000
APDPA11IZPYLN,B004U53A7Q,4.0,1323820800
A319Y83RT0MRVR,B004U53AA8,5.0,1321488000
A19D3N662QS9WD,B004U53AA8,5.0,1319500800
A4GI4654JA8NK,B004U53AA8,3.0,1318982400
A2IG937LQKWO7C,B004U53AA8,4.0,1319068800
A33PBU9EHZ28PC,B004U53AA8,3.0,1331769600
ALNFHVS3SC4FV,B004U53AA8,4.0,1325203200
A3R9X003XW0LNR,B004U53AA8,4.0,1317859200
A2TTHN1UMO82VY,B004U53AA8,5.0,1363651200
ADJ0G262H54GP,B004U53AA8,4.0,1317168000
A37CXU92U7FYJH,B004U53AA8,3.0,1324857600
A8KM4YOB8FGGH,B004U53AA8,4.0,1329264000
A1DY0CRKZEY0FB,B004U53AA8,4.0,1317772800
AA8F2HV4DPV2T,B004U53AA8,3.0,1317600000
A3IAU6ZPVF2R5K,B004U53AA8,5.0,1323561600
A3L2KYOYDWSRPL,B004U53AA8,2.0,1320883200
AOEUN9718KVRD,B004U53AA8,5.0,1317513600
APVK8GGSSUDCE,B004U53AA8,5.0,1327536000
AC1YLEFC9AN5X,B004U53AA8,4.0,1317081600
AAA0TUKS5VBSA,B004U53AA8,4.0,1317945600
A1BA72K4VK1UN1,B004U53AA8,5.0,1318118400
A33VI944SO2YCN,B004U53AA8,4.0,1318291200
ARIDN94LOCQFD,B004U53AA8,4.0,1319068800
A1WP940JZL83T7,B004U5FRQI,4.0,1331942400
A1NKKF4W2LHF6M,B004U5FRQI,5.0,1320710400
A2TXMYYGSZCSZ1,B004U5FRQI,3.0,1321920000
A3RG8DYG8AJ6Z9,B004U5FRQI,5.0,1319760000
A2HC9549CZAKNN,B004U5FRQI,3.0,1331769600
A2XYH8IHILWW7X,B004U5FRQI,4.0,1319846400
A3NHUQ33CFH3VM,B004U5FRQI,3.0,1320364800
AOM63D4VL32WM,B004U5FRQI,4.0,1320883200
AEL6CQNQXONBX,B004U5FRQI,4.0,1323475200
A3G2PUQ455XMXJ,B004U5FRQI,2.0,1320710400
A2OJCTT5WLB2HR,B004U5FRQI,3.0,1323302400
A38H4XCCPLRF93,B004U5FRQI,3.0,1320192000
A1UUI7PFQ5FU4E,B004U5FRQI,5.0,1340236800
A2561PYW9TTMYD,B004U5FRQI,5.0,1319673600
A3QEIVO8AB3YMU,B004U5FRQI,4.0,1336348800
AR3EVUQF0AC7R,B004U5FRQI,4.0,1321401600
A3LN4AOPBIUQWR,B004U5FRQI,4.0,1321056000
A21VQDGHP3T7Y,B004U5FRQI,4.0,1360195200
A33VI944SO2YCN,B004U5FRQI,4.0,1319500800
A19D3N662QS9WD,B004U5FW3Q,3.0,1317254400
AP6L54VTCJKCQ,B004U5FW3Q,4.0,1318809600
AG2YXYIQ8TLTA,B004U5FW3Q,5.0,1321228800
A3U5CZ3PV82JXD,B004U5FW3Q,2.0,1321401600
A2MVPY9XVYST9H,B004U5FW3Q,4.0,1325548800
A2UBSGFCP2QFNV,B004U5FW3Q,4.0,1334793600
A24RCBRDXRXR0Y,B004U5FW3Q,4.0,1318896000
A3PJZ8TU8FDQ1K,B004U5FW3Q,5.0,1323388800
ABQWMANK4AR63,B004U5FW3Q,3.0,1317513600
AOAOARIH72UWI,B004U5FW3Q,5.0,1319068800
A3DZFEICHK5LF2,B004U5FW3Q,5.0,1326326400
A4KJTS5P78ICU,B004U5FW3Q,4.0,1328400000
A23WE733QT4WGJ,B004U5FW3Q,4.0,1328140800
A1KDM0N4UCEPHA,B004U5FW3Q,3.0,1331596800
A3LN4AOPBIUQWR,B004U5FW3Q,4.0,1317772800
A23KACXOE9O9TX,B004U5FW3Q,3.0,1326844800
A13Z96HR8EEF24,B004U5FW3Q,4.0,1316563200
A3HUC8541SJ6UT,B004UC4N1G,3.0,1315958400
A2UYWE97KME0M,B004UC4N1G,5.0,1314921600
ALNFHVS3SC4FV,B004UC4N1G,4.0,1316131200
A2LW5AL0KQ9P1M,B004UC4N1G,2.0,1316044800
A1M5ZT35YX6TIN,B004UC4N1G,4.0,1318032000
A1ZPY91VE3IDN1,B004UC4N1G,1.0,1315094400
A6D07P6DHMXIP,B004UC4N1G,4.0,1314489600
A1KDM0N4UCEPHA,B004UC4N1G,4.0,1324512000
A2KQT4D0OZR569,B004UC4N1G,3.0,1365638400
A3Z9QN0RCOHEY,B004UC4N1G,3.0,1314144000
A2I4A4WGWII18Z,B004UC4N1G,5.0,1314316800
A30Z0GG96D11EO,B004UC4N1G,4.0,1331596800
A2RW587355CMVA,B004UC4Q8Q,4.0,1311206400
AFO678EAGH4Y9,B004UC4Q8Q,4.0,1308528000
A3F2VVIQIY6U64,B004UC4Q8Q,4.0,1310860800
A3JPFWKS83R49V,B004UC4Q8Q,4.0,1310083200
A3U5CZ3PV82JXD,B004UC4Q8Q,4.0,1313798400
ALNFHVS3SC4FV,B004UC4Q8Q,4.0,1309305600
A2974R9BTPZPOJ,B004UC4Q8Q,4.0,1310860800
A3V5F050GVZ56Q,B004UC4Q8Q,5.0,1367971200
AY3D7DG5L5WCK,B004UC4Q8Q,5.0,1313625600
A15D2X8MICR2VQ,B004UC4Q8Q,4.0,1320969600
A3VBXQKRM7A4JR,B004UC4Q8Q,4.0,1308614400
A2LO1YE4Q0N4F,B004UC4Q8Q,5.0,1310688000
A2O9HU1K7TCF7B,B004UC4Q8Q,4.0,1312329600
A2SDRCBPIAXVDW,B004UC4Q8Q,4.0,1315958400
A3QCC7PV6EG4YC,B004UC4Q8Q,4.0,1313193600
A2X7NBUETXC19E,B004UC4Q8Q,4.0,1309219200
A22B13EJTZKCTM,B004UC4Q8Q,3.0,1312156800
A3H5QGH5OD2XGX,B004UC4Q8Q,4.0,1313712000
A3QDDEW6RXVEAY,B004UC4Q8Q,4.0,1309564800
A3QEIVO8AB3YMU,B004UC4Q8Q,5.0,1314489600
A1NIGUK4M2ST8,B004UC4Q8Q,3.0,1309910400
A37D2TGTIXRV2N,B004UC4Q8Q,4.0,1315958400
A379IB3EYAEL5,B004UC4Q8Q,3.0,1308873600
A357B3PUHSVQA,B004UC4Q8Q,4.0,1321315200
AUJFO0J9A2HGE,B004UC4RVM,4.0,1316131200
A1WP940JZL83T7,B004UC4RVM,3.0,1314230400
A3IKLTT9JQACCI,B004UC4RVM,3.0,1314921600
APPJNVNF4BFLB,B004UC4RVM,3.0,1314921600
A1XDMYX8QOW07N,B004UC4RVM,4.0,1323907200
AKMEY1BSHSDG7,B004UC4RVM,4.0,1325894400
ASGI7E0AJ8H5X,B004UC4RVM,3.0,1316044800
A3C9YGB4H90PDE,B004UC4RVM,3.0,1316044800
A3TWBW1B17R151,B004UC4RVM,5.0,1316217600
A36EW68H08UOCS,B004UC4RVM,3.0,1314835200
A1GHZY5ZMRVN8Q,B004UC4RVM,5.0,1316044800
A3L1BNBV4SS1H8,B004UC4RVM,4.0,1315526400
A1GQRGB8FGSLIZ,B004UC4RVM,4.0,1313971200
A23KACXOE9O9TX,B004UC4RVM,3.0,1314057600
A3JHC8O59WDHFZ,B004UC4RVM,4.0,1314316800
A11EXFO14WEJM1,B004UC4RVM,5.0,1314144000
AA98O5326L88T,B004UCBU6M,4.0,1323734400
AL3MFYSK9HKCL,B004UCBU6M,4.0,1316649600
A25HYPL2XKQPZB,B004UCBU6M,4.0,1320537600
A2CNGARED6OWWU,B004UCBU6M,4.0,1315958400
A39BGN8JA7CIFX,B004UCBU6M,3.0,1314144000
AGXV8E7XK9J6H,B004UCBU6M,4.0,1318550400
AK8LOFYRZJJW0,B004UCBU6M,5.0,1316649600
A26DQMYF5E0GL6,B004UCBU6M,4.0,1319587200
A28IIVKXOE1ATF,B004UCBU6M,5.0,1314403200
A277GP2U2TXH51,B004UCBU6M,4.0,1314403200
A3A8FMW6BDJ166,B004UCBU6M,4.0,1318118400
A3RTNA9THAU2OP,B004UCBU6M,4.0,1317168000
AYNRALJ4X1COS,B004UCBU6M,4.0,1316476800
A3C9YGB4H90PDE,B004UCBU6M,4.0,1316736000
AEVO0UWFCAK02,B004UCBU6M,4.0,1314057600
A2WW57XX2UVLM6,B004UCBU6M,3.0,1316822400
A3I9XZGYARBLS4,B004UJI81U,5.0,1316995200
AA460WUKL3BC6,B004UJI81U,3.0,1321488000
A375NF45A1MDWI,B004UJI81U,5.0,1320537600
ARADXCOUVBS09,B004UJI81U,4.0,1318896000
A2RME4353Y911C,B004UJI81U,5.0,1318550400
A14DNCG5WHM86Z,B004UJI81U,5.0,1318204800
A1C4J5MRES1KRK,B004UJI81U,5.0,1317340800
AYNRALJ4X1COS,B004UJI81U,5.0,1343260800
AHRNDSKWH1YBT,B004UJI81U,4.0,1319068800
AK1WNXTHNCG5V,B004UJI81U,5.0,1317600000
A1ZVFCPHCWFV71,B004UJI81U,5.0,1324512000
A2YV6F6DLENNTM,B004UJI81U,5.0,1318809600
A1JOANG98KBFKU,B004UJI81U,4.0,1321401600
A1R1BFJCMWX0Y3,B004UJI81U,3.0,1325030400
A3Y0IB3VYLD6A,B004UJI81U,5.0,1317859200
A2WFZWRYWLC20S,B004UJI81U,5.0,1317168000
A15JB2HEZ6RKGW,B004UJI81U,5.0,1331769600
AYOMAHLWRQHUG,B004UTVVEG,5.0,1382486400
AKHFY3VCNZL2W,B004UTVVEG,3.0,1383609600
A3USZS8Q4GOKGE,B004UTVVEG,5.0,1382400000
A97H5I4P5PCEM,B004UTVVEG,4.0,1382572800
A1VYFEJM12ZP11,B004UTVVEG,4.0,1382400000
A2KFWHHUFVKFXZ,B004UTVVEG,4.0,1382486400
A22IDP8YERZ79X,B004UTVVEG,5.0,1386028800
AQSW6WDVCJGB8,B004UTVVEG,5.0,1387843200
A1FXY0GUFHEI59,B004UTVVEG,4.0,1382745600
AB0TLNLNOAGY4,B004UTVVEG,4.0,1386806400
A2J8DE8R94ZB02,B004UTVVEG,4.0,1384214400
ACR4HKUT808U1,B004UTVVEG,4.0,1383955200
A3FKPBNI7UWQFW,B004UTVVEG,4.0,1383091200
A2RIAXGSBP65BJ,B004UU7AEK,3.0,1317513600
A3NOBH42C7UI5M,B004UU7AEK,2.0,1318982400
AL3MFYSK9HKCL,B004UU7AEK,1.0,1321920000
A2I05FGBTCRRB8,B004UU7AEK,2.0,1317254400
A34IBXM7E8CPWE,B004UU7AEK,3.0,1317168000
A2974R9BTPZPOJ,B004UU7AEK,4.0,1317168000
AR5SY32T76DBM,B004UU7AEK,3.0,1317168000
ADJ0G262H54GP,B004UU7AEK,4.0,1317427200
AKMEY1BSHSDG7,B004UU7AEK,4.0,1317600000
A3QCC7PV6EG4YC,B004UU7AEK,3.0,1326931200
A3IAU6ZPVF2R5K,B004UU7AEK,5.0,1329955200
A9NXTC0HTPSDO,B004UU7AEK,4.0,1316995200
A23TGI02RB7JC,B004UU7AEK,4.0,1323907200
A1KI3173CO6TK2,B004UU7AEK,2.0,1320883200
A1LA4K5JF78BER,B004UU7AEK,3.0,1329264000
A1UCPXUBSESD65,B004UU7AEK,2.0,1316563200
A1GUN2J1FDYNF3,B004UU7AEK,5.0,1317168000
A2G4LKK57XMBL3,B004UU7AEK,5.0,1317254400
AD34TCPEP7P84,B004UU7AEK,5.0,1319068800
A2I4A4WGWII18Z,B004UU7AEK,5.0,1316995200
A1NOV41485TE0D,B004UU7AEK,4.0,1316649600
A1M0OSCFOAMAZO,B004UU7AEK,5.0,1316390400
A3K91X9X2ARDOK,B004UU7AEK,4.0,1317081600
ACAXV4V8PBCE3,B004UU7AEK,4.0,1322265600
A1XFI340SHOS5K,B004UU7AEK,3.0,1317081600
AL3MFYSK9HKCL,B004UU7AFE,1.0,1321920000
A3F2VVIQIY6U64,B004UU7AFE,4.0,1317081600
A2RVCF21L2NPU5,B004UU7AFE,4.0,1317168000
AOM63D4VL32WM,B004UU7AFE,3.0,1317168000
A34IBXM7E8CPWE,B004UU7AFE,3.0,1317168000
A1TS45JWJVOSSW,B004UU7AFE,3.0,1317254400
A215WH6RUDUCMP,B004UU7AFE,5.0,1319673600
AKMEY1BSHSDG7,B004UU7AFE,5.0,1319673600
A267FU71Z01CIH,B004UU7AFE,4.0,1318636800
AX7QMRXX81L9K,B004UU7AFE,4.0,1332374400
A1J6B00Z1D6PS4,B004UU7AFE,4.0,1317427200
A3IAU6ZPVF2R5K,B004UU7AFE,5.0,1323561600
A226GFM0Q9L37H,B004UU7AFE,4.0,1317254400
A1KI3173CO6TK2,B004UU7AFE,2.0,1317254400
APVK8GGSSUDCE,B004UU7AFE,3.0,1319068800
A1LA4K5JF78BER,B004UU7AFE,3.0,1329264000
A231LBC8EGPO5L,B004UU7AFE,4.0,1317254400
A2JVBJUU2DL0WA,B004UU7AFE,3.0,1317945600
A1GUN2J1FDYNF3,B004UU7AFE,5.0,1316563200
A343Y76WJTBYP6,B004UU7AFE,1.0,1316995200
A1GNYV0RA0EQSS,B004UU7AFE,5.0,1318464000
A3BVDW4DOLJAN0,B004UU7AFE,3.0,1317254400
AIPVKMLXTO6H9,B004UU7AFE,5.0,1318896000
AY6A8KPYCE6B0,B004UU7AFE,4.0,1317081600
A1XFI340SHOS5K,B004UU7AFE,3.0,1317081600
A1KXJCXS6HFRQZ,B004UU83IC,2.0,1366761600
A3LMPD1ZQTWOC4,B004UU83IC,4.0,1330041600
AW5JSQCHC2ZJO,B004UU83IC,5.0,1318809600
AUEW0SKOB1XYF,B004UU83IC,5.0,1324512000
A18FUHNBP90IB4,B004UU83IC,5.0,1318204800
ACJT8MUC0LRF0,B004UU83IC,5.0,1317772800
A2BMZRO0H7TFCS,B004UU83IC,5.0,1317600000
AO1Z0TQWCRGL4,B004UU83IC,5.0,1316563200
A17V2N0N8CXSA9,B004UU83IC,5.0,1317772800
A2XA8CW5DF4MNZ,B004UU83IC,5.0,1319068800
A3AG5QAT8L0I3R,B004UU83IC,4.0,1317772800
A381MT950I6KRL,B004UU83IC,4.0,1325548800
A34W7QA4J5UTOR,B004UU83IC,4.0,1317513600
ABSYIF0ONC2AF,B004UU83IC,5.0,1322438400
A2RHV42BTJSVON,B004UU83IC,4.0,1321920000
A1I2U8NT5J6P1N,B004UU83IC,5.0,1316476800
A1LA4K5JF78BER,B004UU83IC,3.0,1331769600
A3Q9HY0LU7MN6E,B004UU83IC,5.0,1317081600
ALGI34BYWIXZG,B004UU83IC,5.0,1323302400
A2ZKQC0XCIIAEM,B004UU83IC,5.0,1316563200
A2V98TS4QDDCG9,B004UU83IC,5.0,1316476800
AX7317G153T8W,B004UU83IC,5.0,1317945600
AYNTULRNAIPNY,B004UU83IC,4.0,1319068800
ARPB88E6F2MFR,B004UU83IC,5.0,1318377600
A12E0Y0J6584RT,B004UU83IC,4.0,1318204800
A2G4LKK57XMBL3,B004UU83IC,5.0,1317254400
ALQ4USPEQ9L5N,B004UU83IC,5.0,1318896000
A2Z2FATA8JNL54,B004UU83IC,4.0,1316649600
A19YOYY7FLQMA6,B004UU83IC,4.0,1317772800
A336FE20YZZL3A,B004UU9X5O,5.0,1321488000
AZ515FFZ7I2P7,B004UU9X5O,4.0,1336262400
AGFGY4EJ37VS2,B004UU9X5O,4.0,1316908800
A2CZ98V784SRJ0,B004UU9X5O,5.0,1316649600
AP8D74QD9LUUL,B004UU9X5O,5.0,1317513600
A9NXTC0HTPSDO,B004UU9X5O,5.0,1324944000
A1ONZ8JRPLBNUI,B004UU9X5O,5.0,1323302400
A231LBC8EGPO5L,B004UU9X5O,5.0,1316822400
A1FXY0GUFHEI59,B004UU9X5O,4.0,1317081600
A33VI944SO2YCN,B004UU9X5O,5.0,1318809600
A39D7ONPOORMUT,B004UU9X5O,5.0,1343260800
A2ECTCPBTOGW4H,B004UU9XG8,5.0,1317168000
AERBY54RWPSO9,B004UU9XG8,5.0,1316563200
A4GI4654JA8NK,B004UU9XG8,4.0,1317168000
A3JPFWKS83R49V,B004UU9XG8,4.0,1321142400
A1UYMXFON06KQ6,B004UU9XG8,4.0,1317081600
A14UOOROH3XRQ9,B004UU9XG8,5.0,1316649600
A14X244VGHWPSX,B004UU9XG8,4.0,1316649600
A34W7QA4J5UTOR,B004UU9XG8,5.0,1317772800
A3NDUBKYPI47N2,B004UU9XG8,5.0,1319328000
A2LXC5ZHHP0WXP,B004UU9XG8,5.0,1317859200
ASHO96ZB8AL1Z,B004UU9XG8,4.0,1318464000
A2HELIKP5RV27F,B004UU9XG8,4.0,1318291200
A2AOZQ3WTNVVOK,B004UU9XG8,5.0,1317254400
A3GMVCTJTHYG1F,B004UU9XG8,5.0,1317254400
A1ONZ8JRPLBNUI,B004UU9XG8,5.0,1323302400
AGEKVD8JPZQMT,B004UU9XG8,4.0,1318377600
A1VF5HRCDF99CF,B004UU9XG8,3.0,1317772800
A3K3SE4RK846WO,B004UU9XG8,5.0,1317168000
A1BA72K4VK1UN1,B004UU9XG8,5.0,1318118400
A33230MIA3W7G4,B004UU9XG8,4.0,1317686400
AUJFO0J9A2HGE,B004UUKMUE,3.0,1318204800
A21YYC2SYN5NDY,B004UUKMUE,3.0,1317168000
ADY836HK6QSYR,B004UUKMUE,4.0,1317254400
A25HYPL2XKQPZB,B004UUKMUE,2.0,1351036800
A3F0OFSE2M25U2,B004UUKMUE,5.0,1317168000
A36MP37DITBU6F,B004UUKMUE,4.0,1317254400
A3HETHW2XD3DWH,B004UUKMUE,4.0,1317254400
A1VXIY1511XQK2,B004UUKMUE,4.0,1319587200
A2V2URLB31HG59,B004UUKMUE,3.0,1319068800
A31AVXMESQRQAC,B004UUKMUE,3.0,1318550400
A2R1HUYHXV7H18,B004UUKMUE,4.0,1318723200
AHRNDSKWH1YBT,B004UUKMUE,3.0,1318118400
A2S26YGSVXBCFL,B004UUKMUE,4.0,1317168000
A2IJ54FX1L83WK,B004UUKMUE,5.0,1317081600
A1VTBADV3JS1EC,B004UUKMUE,5.0,1321488000
APDPA11IZPYLN,B004UUKMUE,3.0,1321315200
AXVKMYWNIHK7W,B004UUKMUE,4.0,1317254400
A1POFVVXUZR3IQ,B004UUKMUE,3.0,1316908800
AFEYHFH2GH0QZ,B004V3GVP0,3.0,1382745600
A1W415JP5WEAJK,B004V3GVP0,5.0,1383004800
A3CIHP9FFPE9I3,B004V3GVP0,4.0,1377993600
A16Z2OECAUX8Z4,B004V3GVP0,5.0,1387065600
A2RX62V4E2BF5Z,B004V3GVP0,4.0,1384041600
A3NHUQ33CFH3VM,B004V3GVP0,4.0,1383004800
ALNFHVS3SC4FV,B004V3GVP0,5.0,1384214400
A10ZBR6O8S8OCY,B004V3GVP0,5.0,1385424000
ACJT8MUC0LRF0,B004V3GVP0,5.0,1383177600
A2LW5AL0KQ9P1M,B004V3GVP0,5.0,1383350400
A336FE20YZZL3A,B004V3GVP0,5.0,1386028800
ALYZJ7W14YS26,B004V3GVP0,4.0,1382918400
AYB4ELCS5AM8P,B004V3GVP0,5.0,1382745600
A1FWFCJU2G7TRA,B004V3GVP0,4.0,1366416000
A267FU71Z01CIH,B004V3GVP0,4.0,1385337600
A1UQBFCERIP7VJ,B004V3GVP0,4.0,1383955200
AOEUN9718KVRD,B004V3GVP0,4.0,1383091200
A1ONZ8JRPLBNUI,B004V3GVP0,5.0,1380326400
A2QDOJFFLFGF18,B004V3GVP0,5.0,1387238400
A376OJHLE6SU9Q,B004V3GVP0,2.0,1384646400
A3LN4AOPBIUQWR,B004V3GVP0,5.0,1382486400
A2JKM8KF3296CW,B004V3GVP0,4.0,1383436800
A231LBC8EGPO5L,B004V3GVP0,5.0,1383004800
A276OI0NHBYORX,B004V3GVP0,5.0,1385251200
A2068BC3ZXAVJQ,B004V3GVP0,5.0,1385424000
ALQ4USPEQ9L5N,B004V3GVP0,4.0,1387065600
A1KMG1AIUS00DC,B004V3GVP0,5.0,1377388800
A2V92F5R7MLCVI,B004V3GVP0,4.0,1384128000
A188JOXWF4EY1R,B004VJNRKG,4.0,1323648000
A38RMU1Y5TDP9,B004VJNRKG,4.0,1322179200
AM2IR1V5EU55U,B004VJNRKG,4.0,1323734400
A1P0JSFW184ZXJ,B004VJNRKG,1.0,1323388800
A22B13EJTZKCTM,B004VJNRKG,3.0,1330387200
A3Q9HY0LU7MN6E,B004VJNRKG,4.0,1327449600
A1YAGM2QOSAAOT,B004VJNRKG,3.0,1323820800
A27ADCSD15F3GL,B004VJNRKG,3.0,1328832000
A12E0Y0J6584RT,B004VJNRKG,5.0,1322611200
A8KJS2P6E5DCB,B004VJNRKG,4.0,1325721600
AVHN134ADVP4R,B004VPQEAU,4.0,1351900800
ANCOMAI0I7LVG,B004VPQEAU,5.0,1356825600
A2ZPZM9RE08JXF,B004VPQEAU,4.0,1353283200
A1BMG34CO5CMZ5,B004VPQEAU,4.0,1352851200
AYUF7YETYOLNX,B004VPQEAU,4.0,1354233600
A1H88L8X6HM1BQ,B004VPQEAU,2.0,1356912000
AKJHHD5VEH7VG,B004VPQEAU,4.0,1353888000
A3N27L13CWJ9HY,B004VPQEAU,3.0,1351123200
A15D2X8MICR2VQ,B004VPQEAU,4.0,1365897600
ALEUQQE118NEW,B004VPQEAU,4.0,1351468800
A2065HBMYDXJ1S,B004VPQEAU,3.0,1352937600
AL4SB31UAZLXL,B004VPQEAU,3.0,1352937600
A2WVF9ZQ068DN0,B004VPQEAU,5.0,1350950400
ATANE2SC44592,B004VPQEAU,3.0,1365120000
A3QDDEW6RXVEAY,B004VPQEAU,5.0,1353369600
AQ1F3NP2G15S5,B004VPQEAU,4.0,1364688000
AMKPSJXCQZVW9,B004VPQEAU,5.0,1352246400
A2SD1Z4OROY538,B004VPQEAU,2.0,1353283200
A21YYC2SYN5NDY,B004W281XA,4.0,1382486400
A4GI4654JA8NK,B004W281XA,4.0,1384992000
A2877AOHJFZI0E,B004W281XA,4.0,1379980800
A2HC9549CZAKNN,B004W281XA,5.0,1381795200
A1UYMXFON06KQ6,B004W281XA,3.0,1383696000
A2SDRCBPIAXVDW,B004W281XA,5.0,1384732800
A381MT950I6KRL,B004W281XA,4.0,1381881600
A3C9YGB4H90PDE,B004W281XA,3.0,1383696000
A6D07P6DHMXIP,B004W281XA,5.0,1380412800
A186697K4XKXQL,B004W281XA,4.0,1382659200
A3QBCX2QMKJ7AH,B004W281XA,4.0,1383004800
ALDV8DDZWWPYE,B004W281XA,5.0,1379980800
ADFLBRY00Y70G,B004W281XA,4.0,1384992000
A25TNBMJ4ZO7RD,B004W281XA,4.0,1379980800
A3Q9HY0LU7MN6E,B004W281XA,5.0,1379894400
A199FRO0YFMGED,B004W281XA,4.0,1382659200
A23KACXOE9O9TX,B004W281XA,4.0,1381622400
A14RYRR7ETV3UY,B004W281XA,3.0,1384646400
A1VABWDOUQLULZ,B004W281XA,2.0,1380067200
A1M0OSCFOAMAZO,B004W281XA,4.0,1381363200
AIPVKMLXTO6H9,B004W281XA,3.0,1382572800
A3CIHP9FFPE9I3,B004X0I8DY,2.0,1317168000
A3GK1O5S6188AJ,B004X0I8DY,5.0,1314057600
A1S7YQQGJPPFLG,B004X0I8DY,5.0,1314144000
A2PFCO5ON4N2UP,B004X0I8DY,1.0,1315612800
AK8LOFYRZJJW0,B004X0I8DY,3.0,1340668800
A1ZGHA3IJV01BK,B004X0I8DY,3.0,1333411200
A267FU71Z01CIH,B004X0I8DY,3.0,1315180800
A2561PYW9TTMYD,B004X0I8DY,5.0,1316131200
A1LUK8APLC16WK,B004X0I8DY,1.0,1328659200
A19JGPUJAX048H,B004X0I8DY,3.0,1315958400
APVK8GGSSUDCE,B004X0I8DY,4.0,1319068800
A3R33KMESG0XGQ,B004X0I8DY,2.0,1339027200
A71W7G4TCTH3T,B004Z1JRO0,1.0,1320883200
A1H88L8X6HM1BQ,B004Z1JRO0,4.0,1318118400
A3OJX18B60PJR9,B004Z1JRO0,4.0,1316649600
ACVDL5QRCOPE1,B004Z1JRO0,5.0,1317340800
A34GM17T6WTJDK,B004Z1JRO0,4.0,1316476800
A1S52XH2CS4Y26,B004Z1JRO0,4.0,1321315200
AQYYUN3T7B0WM,B004Z1JRO0,3.0,1316736000
A1UUI7PFQ5FU4E,B004Z1JRO0,4.0,1318982400
A30QAOLNZ4415R,B004Z1JRO0,3.0,1319068800
A3FQZH8PJB535A,B004Z1JRO0,5.0,1318982400
A1Q1T811N4IY3Z,B004Z1JRO0,4.0,1320624000
A1P27BGF8NAI29,B004Z1JSN0,5.0,1319068800
A2I05FGBTCRRB8,B004Z1JSN0,4.0,1328572800
A2JXCOUGYS5Y4J,B004Z1JSN0,5.0,1332374400
A1HYH206E18XVC,B004Z1JSN0,5.0,1325548800
A2HOLM5I1ARX9J,B004Z1JSN0,2.0,1321488000
A1Q08H4B9QGT2N,B004Z1JSN0,4.0,1316563200
A1H88L8X6HM1BQ,B004Z1JSN0,4.0,1318118400
A2QX49LS3Y3ANI,B004Z1JSN0,4.0,1324857600
A2MVPY9XVYST9H,B004Z1JSN0,3.0,1336435200
AY3D7DG5L5WCK,B004Z1JSN0,5.0,1342656000
A15D2X8MICR2VQ,B004Z1JSN0,5.0,1318723200
A5GPH59NDWJRB,B004Z1JSN0,4.0,1316649600
A3DZFEICHK5LF2,B004Z1JSN0,4.0,1323043200
A2HELIKP5RV27F,B004Z1JSN0,4.0,1318291200
A26SO3TOT2TLJE,B004Z1JSN0,4.0,1317513600
AY3EENC2BGTGK,B004Z1JSN0,5.0,1316476800
AT28RL25Q2OLK,B004Z1JSN0,5.0,1318118400
AUS5X6IMFLJBD,B004Z1JSN0,4.0,1317772800
AFG4HIHMX312C,B004Z1JSN0,5.0,1355184000
A81XIM8XFKWX5,B004Z1JSN0,5.0,1320796800
A2GRDQJ4Z7053K,B004Z1JUJ2,4.0,1316822400
ARSQ2F9U315WG,B004Z1JUJ2,3.0,1327708800
A3JPFWKS83R49V,B004Z1JUJ2,2.0,1331078400
A1FK6IQ111SJDR,B004Z1JUJ2,3.0,1316736000
A1MZEMD0EDETS6,B004Z1JUJ2,5.0,1320624000
ALNFHVS3SC4FV,B004Z1JUJ2,3.0,1340064000
A2QCE7L6GRE3MT,B004Z1JUJ2,2.0,1317254400
A2ME89MSWVG9NF,B004Z1JUJ2,3.0,1316563200
A2BN9DIBP9A0XG,B004Z1JUJ2,4.0,1317168000
A235NA61RC6YC1,B004Z1JUJ2,3.0,1354665600
A361U4SXK7FCQE,B004Z1JUJ2,4.0,1319673600
A1KI3173CO6TK2,B004Z1JUJ2,2.0,1329955200
A3KEZLJ59C1JVH,B004Z1JUJ2,4.0,1317168000
ALDV8DDZWWPYE,B004Z1JUJ2,1.0,1318204800
A25C5MVVCIYT5D,B004Z1JUJ2,4.0,1328054400
A17C7XZHFOS12W,B004Z1JUJ2,2.0,1317168000
A307YFSORUAXSQ,B004Z1JUJ2,4.0,1326585600
AT28RL25Q2OLK,B004Z1JUJ2,3.0,1317254400
A105S56ODHGJEK,B004Z1JUJ2,3.0,1329955200
AJV985MKGCIQ0,B004Z1JW68,5.0,1316649600
A3I9XZGYARBLS4,B004Z1JW68,5.0,1316563200
A1Z54EM24Y40LL,B004Z1JW68,4.0,1316995200
A34IBXM7E8CPWE,B004Z1JW68,4.0,1316563200
A2BN9DIBP9A0XG,B004Z1JW68,3.0,1329696000
A3M6KV5PDU46YI,B004Z1JW68,3.0,1332374400
A6D07P6DHMXIP,B004Z1JW68,5.0,1317859200
A30LAVLDNH4JR0,B004Z1JW68,4.0,1317081600
A22CW0ZHY3NJH8,B004Z1JW68,5.0,1316649600
A37D2TGTIXRV2N,B004Z1JW68,4.0,1323561600
A1VTBADV3JS1EC,B004Z1JW68,5.0,1316736000
AS7SB0A3QKVQV,B004Z1JW68,5.0,1316649600
A1NN8Q1DLAYPGH,B004Z1JW68,3.0,1323129600
A156P4FPL8OGXB,B004Z1JW68,4.0,1318982400
A1POFVVXUZR3IQ,B004Z1JW68,5.0,1316822400
ABSFFH7ECSE49,B004Z3MLLY,5.0,1316131200
A10E3F50DIUJEE,B004Z3MLLY,3.0,1314230400
AK8LOFYRZJJW0,B004Z3MLLY,3.0,1340668800
A3U5CZ3PV82JXD,B004Z3MLLY,3.0,1326844800
AY3D7DG5L5WCK,B004Z3MLLY,4.0,1323820800
A5K3CK2PWYQ7O,B004Z3MLLY,4.0,1320710400
A3HETHW2XD3DWH,B004Z3MLLY,4.0,1314316800
A31HE83MU98GBV,B004Z3MLLY,3.0,1342915200
AL4SB31UAZLXL,B004Z3MLLY,4.0,1316044800
A1WKEAS58297E5,B004Z3MLLY,4.0,1319068800
A2KFWHHUFVKFXZ,B004Z3MLLY,2.0,1322438400
A1R6DKN9YQ2YU1,B004Z3MLLY,4.0,1316476800
A1LA4K5JF78BER,B004Z3MLLY,4.0,1316044800
A3FWVV13DJELLV,B004Z3MLLY,5.0,1316563200
A3FFKU2MTCOBM1,B004Z3MLLY,3.0,1331683200
A3TIJLY4VX8CH3,B004Z3MLLY,5.0,1356566400
A6X1O3A5C5FX1,B004Z3MLLY,4.0,1318291200
AY6A8KPYCE6B0,B004Z3MLLY,4.0,1314057600
A3MUSWDCTZINQZ,B004Z3MLLY,4.0,1315958400
A39D7ONPOORMUT,B004Z3MLLY,5.0,1314403200
AVHN134ADVP4R,B004Z7H07K,5.0,1345334400
A1II2ZRPKZAQQD,B004Z7H07K,3.0,1343433600
AGHIUO1B3IF8H,B004Z7H07K,3.0,1322524800
A39Q9G7J70A056,B004Z7H07K,5.0,1317254400
A188JOXWF4EY1R,B004Z7H07K,3.0,1316649600
A38RMU1Y5TDP9,B004Z7H07K,5.0,1318032000
AM2IR1V5EU55U,B004Z7H07K,4.0,1314576000
AA460WUKL3BC6,B004Z7H07K,5.0,1322524800
A1MZEMD0EDETS6,B004Z7H07K,5.0,1323734400
AEL6CQNQXONBX,B004Z7H07K,4.0,1326672000
A2IMGHMF0LO151,B004Z7H07K,5.0,1315353600
A10M94ASQEBL56,B004Z7H07K,5.0,1333065600
A2974R9BTPZPOJ,B004Z7H07K,4.0,1319587200
A2DG63DN704LOI,B004Z7H07K,3.0,1315612800
A2XA8CW5DF4MNZ,B004Z7H07K,5.0,1314230400
A1VYFEJM12ZP11,B004Z7H07K,5.0,1323734400
A1P0JSFW184ZXJ,B004Z7H07K,5.0,1322870400
A3BAE79NXFDXGV,B004Z7H07K,4.0,1316044800
A1EVV74UQYVKRY,B004Z7H07K,5.0,1318723200
A2KFWHHUFVKFXZ,B004Z7H07K,4.0,1314576000
A2LXC5ZHHP0WXP,B004Z7H07K,4.0,1315440000
A2RHV42BTJSVON,B004Z7H07K,4.0,1340841600
A26SO3TOT2TLJE,B004Z7H07K,5.0,1318377600
A19JGPUJAX048H,B004Z7H07K,5.0,1329004800
A2SLX6UHHYCMCV,B004Z7H07K,3.0,1319068800
A3EJ8XHVDC0CWH,B004Z7H07K,5.0,1314403200
A376OJHLE6SU9Q,B004Z7H07K,4.0,1316044800
A1LG1DKUZXGJ6J,B004Z7H07K,5.0,1344211200
A3Q9HY0LU7MN6E,B004Z7H07K,5.0,1315440000
A1Q7A78VSQ5GQ4,B004Z7H07K,5.0,1316476800
A3TMBYDFP1B9DM,B004Z7H07K,4.0,1317600000
A1JOANG98KBFKU,B004Z7H07K,5.0,1331856000
AAU0G40ZN5RIL,B004Z7H07K,5.0,1316044800
A2MW90O3P2GOO5,B004Z7H07K,5.0,1314057600
A27ADCSD15F3GL,B004Z7H07K,4.0,1318204800
A12E0Y0J6584RT,B004Z7H07K,4.0,1315094400
A11OBEH2ZCVAHX,B004Z7H07K,4.0,1315872000
A2H667ZUNLNTF1,B004Z7H07K,5.0,1351036800
AYUF7YETYOLNX,B004ZX141C,5.0,1318204800
A1S7YQQGJPPFLG,B004ZX141C,5.0,1318464000
A7C77J4MH94B6,B004ZX141C,4.0,1321488000
A2QX49LS3Y3ANI,B004ZX141C,4.0,1324857600
A15D2X8MICR2VQ,B004ZX141C,5.0,1317600000
A3FMPT5IH0CJ50,B004ZX141C,5.0,1317340800
AE8AT5NB4DDRM,B004ZX141C,5.0,1316563200
A19JGPUJAX048H,B004ZX141C,5.0,1318982400
A2I4A4WGWII18Z,B004ZX141C,4.0,1316649600
A33230MIA3W7G4,B004ZX141C,3.0,1317686400
A1XWX7QTBR3UPV,B004ZX141C,4.0,1316736000
A71W7G4TCTH3T,B00508OLNY,5.0,1345248000
AN9J46667D80O,B00508OLNY,5.0,1344124800
A1U7LS93I03MFW,B00508OLNY,4.0,1344902400
A36S5U0QOWMOSX,B00508OLNY,4.0,1345075200
A31YSTICHFYN7O,B00508OLNY,4.0,1350864000
A1BXVZSQOJE6UE,B00508OLNY,5.0,1344297600
A25CZCHLNH3OMO,B00508OLNY,5.0,1344384000
A3VJ27010XUWTF,B00508OLNY,5.0,1341619200
A167KPMW1NBZJW,B00508OLNY,4.0,1344470400
A3DZFEICHK5LF2,B00508OLNY,5.0,1348617600
AUV3OR951650C,B00508OLNY,5.0,1349222400
A9XX8OHS2ZQ2X,B00508OLNY,4.0,1345420800
A2A4M3EDEUKG3L,B00508OLNY,5.0,1345680000
A2RN2AO4BE6F4K,B00508OLNY,5.0,1344988800
A3LKLGZZ8OWR51,B00508OLNY,5.0,1342656000
A379IB3EYAEL5,B00508OLNY,4.0,1341273600
A30Z0GG96D11EO,B00508OLNY,5.0,1343174400
A2JAEZ0FMAMJVW,B00508OOM2,5.0,1342569600
A1NKKF4W2LHF6M,B00508OOM2,3.0,1343260800
A1BVFLQ89LAI0K,B00508OOM2,2.0,1341187200
A914TQVHI872U,B00508OOM2,4.0,1350345600
A1JTTI1KH3DOCY,B00508OOM2,4.0,1341964800
ARNEUO7BF3J55,B00508OOM2,4.0,1343606400
A31HE83MU98GBV,B00508OOM2,5.0,1342915200
A3JZUGERNK38IW,B00508OOM2,4.0,1345852800
A3A8FMW6BDJ166,B00508OOM2,5.0,1342742400
A3U029B8Z5WGI2,B00508OOM2,5.0,1343174400
A4SD8F79JBYG2,B00508OOM2,5.0,1342569600
A2GSY9DM54Y0HS,B00508OOM2,5.0,1342915200
A35NOFKHK8P2LU,B00508OOM2,5.0,1342051200
A2ULQOGN59LDNK,B00508OOM2,5.0,1342656000
A112EC059ZZTJF,B00508OOM2,5.0,1341532800
A2PNTEDGMOLMOY,B00508OOM2,4.0,1342569600
A19GJX6TTSK0C0,B00508OOM2,4.0,1345680000
A2WFZWRYWLC20S,B00508OOM2,5.0,1342569600
A156P4FPL8OGXB,B00508OOM2,4.0,1342051200
A1QR76SYGTXJN5,B00508OOSG,4.0,1341878400
A1BVFLQ89LAI0K,B00508OOSG,3.0,1341619200
A10E3F50DIUJEE,B00508OOSG,5.0,1342656000
A2MVPY9XVYST9H,B00508OOSG,5.0,1368748800
A1V3PCKVCJ3TTZ,B00508OOSG,5.0,1340841600
A8KM4YOB8FGGH,B00508OOSG,5.0,1342569600
A3C9YGB4H90PDE,B00508OOSG,4.0,1348704000
A1BAJ6JXU8PSZH,B00508OOSG,3.0,1342483200
A2GSY9DM54Y0HS,B00508OOSG,5.0,1342915200
A3QDDEW6RXVEAY,B00508OOSG,5.0,1343260800
A16QODENBJVUI1,B00508OOSG,5.0,1342051200
A112EC059ZZTJF,B00508OOSG,5.0,1343692800
APPCJX62WKIIP,B00508OOSG,3.0,1348099200
A2WFZWRYWLC20S,B00508OOSG,5.0,1342569600
A2PD27UKAD3Q00,B00508OOSG,5.0,1342483200
A3GK1O5S6188AJ,B0050QQQ2K,4.0,1318291200
ANCOMAI0I7LVG,B0050QQQ2K,5.0,1316649600
A11SPSEM08VIXX,B0050QQQ2K,5.0,1319068800
A2AYJJAFNSGSU1,B0050QQQ2K,3.0,1317168000
A1JTTI1KH3DOCY,B0050QQQ2K,2.0,1316649600
ALEUQQE118NEW,B0050QQQ2K,4.0,1317081600
A215WH6RUDUCMP,B0050QQQ2K,5.0,1324771200
A1VXIY1511XQK2,B0050QQQ2K,5.0,1319673600
ATLO3YXU2BC16,B0050QQQ2K,5.0,1323993600
A30UIZJMFL9PLT,B0050QQQ2K,2.0,1317340800
A31AVXMESQRQAC,B0050QQQ2K,5.0,1318550400
A4KJTS5P78ICU,B0050QQQ2K,3.0,1317168000
A1GUX6R8DV3ZLY,B0050QQQ2K,5.0,1319068800
A2WVF9ZQ068DN0,B0050QQQ2K,3.0,1322006400
AE8AT5NB4DDRM,B0050QQQ2K,4.0,1317168000
ATANE2SC44592,B0050QQQ2K,4.0,1316908800
A1IAQIZSXONWVU,B0050QQQ2K,3.0,1324252800
A1WSQ0QRWQC7VI,B0050QQQ2K,3.0,1317168000
A2NBCCFDISGUQT,B0050QQQ2K,4.0,1321228800
AQ1F3NP2G15S5,B0050QQQ2K,4.0,1332288000
A2XFM8PN6G0B02,B0050QQQ2K,4.0,1321228800
A3Y0IB3VYLD6A,B0050QQQ2K,4.0,1317859200
AXVKMYWNIHK7W,B0050QQQ2K,2.0,1317254400
A3SQQYS79AV13M,B0050QQQ2K,3.0,1317168000
A3G7BEJJCPD6DS,B0050QQQ2K,3.0,1319241600
A3EXW4HNYX7HF5,B0050QQUS0,4.0,1337212800
A3OXRFCJI67IMN,B0050QQUS0,3.0,1314662400
AOM63D4VL32WM,B0050QQUS0,2.0,1316649600
A1UV5NB0DXTSWH,B0050QQUS0,4.0,1314057600
A31HE83MU98GBV,B0050QQUS0,4.0,1316131200
ATANE2SC44592,B0050QQUS0,3.0,1315526400
A1W4F91DH3XPB2,B0050QQUS0,5.0,1361923200
A1NIGUK4M2ST8,B0050QQUS0,5.0,1315958400
A1ODOGXEYECQQ8,B0050QQUS0,4.0,1314316800
A231LBC8EGPO5L,B0050QQUS0,2.0,1316736000
A1JOANG98KBFKU,B0050QQUS0,3.0,1321401600
ALQ4USPEQ9L5N,B0050QQUS0,4.0,1319587200
A1II2ZRPKZAQQD,B0051MMFRS,3.0,1337990400
A30H2335OM7RD6,B0051MMFRS,4.0,1343260800
A3JPFWKS83R49V,B0051MMFRS,2.0,1338422400
A3G2PUQ455XMXJ,B0051MMFRS,4.0,1338508800
A4EBYIKOMYFF9,B0051MMFRS,4.0,1345766400
A2ZJPDH0YP90SD,B0051MMFRS,2.0,1338422400
A5GPH59NDWJRB,B0051MMFRS,3.0,1337644800
A1O2QIQK2OR5TC,B0051MMFRS,5.0,1337817600
A1DY0CRKZEY0FB,B0051MMFRS,4.0,1340323200
A3L2KYOYDWSRPL,B0051MMFRS,4.0,1342656000
A398R165PXFOSS,B0051MMFRS,4.0,1342656000
A3M2O06MCHJG18,B0051MMFRS,2.0,1366761600
A1GNYV0RA0EQSS,B0051MMFRS,4.0,1337817600
A2Q8GFSEUSGJ51,B0051MMFRS,1.0,1338076800
A1M0OSCFOAMAZO,B0051MMFRS,2.0,1338336000
A15JB2HEZ6RKGW,B0051MMFRS,4.0,1345248000
AGHIUO1B3IF8H,B00531DHX8,4.0,1322956800
ATQ22E6YAUNXP,B00531DHX8,5.0,1323907200
A15D2X8MICR2VQ,B00531DHX8,4.0,1323734400
A3MWP39R0W9TQX,B00531DHX8,4.0,1322784000
A3PE884TA8529G,B00531DHX8,5.0,1326844800
A5GPH59NDWJRB,B00531DHX8,3.0,1330732800
A2HELIKP5RV27F,B00531DHX8,4.0,1323734400
A11LNY2OLQSUSV,B00531DHX8,5.0,1322870400
A30LAVLDNH4JR0,B00531DHX8,4.0,1323907200
AK1WNXTHNCG5V,B00531DHX8,5.0,1322006400
A1NN8Q1DLAYPGH,B00531DHX8,3.0,1324857600
A23RQRX7LO7NG8,B00531DHX8,3.0,1323907200
AQIBFWWA8UWKF,B0053XZDGK,2.0,1315699200
A1T8N18XKDLJO4,B0053XZDGK,3.0,1317168000
A3HUC8541SJ6UT,B0053XZDGK,2.0,1329868800
A38RMU1Y5TDP9,B0053XZDGK,1.0,1321747200
A1ZTE3K3EN4TS3,B0053XZDGK,3.0,1326067200
A2TS040W2FW5O,B0053XZDGK,4.0,1314144000
A8KM4YOB8FGGH,B0053XZDGK,2.0,1358640000
A34UVV757IKPVB,B0053XZDGK,1.0,1314662400
A3U029B8Z5WGI2,B0053XZDGK,2.0,1315612800
A267FU71Z01CIH,B0053XZDGK,4.0,1317168000
A3OIQ3T0OIKY66,B0053XZDGK,4.0,1316044800
A2CZ98V784SRJ0,B0053XZDGK,3.0,1315440000
A1BAJ6JXU8PSZH,B0053XZDGK,2.0,1314576000
A2VHCA21QKNEKE,B0053XZDGK,2.0,1332201600
ALDAF4VVLFRHP,B0053XZDGK,4.0,1315526400
A2YQ2ZI65F37N8,B0053XZDGK,5.0,1318377600
A1C139F5C7Y38P,B0053XZDGK,3.0,1317427200
A3MUSWDCTZINQZ,B0053XZDGK,4.0,1315958400
A3CIHP9FFPE9I3,B00555TFC4,4.0,1317686400
A2K89R0B20LYHB,B00555TFC4,5.0,1317772800
A279A4Y2N1CQ26,B00555TFC4,3.0,1321228800
AK8LOFYRZJJW0,B00555TFC4,4.0,1319673600
A2IMGHMF0LO151,B00555TFC4,3.0,1317340800
A10YWQ4AAAE29O,B00555TFC4,5.0,1316736000
ATLO3YXU2BC16,B00555TFC4,4.0,1352332800
A3T8WOFS5RD2IR,B00555TFC4,4.0,1317081600
A3QCC7PV6EG4YC,B00555TFC4,3.0,1326931200
A32658HY8IU6UV,B00555TFC4,4.0,1316390400
A2GSY9DM54Y0HS,B00555TFC4,5.0,1317168000
A1IAQIZSXONWVU,B00555TFC4,5.0,1341446400
A1UQUDT2Q0YENM,B00555TFC4,4.0,1317686400
A1R8TTMXVXEI6H,B00555TFC4,3.0,1318291200
A1D1IDI5S9TN9D,B00555TFC4,3.0,1355356800
A1WP940JZL83T7,B0055B7YLM,3.0,1356566400
A3AL9NFNWTRV39,B0055B7YLM,4.0,1356566400
A3EK2KTYHJCPB9,B0055B7YLM,3.0,1357862400
A19FRW264WZTGP,B0055B7YLM,4.0,1357171200
A2RVCF21L2NPU5,B0055B7YLM,4.0,1322006400
A1TR1R2QKWRSRA,B0055B7YLM,3.0,1358812800
A2974R9BTPZPOJ,B0055B7YLM,4.0,1366329600
AWH2AY17ZU7W2,B0055B7YLM,4.0,1356652800
AUCXT9K30SHYF,B0055B7YLM,5.0,1357516800
A13Z96HR8EEF24,B0055B7YLM,4.0,1356566400
AFZJNYR931ZCN,B0055B7YLM,4.0,1358380800
A3G5MOHY1U635N,B005688T5E,1.0,1343174400
A1II2ZRPKZAQQD,B005688T5E,4.0,1336694400
A188JOXWF4EY1R,B005688T5E,4.0,1340064000
A3RG8DYG8AJ6Z9,B005688T5E,4.0,1336694400
A26KXNN6H1IL0I,B005688T5E,5.0,1366761600
ACREHLVRC4H5B,B005688T5E,3.0,1336608000
AMRZ5G7HF7I03,B005688T5E,4.0,1335312000
A2QX49LS3Y3ANI,B005688T5E,3.0,1336435200
A2974R9BTPZPOJ,B005688T5E,5.0,1337212800
AKJHHD5VEH7VG,B005688T5E,2.0,1336003200
A3USZS8Q4GOKGE,B005688T5E,3.0,1337472000
ATJE929ETFFNH,B005688T5E,4.0,1358380800
A3HETHW2XD3DWH,B005688T5E,4.0,1335657600
A5JLAU2ARJ0BO,B005688T5E,5.0,1338508800
A397CWU6DM3O5G,B005688T5E,4.0,1336348800
A24RCBRDXRXR0Y,B005688T5E,4.0,1337040000
AYB4ELCS5AM8P,B005688T5E,5.0,1336867200
A2UEB48LAWFUCW,B005688T5E,4.0,1340150400
ARARUVZ8RUF5T,B005688T5E,4.0,1335744000
A3TWBW1B17R151,B005688T5E,2.0,1336348800
A3L2KYOYDWSRPL,B005688T5E,3.0,1337126400
A186697K4XKXQL,B005688T5E,4.0,1342656000
A2VHCA21QKNEKE,B005688T5E,5.0,1338076800
A2YB7DLC3FOR7W,B005688T5E,4.0,1335484800
AC04O7AYHEKJ5,B005688T5E,5.0,1340064000
A1R8TTMXVXEI6H,B005688T5E,3.0,1339372800
A1NC9AGZOBI0M1,B005688T5E,4.0,1345852800
A2WFZWRYWLC20S,B005688T5E,4.0,1336780800
ACR4HKUT808U1,B005688T5E,5.0,1335571200
A32QWD5DEY4LDU,B005688T5E,3.0,1336694400
A357B3PUHSVQA,B005688T5E,4.0,1342915200
A1UHKF1UQ3EGW4,B005717VUY,5.0,1324339200
ARADXCOUVBS09,B005717VUY,5.0,1327536000
A33X80DIINN48Y,B005717VUY,3.0,1324857600
A3VI2VETB90ZG5,B005717VUY,5.0,1325980800
AP8D74QD9LUUL,B005717VUY,4.0,1355961600
A2ECM9HLMC242H,B005717VUY,4.0,1331769600
AHRNDSKWH1YBT,B005717VUY,5.0,1325894400
A1ZVFCPHCWFV71,B005717VUY,2.0,1329350400
A3C1QYGEET3BVY,B005717VUY,2.0,1327017600
A33PVCHCQ2BTN0,B005717VUY,5.0,1324339200
A3I9XZGYARBLS4,B0057QU1WY,5.0,1316649600
A18FUHNBP90IB4,B0057QU1WY,5.0,1319500800
A12PN254PTSGU5,B0057QU1WY,5.0,1317513600
A353U0L2HAMSHV,B0057QU1WY,4.0,1331164800
A3R9X003XW0LNR,B0057QU1WY,5.0,1317859200
A2QCE7L6GRE3MT,B0057QU1WY,4.0,1317081600
A1S52XH2CS4Y26,B0057QU1WY,5.0,1316476800
A2LO1YE4Q0N4F,B0057QU1WY,5.0,1317254400
AJ3K3HKR9UFVN,B0057QU1WY,4.0,1324512000
A3C9YGB4H90PDE,B0057QU1WY,4.0,1320796800
A1NRMTQ5SZPZA,B0057QU1WY,4.0,1316736000
A1ZGHA3IJV01BK,B0057QU1WY,5.0,1319500800
A3T7XVG3AXJF61,B0057QU1WY,5.0,1319241600
A10ASLX7DTTB6Z,B0057QU1WY,4.0,1319587200
A29534U2P9CLNR,B0057QU1WY,2.0,1317254400
A28FJ93TJSSQS4,B0057QU1WY,5.0,1317168000
A32658HY8IU6UV,B0057QU1WY,4.0,1316390400
A226GFM0Q9L37H,B0057QU1WY,5.0,1330473600
AXR3CV6A4FMBG,B0057QU1WY,4.0,1323561600
A3QEIVO8AB3YMU,B0057QU1WY,4.0,1347062400
A3EZHMGGWY74HY,B0057QU1WY,4.0,1316995200
AUV3OR951650C,B0057QU1WY,5.0,1318809600
AT28RL25Q2OLK,B0057QU1WY,5.0,1316649600
A1D1IDI5S9TN9D,B0057QU1WY,5.0,1329264000
APPCJX62WKIIP,B0057QU1WY,5.0,1317254400
A3LKLGZZ8OWR51,B0057QU1WY,4.0,1321315200
A30QAOLNZ4415R,B0057QU1WY,5.0,1326412800
A2NVQZ4Y7Y0J1R,B0057QU1WY,4.0,1316995200
A32QWD5DEY4LDU,B0057QU1WY,4.0,1316908800
A2DURJRPTPKUZS,B0057QVRL8,5.0,1316649600
A1Q08H4B9QGT2N,B0057QVRL8,5.0,1318982400
A1M5ZT35YX6TIN,B0057QVRL8,5.0,1321920000
AYNNJ0DBGL5H7,B0057QVRL8,5.0,1316649600
A22VNXHU6IZ5MT,B0057QVRL8,5.0,1319068800
AL4SB31UAZLXL,B0057QVRL8,4.0,1319241600
A3AG5QAT8L0I3R,B0057QVRL8,4.0,1318464000
A3OIQ3T0OIKY66,B0057QVRL8,5.0,1320278400
A3212H6SF9W1LV,B0057QVRL8,5.0,1316649600
AC04O7AYHEKJ5,B0057QVRL8,5.0,1326326400
A2IJ54FX1L83WK,B0057QVRL8,5.0,1317168000
AQZ4PHIEEV5N5,B0057QVRL8,5.0,1321833600
AFG4HIHMX312C,B0057QVRL8,3.0,1340236800
AFZJNYR931ZCN,B0057QVRL8,4.0,1321315200
A1F7YU6O5RU432,B0057QY0U8,5.0,1316995200
A16PUD6V3KAZ0Q,B0057QY0U8,4.0,1318982400
A3EK2KTYHJCPB9,B0057QY0U8,3.0,1316476800
A3JPFWKS83R49V,B0057QY0U8,5.0,1325030400
AY3D7DG5L5WCK,B0057QY0U8,5.0,1327708800
A2QI2NTDTMK2FV,B0057QY0U8,3.0,1334707200
AUCOL2XUE1IX7,B0057QY0U8,4.0,1317168000
A1Y5ERIKQBEMSP,B0057QY0U8,5.0,1316476800
A4SD8F79JBYG2,B0057QY0U8,4.0,1324166400
ARARUVZ8RUF5T,B0057QY0U8,4.0,1329436800
A34W59GPOUKU8L,B0057QY0U8,4.0,1319068800
A2B7BUH8834Y6M,B0057QY0U8,5.0,1340582400
A2J8DE8R94ZB02,B0057QY0U8,4.0,1326585600
A2DURJRPTPKUZS,B0057QY0Z8,3.0,1317168000
ABC68JUCPTVOE,B0057QY0Z8,2.0,1317772800
A2RW587355CMVA,B0057QY0Z8,4.0,1318896000
A1WP940JZL83T7,B0057QY0Z8,5.0,1317168000
A3F2VVIQIY6U64,B0057QY0Z8,4.0,1318982400
AFTFND8CPQ34M,B0057QY0Z8,4.0,1319068800
A1HBC0NBQJHT7X,B0057QY0Z8,4.0,1317945600
A3S5WYWYKSAI9C,B0057QY0Z8,4.0,1317168000
A19FRW264WZTGP,B0057QY0Z8,4.0,1317513600
A2AYJJAFNSGSU1,B0057QY0Z8,5.0,1316476800
A1WKQ94M45D8MG,B0057QY0Z8,4.0,1318636800
A2OJCTT5WLB2HR,B0057QY0Z8,5.0,1316822400
A36MP37DITBU6F,B0057QY0Z8,4.0,1320537600
A1GBT4UN2RW7XY,B0057QY0Z8,2.0,1322179200
A397CWU6DM3O5G,B0057QY0Z8,4.0,1318204800
A2507ZYWGMY9BK,B0057QY0Z8,2.0,1338422400
A2503LT8PZIHAD,B0057QY0Z8,5.0,1320105600
A17V2N0N8CXSA9,B0057QY0Z8,5.0,1317772800
A2E3NAL9ECE7VS,B0057QY0Z8,2.0,1317254400
A1M5ZT35YX6TIN,B0057QY0Z8,4.0,1318032000
A9NFFAZF3LIB2,B0057QY0Z8,4.0,1324166400
ABMX8XUNPR3LP,B0057QY0Z8,3.0,1317945600
A2V2URLB31HG59,B0057QY0Z8,4.0,1319068800
A1NRMTQ5SZPZA,B0057QY0Z8,4.0,1317254400
A2QETZZ5EKH5RQ,B0057QY0Z8,5.0,1316822400
A1QT3N5FUQ4I47,B0057QY0Z8,4.0,1323302400
ATANE2SC44592,B0057QY0Z8,4.0,1318723200
AT1RF4WNPGGLC,B0057QY0Z8,4.0,1317081600
A3QEIVO8AB3YMU,B0057QY0Z8,3.0,1317859200
A1QBOC76MIOJYP,B0057QY0Z8,3.0,1327363200
A1YAGM2QOSAAOT,B0057QY0Z8,4.0,1319587200
A6B92PTV0Z1SU,B0057QY0Z8,2.0,1346198400
A1EN4XAKX9LK4A,B0057QY0Z8,4.0,1335139200
A12E0Y0J6584RT,B0057QY0Z8,5.0,1318204800
A2BZ16RKE13PKV,B0057QY0Z8,4.0,1316563200
ALQ4USPEQ9L5N,B0057QY0Z8,4.0,1337731200
A1NOV41485TE0D,B0057QY0Z8,5.0,1320624000
A32QWD5DEY4LDU,B0057QY0Z8,2.0,1317513600
A3I9XZGYARBLS4,B00590A6VY,3.0,1322092800
A11B61QBGHLQDN,B00590A6VY,2.0,1317340800
AEL6CQNQXONBX,B00590A6VY,3.0,1336262400
AXAJXJZUL2J5P,B00590A6VY,3.0,1353974400
ABQWMANK4AR63,B00590A6VY,1.0,1322784000
A3DZFEICHK5LF2,B00590A6VY,1.0,1326326400
A2AOZQ3WTNVVOK,B00590A6VY,1.0,1317254400
A23KACXOE9O9TX,B00590A6VY,3.0,1334707200
A33VI944SO2YCN,B00590A6VY,2.0,1337472000
A1ITRGMT80D5TK,B00590A6VY,2.0,1337558400
A357B3PUHSVQA,B00590A6VY,1.0,1318723200
A2AYJJAFNSGSU1,B005AHICA8,4.0,1351555200
AXAJXJZUL2J5P,B005AHICA8,3.0,1356480000
AY3D7DG5L5WCK,B005AHICA8,5.0,1356480000
A2GA2SO3YK6CXI,B005AHICA8,5.0,1353974400
ALRCAGJOJ9583,B005AHICA8,3.0,1351036800
A2UBSGFCP2QFNV,B005AHICA8,5.0,1364428800
A3BAE79NXFDXGV,B005AHICA8,4.0,1352764800
AOAOARIH72UWI,B005AHICA8,2.0,1366848000
A18GJ9MYYO6GCQ,B005AHICA8,3.0,1353024000
A3DZFEICHK5LF2,B005AHICA8,4.0,1362009600
AU1SKSAF00JJH,B005AHICA8,3.0,1365379200
A2OY6P98P87047,B005AHICA8,5.0,1352764800
A11LNY2OLQSUSV,B005AHICA8,5.0,1361404800
A3QBCX2QMKJ7AH,B005AHICA8,4.0,1356652800
A15CL28ALB7MTZ,B005AHICA8,4.0,1365206400
A3CHIF3EHXCLA5,B005AHICA8,5.0,1353628800
A2MW90O3P2GOO5,B005AHICA8,5.0,1350864000
A3K93OWHKHGI9V,B005AHICA8,4.0,1352937600
A3QD59N3M7O7KB,B005AHICA8,4.0,1351728000
A19D3N662QS9WD,B005E7A202,4.0,1324857600
AL3MFYSK9HKCL,B005E7A202,2.0,1322870400
AYWHCM0TJ4737,B005E7A202,5.0,1323820800
ANCOMAI0I7LVG,B005E7A202,2.0,1322697600
A2I05FGBTCRRB8,B005E7A202,1.0,1322870400
A2VAD79S4A06DD,B005E7A202,4.0,1324425600
A279FUL12R7MBD,B005E7A202,5.0,1324512000
A11SPSEM08VIXX,B005E7A202,5.0,1331769600
A21VGNU5959O85,B005E7A202,1.0,1322524800
AUEW0SKOB1XYF,B005E7A202,4.0,1322006400
A2OJCTT5WLB2HR,B005E7A202,2.0,1323302400
A3E0CV9614GQJV,B005E7A202,3.0,1324425600
A3N27L13CWJ9HY,B005E7A202,2.0,1322611200
A36MP37DITBU6F,B005E7A202,5.0,1322438400
AG8E2F0G98ZTB,B005E7A202,3.0,1323561600
A3M1PLEYNDEYO8,B005E7A202,2.0,1322352000
A24RCBRDXRXR0Y,B005E7A202,4.0,1323561600
A1VYFEJM12ZP11,B005E7A202,4.0,1325289600
AO2AQRPPSTABB,B005E7A202,3.0,1323561600
A2065HBMYDXJ1S,B005E7A202,5.0,1322611200
AL4SB31UAZLXL,B005E7A202,4.0,1361232000
AWH2AY17ZU7W2,B005E7A202,3.0,1326672000
A3HAA7H8PBVM78,B005E7A202,5.0,1323043200
AGVDI7RLT24WJ,B005E7A202,4.0,1323734400
A6VSWJVTWEOII,B005E7A202,1.0,1322524800
A3KCKECEO3E2AN,B005E7A202,4.0,1325203200
A3C2JQC6R2K52C,B005E7A202,4.0,1322697600
A2NMQWBDWT3SQF,B005E7A202,3.0,1322956800
A2561PYW9TTMYD,B005E7A202,4.0,1322352000
A3L2KYOYDWSRPL,B005E7A202,3.0,1324512000
A3QDDEW6RXVEAY,B005E7A202,3.0,1324857600
A35NOFKHK8P2LU,B005E7A202,3.0,1323129600
A19JGPUJAX048H,B005E7A202,4.0,1324425600
ASJ0MKRFZC47B,B005E7A202,2.0,1327017600
AY3EENC2BGTGK,B005E7A202,4.0,1322006400
A1WSQ0QRWQC7VI,B005E7A202,3.0,1333929600
AM8J1UVGVYAL4,B005E7A202,3.0,1322784000
A3212H6SF9W1LV,B005E7A202,4.0,1323648000
AGEKVD8JPZQMT,B005E7A202,4.0,1322870400
A3K8AU6BAGN60E,B005E7A202,3.0,1322438400
A25C5MVVCIYT5D,B005E7A202,2.0,1326499200
A2ZKQC0XCIIAEM,B005E7A202,5.0,1322784000
ALDAF4VVLFRHP,B005E7A202,5.0,1339027200
AQZ4PHIEEV5N5,B005E7A202,5.0,1323734400
AVL5IDEE8YA3D,B005E7A202,2.0,1323734400
A2XSY4L7GDHV4W,B005E7A202,4.0,1322092800
AAU0G40ZN5RIL,B005E7A202,2.0,1322438400
AFG4HIHMX312C,B005E7A202,2.0,1336694400
A2RN2AO4BE6F4K,B005E7A202,5.0,1329350400
A11OBEH2ZCVAHX,B005E7A202,3.0,1322956800
AZKGCE3LNX7WB,B005E7A202,5.0,1331769600
A3VS2RYRGDW4HS,B005E7A202,3.0,1322870400
A2G4LKK57XMBL3,B005E7A202,2.0,1324598400
A19GJX6TTSK0C0,B005E7A202,4.0,1326412800
A3Y0IB3VYLD6A,B005E7A202,5.0,1323907200
A19YOYY7FLQMA6,B005E7A202,1.0,1323388800
A2NVQZ4Y7Y0J1R,B005E7A202,3.0,1334880000
A15JB2HEZ6RKGW,B005E7A202,3.0,1331769600
ACR4HKUT808U1,B005E7A202,4.0,1322611200
A3V55DVYU80LDS,B005E7A202,5.0,1323216000
AMB2Z4FMDBWQY,B005E7A202,1.0,1323561600
A19D3N662QS9WD,B005E7A216,3.0,1325462400
A1K84GJLQWFIQ7,B005E7A216,4.0,1336953600
A3CIHP9FFPE9I3,B005E7A216,4.0,1324857600
AC4XV78EJG1QB,B005E7A216,5.0,1322265600
A2TXMYYGSZCSZ1,B005E7A216,5.0,1323907200
A2JXCOUGYS5Y4J,B005E7A216,5.0,1323388800
A2AYYKD4OODSLY,B005E7A216,3.0,1324944000
A3F2VVIQIY6U64,B005E7A216,3.0,1324512000
A1HYH206E18XVC,B005E7A216,4.0,1323648000
A1BMG34CO5CMZ5,B005E7A216,4.0,1323820800
AZA55FJD7CCZN,B005E7A216,4.0,1324512000
A39BGN8JA7CIFX,B005E7A216,4.0,1325116800
A3JPFWKS83R49V,B005E7A216,3.0,1325376000
A2K89R0B20LYHB,B005E7A216,5.0,1323820800
A12PN254PTSGU5,B005E7A216,4.0,1322784000
A33PBU9EHZ28PC,B005E7A216,4.0,1324339200
A279A4Y2N1CQ26,B005E7A216,4.0,1322784000
A1FDV3WPOHREY9,B005E7A216,5.0,1322870400
A3U5CZ3PV82JXD,B005E7A216,5.0,1323734400
ATS7LYGLUX34L,B005E7A216,4.0,1326499200
A13KNCFLH0IH2G,B005E7A216,4.0,1337472000
A2OJCTT5WLB2HR,B005E7A216,4.0,1323302400
A2974R9BTPZPOJ,B005E7A216,4.0,1323820800
A37USOKUTI724H,B005E7A216,4.0,1323648000
A194K60CWZ371J,B005E7A216,5.0,1322611200
A3FOSLM5G1BO63,B005E7A216,4.0,1322524800
A83RPS198D04S,B005E7A216,3.0,1325030400
AG8E2F0G98ZTB,B005E7A216,4.0,1323561600
A3GS7OZXUEW48R,B005E7A216,3.0,1322352000
A235NA61RC6YC1,B005E7A216,5.0,1327881600
AAWUXA65NDMYM,B005E7A216,4.0,1324339200
A2E3NAL9ECE7VS,B005E7A216,3.0,1326499200
ADJ0G262H54GP,B005E7A216,4.0,1323216000
A1VYFEJM12ZP11,B005E7A216,5.0,1326067200
AKCZIJ6ZHE41D,B005E7A216,5.0,1329955200
A33X80DIINN48Y,B005E7A216,5.0,1323561600
A2065HBMYDXJ1S,B005E7A216,5.0,1322611200
A3HAA7H8PBVM78,B005E7A216,5.0,1322352000
AUCOL2XUE1IX7,B005E7A216,4.0,1324425600
A2X7NBUETXC19E,B005E7A216,4.0,1325030400
A1NRMTQ5SZPZA,B005E7A216,4.0,1322870400
AI2XINIZFPBI8,B005E7A216,5.0,1323907200
A3T7XVG3AXJF61,B005E7A216,5.0,1328659200
A1BAJ6JXU8PSZH,B005E7A216,4.0,1325548800
A2VJJ2POCLMED7,B005E7A216,5.0,1323907200
A17SZZO9LM3WYC,B005E7A216,4.0,1322438400
A224I5WR8UQDDC,B005E7A216,3.0,1329350400
AC1YLEFC9AN5X,B005E7A216,3.0,1323043200
A2IVZ0IEQ1VADB,B005E7A216,5.0,1321833600
A3EZHMGGWY74HY,B005E7A216,4.0,1322438400
A3QD7VWBD470D2,B005E7A216,4.0,1323907200
ALDAF4VVLFRHP,B005E7A216,5.0,1322265600
A2ULQOGN59LDNK,B005E7A216,5.0,1324944000
A1EN4XAKX9LK4A,B005E7A216,2.0,1331769600
A4UGMKUSX9XHI,B005E7A216,4.0,1329004800
A2PNTEDGMOLMOY,B005E7A216,3.0,1326931200
AZKGCE3LNX7WB,B005E7A216,4.0,1324512000
A2G4LKK57XMBL3,B005E7A216,3.0,1324598400
A1GNYV0RA0EQSS,B005E7A216,4.0,1322611200
A30QAOLNZ4415R,B005E7A216,4.0,1322956800
A3K91X9X2ARDOK,B005E7A216,5.0,1322784000
A2YQ2ZI65F37N8,B005E7A216,5.0,1322438400
A2NVQZ4Y7Y0J1R,B005E7A216,4.0,1323820800
A32QWD5DEY4LDU,B005E7A216,3.0,1322438400
A1XWX7QTBR3UPV,B005E7A216,3.0,1326931200
A3UJRNI8UR4871,B005E7A216,5.0,1322179200
ADLVFFE4VBT8,B005G2R3K2,3.0,1313971200
ALQMZVXPJ0Y3A,B005G2R3K2,3.0,1316044800
A13BX9O5UDBILC,B005G2R3K2,5.0,1387670400
AU1SKSAF00JJH,B005G2R3K2,3.0,1316044800
A2HELIKP5RV27F,B005G2R3K2,4.0,1316044800
A3QEIVO8AB3YMU,B005G2R3K2,3.0,1315094400
A2BZ16RKE13PKV,B005G2R3K2,3.0,1319587200
A3BVDW4DOLJAN0,B005G2R3K2,4.0,1314057600
A19YOYY7FLQMA6,B005G2R3K2,5.0,1315180800
AXVKMYWNIHK7W,B005G2R3K2,5.0,1314230400
A1Q1T811N4IY3Z,B005G2R3K2,4.0,1316390400
A2ECTCPBTOGW4H,B005GOPU2S,5.0,1352073600
A2RW587355CMVA,B005GOPU2S,5.0,1336694400
A2RIAXGSBP65BJ,B005GOPU2S,5.0,1338422400
A3JPFWKS83R49V,B005GOPU2S,5.0,1337644800
A19FRW264WZTGP,B005GOPU2S,4.0,1336003200
A2XYH8IHILWW7X,B005GOPU2S,4.0,1336089600
A1FK6IQ111SJDR,B005GOPU2S,4.0,1335398400
A353U0L2HAMSHV,B005GOPU2S,5.0,1336435200
ALNFHVS3SC4FV,B005GOPU2S,5.0,1336003200
A1TR1R2QKWRSRA,B005GOPU2S,4.0,1335312000
A3MEMX0XF00TBD,B005GOPU2S,5.0,1336176000
A2974R9BTPZPOJ,B005GOPU2S,4.0,1336953600
A37USOKUTI724H,B005GOPU2S,5.0,1337126400
A2ME89MSWVG9NF,B005GOPU2S,4.0,1336176000
A2E4R7YISIM4QM,B005GOPU2S,4.0,1337040000
A397CWU6DM3O5G,B005GOPU2S,5.0,1335916800
A3CLWZGMC7M9Z1,B005GOPU2S,5.0,1337040000
A28J8ZFUBAC40Q,B005GOPU2S,3.0,1337817600
AKCZIJ6ZHE41D,B005GOPU2S,4.0,1337126400
A2LO1YE4Q0N4F,B005GOPU2S,5.0,1335312000
A33X80DIINN48Y,B005GOPU2S,4.0,1335916800
AWH2AY17ZU7W2,B005GOPU2S,5.0,1336953600
A18GJ9MYYO6GCQ,B005GOPU2S,5.0,1336003200
A3U029B8Z5WGI2,B005GOPU2S,4.0,1336089600
A2RKI7RPP5CJMG,B005GOPU2S,5.0,1335916800
A1QT3N5FUQ4I47,B005GOPU2S,5.0,1336608000
A1W4F91DH3XPB2,B005GOPU2S,5.0,1340236800
A3LN4AOPBIUQWR,B005GOPU2S,5.0,1336608000
A2JKM8KF3296CW,B005GOPU2S,4.0,1335916800
A307YFSORUAXSQ,B005GOPU2S,5.0,1339632000
A1E55W6ES0FY17,B005GOPU2S,5.0,1337817600
ARPB88E6F2MFR,B005GOPU2S,5.0,1336867200
A2ULQOGN59LDNK,B005GOPU2S,4.0,1335484800
A9XX8OHS2ZQ2X,B005GOPU2S,5.0,1337299200
A2XSY4L7GDHV4W,B005GOPU2S,5.0,1335312000
A12E0Y0J6584RT,B005GOPU2S,5.0,1337040000
A33VI944SO2YCN,B005GOPU2S,4.0,1342742400
ARIDN94LOCQFD,B005GOPU2S,5.0,1335916800
AFYQ9V4XBVCJ1,B005GOPU2S,5.0,1335916800
A2YEOR4XJ8N3QE,B005GOPU2S,4.0,1336003200
A1WP940JZL83T7,B005GVBAUM,4.0,1351814400
A1QG13XG3EO2CX,B005GVBAUM,4.0,1353369600
A36BQWQPYU6FRM,B005GVBAUM,4.0,1351209600
A279A4Y2N1CQ26,B005GVBAUM,2.0,1352592000
A13KNCFLH0IH2G,B005GVBAUM,3.0,1354924800
A3MEMX0XF00TBD,B005GVBAUM,5.0,1351382400
A2QX49LS3Y3ANI,B005GVBAUM,2.0,1356912000
A2TTHN1UMO82VY,B005GVBAUM,5.0,1363737600
A2TVH2OBNXYXHV,B005GVBAUM,2.0,1353369600
A1V3PCKVCJ3TTZ,B005GVBAUM,3.0,1351641600
AWH2AY17ZU7W2,B005GVBAUM,4.0,1353110400
A2PM5Z249OVPEN,B005GVBAUM,4.0,1354838400
A2VYA302TO2K1C,B005GVBAUM,4.0,1356739200
A2HELIKP5RV27F,B005GVBAUM,4.0,1358294400
A2CZ98V784SRJ0,B005GVBAUM,4.0,1350950400
A2GSY9DM54Y0HS,B005GVBAUM,5.0,1350950400
A3QEIVO8AB3YMU,B005GVBAUM,5.0,1354147200
AY1EF0GOH80EK,B005GVBAUM,4.0,1353369600
A2B3A8NQIHITO8,B005GVBAUM,4.0,1365465600
A14RYRR7ETV3UY,B005GVBAUM,4.0,1361059200
A32QWD5DEY4LDU,B005GVBAUM,4.0,1351814400
A39D7ONPOORMUT,B005GVBAUM,4.0,1353456000
A3QD59N3M7O7KB,B005GVBAUM,3.0,1352851200
A1IDAKX7OM3QIE,B005H29GSI,4.0,1361491200
A2XYH8IHILWW7X,B005H29GSI,4.0,1359504000
ATS7LYGLUX34L,B005H29GSI,4.0,1364342400
AWH2AY17ZU7W2,B005H29GSI,5.0,1359590400
A6VSWJVTWEOII,B005H29GSI,5.0,1359849600
A3FMPT5IH0CJ50,B005H29GSI,4.0,1360627200
A2561PYW9TTMYD,B005H29GSI,5.0,1367280000
A23TGI02RB7JC,B005H29GSI,5.0,1369267200
A1GHZY5ZMRVN8Q,B005H29GSI,4.0,1359072000
ADFLBRY00Y70G,B005H29GSI,3.0,1364428800
A3LN4AOPBIUQWR,B005H29GSI,4.0,1359244800
A105S56ODHGJEK,B005H29GSI,4.0,1366761600
A2T04VAIXSKJH2,B005H29GSI,4.0,1361059200
A1UINGIK3UG77D,B005H29GSI,3.0,1359417600
A15JB2HEZ6RKGW,B005H29GSI,4.0,1368662400
A3I9XZGYARBLS4,B005LB9EUA,5.0,1347148800
A1HBC0NBQJHT7X,B005LB9EUA,5.0,1346889600
A12PN254PTSGU5,B005LB9EUA,4.0,1348099200
A33PBU9EHZ28PC,B005LB9EUA,4.0,1347062400
A2Y5T1O43P14RP,B005LB9EUA,4.0,1350518400
A5K3CK2PWYQ7O,B005LB9EUA,5.0,1347062400
A194K60CWZ371J,B005LB9EUA,5.0,1345593600
A244CRJ2QSVLZ4,B005LB9EUA,5.0,1346371200
A14DNCG5WHM86Z,B005LB9EUA,4.0,1350691200
AZ515FFZ7I2P7,B005LB9EUA,5.0,1360108800
A1NQK5MH9GTJ6S,B005LB9EUA,3.0,1346457600
AGFGY4EJ37VS2,B005LB9EUA,4.0,1345680000
A6VSWJVTWEOII,B005LB9EUA,4.0,1347408000
A267FU71Z01CIH,B005LB9EUA,5.0,1347667200
A10ASLX7DTTB6Z,B005LB9EUA,5.0,1359763200
A17SZZO9LM3WYC,B005LB9EUA,5.0,1345420800
A1KI3173CO6TK2,B005LB9EUA,4.0,1348444800
A1BA72K4VK1UN1,B005LB9EUA,5.0,1348099200
AVL5IDEE8YA3D,B005LB9EUA,4.0,1345593600
A277TO3PKKNYDH,B005LB9EUA,4.0,1348444800
A2GH8LYNLQSE3F,B005LB9EUA,5.0,1345593600
A2XSY4L7GDHV4W,B005LB9EUA,4.0,1346284800
A12E0Y0J6584RT,B005LB9EUA,5.0,1347235200
A335GUD1YBS31U,B005LB9EUA,3.0,1350604800
ABYLSNI0MGXZB,B005LB9EUA,5.0,1345507200
A3JLOIXFM75QNV,B005LB9EUA,3.0,1345593600
A3FKPBNI7UWQFW,B005LB9EUA,4.0,1345507200
A1Z54EM24Y40LL,B005LH6GM8,5.0,1349827200
A1FDVT0DLJWV78,B005LH6GM8,4.0,1350518400
ALNFHVS3SC4FV,B005LH6GM8,5.0,1351036800
A3T6HX48F66512,B005LH6GM8,4.0,1349222400
A3GS7OZXUEW48R,B005LH6GM8,5.0,1351036800
A2LXC5ZHHP0WXP,B005LH6GM8,5.0,1350864000
A2GSY9DM54Y0HS,B005LH6GM8,5.0,1350432000
A1GHZY5ZMRVN8Q,B005LH6GM8,4.0,1351123200
A1KI3173CO6TK2,B005LH6GM8,2.0,1353974400
A3QBCX2QMKJ7AH,B005LH6GM8,4.0,1360886400
AM8J1UVGVYAL4,B005LH6GM8,5.0,1350432000
AUV3OR951650C,B005LH6GM8,5.0,1353369600
AT28RL25Q2OLK,B005LH6GM8,5.0,1349568000
A1MAI0TUIM3R2X,B005LH6GM8,5.0,1366156800
A2MW90O3P2GOO5,B005LH6GM8,5.0,1349049600
ADYZOSTF9LZLD,B005LH6GM8,5.0,1356480000
A1II2ZRPKZAQQD,B005N548KK,5.0,1326499200
A39Q9G7J70A056,B005N548KK,5.0,1321920000
AFTFND8CPQ34M,B005N548KK,4.0,1326326400
A4GI4654JA8NK,B005N548KK,3.0,1343088000
A279A4Y2N1CQ26,B005N548KK,5.0,1322784000
A2065HBMYDXJ1S,B005N548KK,3.0,1322611200
A30UIZJMFL9PLT,B005N548KK,4.0,1336608000
A2IVZ0IEQ1VADB,B005N548KK,5.0,1326326400
A3Q9HY0LU7MN6E,B005N548KK,5.0,1322870400
AZMISC9FAUBIR,B005N548KK,5.0,1322524800
AUV3OR951650C,B005N548KK,5.0,1322265600
A2OG83SEU9HL6D,B005N548KK,3.0,1325376000
AT1RF4WNPGGLC,B005N57CNU,4.0,1405555200
A3U0S17XYK8XMJ,B005N57CNU,5.0,1404950400
ANCOMAI0I7LVG,B005N57CNU,4.0,1404691200
A30H2335OM7RD6,B005N57CNU,5.0,1404259200
ALUV2YKWZENKK,B005N57CNU,5.0,1403654400
A2FS38D943KX12,B005N57CNU,5.0,1404086400
A1BXVZSQOJE6UE,B005N57CNU,4.0,1403740800
A194K60CWZ371J,B005N57CNU,4.0,1404604800
A3VBXQKRM7A4JR,B005N57CNU,3.0,1404000000
A1XDMYX8QOW07N,B005N57CNU,5.0,1403308800
A2P739KOM4U5JB,B005N57CNU,5.0,1404691200
AVQZ0JG8OP8P7,B005N57CNU,5.0,1404691200
ATMQEI1LKR6VB,B005N57CNU,4.0,1404000000
A3JHC8O59WDHFZ,B005N57CNU,4.0,1405036800
A3SQQYS79AV13M,B005N57CNU,5.0,1403740800
A13Z96HR8EEF24,B005N57CNU,4.0,1403740800
A384HAQMS7XRZ4,B005N57CNU,4.0,1403481600
A2NVQZ4Y7Y0J1R,B005N57CNU,4.0,1403654400
A3R01WHD75L6FG,B005N57CNU,5.0,1403740800
A5X1B2HBQUR3P,B005N57CNU,4.0,1405209600
A3DGJMO6VPG6FJ,B005N57CNU,4.0,1404864000
AA98O5326L88T,B005NM4ECA,4.0,1335312000
A2RIAXGSBP65BJ,B005NM4ECA,3.0,1366156800
AYWHCM0TJ4737,B005NM4ECA,5.0,1336003200
A2ZPZM9RE08JXF,B005NM4ECA,4.0,1335657600
A1HBC0NBQJHT7X,B005NM4ECA,5.0,1335744000
AYUF7YETYOLNX,B005NM4ECA,5.0,1341273600
A1MZEMD0EDETS6,B005NM4ECA,5.0,1344643200
AXAJXJZUL2J5P,B005NM4ECA,4.0,1337817600
A1TS45JWJVOSSW,B005NM4ECA,3.0,1335657600
A17V2N0N8CXSA9,B005NM4ECA,5.0,1337040000
A9NFFAZF3LIB2,B005NM4ECA,3.0,1337212800
A215WH6RUDUCMP,B005NM4ECA,4.0,1338249600
A1DY0CRKZEY0FB,B005NM4ECA,5.0,1340150400
AGVDI7RLT24WJ,B005NM4ECA,4.0,1335571200
AU1SKSAF00JJH,B005NM4ECA,5.0,1338768000
A22B13EJTZKCTM,B005NM4ECA,4.0,1347321600
A3QBCX2QMKJ7AH,B005NM4ECA,5.0,1335830400
A3QEIVO8AB3YMU,B005NM4ECA,5.0,1336348800
AM8J1UVGVYAL4,B005NM4ECA,4.0,1340236800
AK1WNXTHNCG5V,B005NM4ECA,5.0,1335312000
A3TIJLY4VX8CH3,B005NM4ECA,4.0,1335571200
A1BA72K4VK1UN1,B005NM4ECA,3.0,1335398400
A15CL28ALB7MTZ,B005NM4ECA,5.0,1335916800
A23KACXOE9O9TX,B005NM4ECA,3.0,1337817600
ATMQEI1LKR6VB,B005NM4ECA,3.0,1342915200
AGFW667QNHDOY,B005NM4ECA,3.0,1348185600
A2I4A4WGWII18Z,B005NM4ECA,4.0,1335744000
A19YOYY7FLQMA6,B005NM4ECA,5.0,1336953600
A8KJS2P6E5DCB,B005NM4ECA,3.0,1347580800
A13Z96HR8EEF24,B005NM4ECA,5.0,1335312000
A1POFVVXUZR3IQ,B005NM4ECA,4.0,1335225600
A1FDVT0DLJWV78,B005QZP964,4.0,1356307200
A28IIVKXOE1ATF,B005QZP964,4.0,1351209600
A1KGWUYXUBEMB2,B005QZP964,4.0,1351123200
AKCZIJ6ZHE41D,B005QZP964,4.0,1353369600
AJ3K3HKR9UFVN,B005QZP964,4.0,1355097600
AGFGY4EJ37VS2,B005QZP964,5.0,1355011200
AYNRALJ4X1COS,B005QZP964,5.0,1352678400
AGVDI7RLT24WJ,B005QZP964,4.0,1351468800
A3K4AJLVHAH4OZ,B005QZP964,2.0,1351814400
A13Z96HR8EEF24,B005QZP964,4.0,1350950400
A2C1Y5F8DE9H6P,B005SDG6HU,4.0,1400716800
A3U5CZ3PV82JXD,B005SDG6HU,5.0,1403049600
A2QCE7L6GRE3MT,B005SDG6HU,3.0,1404345600
A2974R9BTPZPOJ,B005SDG6HU,4.0,1403136000
A2TVH2OBNXYXHV,B005SDG6HU,4.0,1401235200
A397CWU6DM3O5G,B005SDG6HU,5.0,1403136000
A1BKJNAWJT2TG2,B005SDG6HU,3.0,1403136000
A97H5I4P5PCEM,B005SDG6HU,4.0,1401321600
AKCZIJ6ZHE41D,B005SDG6HU,3.0,1402963200
A2VJJ2POCLMED7,B005SDG6HU,3.0,1404086400
A224I5WR8UQDDC,B005SDG6HU,4.0,1403136000
ADFLBRY00Y70G,B005SDG6HU,5.0,1401494400
AQSW6WDVCJGB8,B005SDG6HU,5.0,1404259200
A3K8AU6BAGN60E,B005SDG6HU,3.0,1403481600
A3LN4AOPBIUQWR,B005SDG6HU,5.0,1401753600
ALGI34BYWIXZG,B005SDG6HU,5.0,1404950400
A28UMA3GW9L124,B005SDG6HU,3.0,1404604800
A105S56ODHGJEK,B005SDG6HU,4.0,1404518400
A2TBAUW2W7J538,B005SDG6HU,5.0,1404172800
AQ1F3NP2G15S5,B005SDG6HU,5.0,1403049600
A3LGT6UZL99IW1,B005SDG6HU,4.0,1401408000
A81XIM8XFKWX5,B005SDG6HU,4.0,1402012800
A1II2ZRPKZAQQD,B005SZYFGC,4.0,1349395200
A3OXRFCJI67IMN,B005SZYFGC,4.0,1349481600
A3MEMX0XF00TBD,B005SZYFGC,4.0,1350518400
AKJHHD5VEH7VG,B005SZYFGC,4.0,1353888000
A2TS040W2FW5O,B005SZYFGC,4.0,1350432000
A32B6XWNR55SRL,B005SZYFGC,3.0,1349049600
A2LO1YE4Q0N4F,B005SZYFGC,3.0,1356480000
A1UUI7PFQ5FU4E,B005SZYFGC,5.0,1356566400
A2PNTEDGMOLMOY,B005SZYFGC,4.0,1350950400
A1MRRMHGV3PN5W,B005SZYFGC,4.0,1361145600
A1XFI340SHOS5K,B005SZYFGC,4.0,1349222400
AFO678EAGH4Y9,B005UWYK22,3.0,1326412800
A914TQVHI872U,B005UWYK22,4.0,1328313600
A1HBC0NBQJHT7X,B005UWYK22,5.0,1327536000
A194K60CWZ371J,B005UWYK22,5.0,1325462400
A17771LTRWSKQ5,B005UWYK22,1.0,1329696000
AGVDI7RLT24WJ,B005UWYK22,2.0,1327190400
A2701UXI8QGRHE,B005UWYK22,4.0,1331769600
A1UQUDT2Q0YENM,B005UWYK22,5.0,1342224000
AT28RL25Q2OLK,B005UWYK22,4.0,1325376000
A21VQDGHP3T7Y,B005UWYK22,3.0,1340150400
A13Z96HR8EEF24,B005UWYK22,3.0,1327968000
AA98O5326L88T,B0060Y240O,5.0,1329868800
A2VAD79S4A06DD,B0060Y240O,5.0,1330300800
A3EK2KTYHJCPB9,B0060Y240O,4.0,1330214400
A36MP37DITBU6F,B0060Y240O,5.0,1331856000
A35IX2GE0VC0JP,B0060Y240O,3.0,1332374400
ATS2855497V0I,B0060Y240O,4.0,1330560000
AYB4ELCS5AM8P,B0060Y240O,4.0,1360108800
AYNRALJ4X1COS,B0060Y240O,5.0,1335744000
AGEKVD8JPZQMT,B0060Y240O,3.0,1332460800
A1VTBADV3JS1EC,B0060Y240O,5.0,1329955200
A3CHIF3EHXCLA5,B0060Y240O,4.0,1332201600
A2Z2FATA8JNL54,B0060Y240O,4.0,1330041600
ACR4HKUT808U1,B0060Y240O,4.0,1329868800
A3JLOIXFM75QNV,B0060Y240O,4.0,1331596800
A1Q1T811N4IY3Z,B0060Y240O,5.0,1331856000
A3UJRNI8UR4871,B0060Y240O,5.0,1330905600
A1P27BGF8NAI29,B0060Y271K,5.0,1329955200
A2I05FGBTCRRB8,B0060Y271K,5.0,1330128000
A30H2335OM7RD6,B0060Y271K,5.0,1348099200
A1DG75OT3Y49EM,B0060Y271K,4.0,1329955200
AFTFND8CPQ34M,B0060Y271K,4.0,1331683200
AW5JSQCHC2ZJO,B0060Y271K,5.0,1329955200
A2VAD79S4A06DD,B0060Y271K,5.0,1330300800
A3EK2KTYHJCPB9,B0060Y271K,4.0,1330560000
A1Z54EM24Y40LL,B0060Y271K,5.0,1329782400
A28OB1QLXN5BM6,B0060Y271K,5.0,1335052800
A1E55W6ES0FY17,B0060Y271K,5.0,1337817600
A2RN2AO4BE6F4K,B0060Y271K,5.0,1335225600
AGFW667QNHDOY,B0060Y271K,5.0,1335052800
A19DW3VKM5KKYB,B0060Y271K,5.0,1331769600
A39Q9G7J70A056,B0065YG1LW,3.0,1358294400
A2JXCOUGYS5Y4J,B0065YG1LW,3.0,1375488000
A30H2335OM7RD6,B0065YG1LW,5.0,1361059200
A36S5U0QOWMOSX,B0065YG1LW,4.0,1364083200
A2TTHN1UMO82VY,B0065YG1LW,1.0,1365379200
A4EBYIKOMYFF9,B0065YG1LW,2.0,1357171200
AVQZ0JG8OP8P7,B0065YG1LW,4.0,1365206400
A3PJZ8TU8FDQ1K,B0065YG1LW,2.0,1365033600
A34CSXOGVYF94S,B0065YG1LW,4.0,1356739200
A1NIGUK4M2ST8,B0065YG1LW,3.0,1357689600
AR3EVUQF0AC7R,B0065YG1LW,3.0,1358380800
ALDAF4VVLFRHP,B0065YG1LW,4.0,1357344000
AUS5X6IMFLJBD,B0065YG1LW,5.0,1362787200
ADYZOSTF9LZLD,B0065YG1LW,2.0,1360886400
ARIDN94LOCQFD,B0065YG1LW,3.0,1357344000
ABC68JUCPTVOE,B006BLGBXC,5.0,1329868800
AAH603Y3Y8QL7,B006BLGBXC,3.0,1330300800
A18YMFFJW974QS,B006BLGBXC,4.0,1377388800
A1FDVT0DLJWV78,B006BLGBXC,4.0,1331769600
A1JTTI1KH3DOCY,B006BLGBXC,3.0,1336694400
A35IX2GE0VC0JP,B006BLGBXC,3.0,1350518400
A2P739KOM4U5JB,B006BLGBXC,4.0,1329955200
A3C9YGB4H90PDE,B006BLGBXC,3.0,1330214400
A28FJ93TJSSQS4,B006BLGBXC,4.0,1329868800
AP8D74QD9LUUL,B006BLGBXC,3.0,1332201600
A20A523DFHLRBT,B006BLGBXC,5.0,1331769600
A3U52V5ZAHZZKU,B006BLGBXC,2.0,1330128000
A2H667ZUNLNTF1,B006BLGBXC,5.0,1330473600
A1K84GJLQWFIQ7,B006BLH4XI,4.0,1334707200
AJV985MKGCIQ0,B006BLH4XI,4.0,1330041600
A1FDVT0DLJWV78,B006BLH4XI,4.0,1331769600
ATS7LYGLUX34L,B006BLH4XI,3.0,1331337600
ALNFHVS3SC4FV,B006BLH4XI,4.0,1331596800
A1TR1R2QKWRSRA,B006BLH4XI,3.0,1331510400
A2QCE7L6GRE3MT,B006BLH4XI,2.0,1329955200
A3MEMX0XF00TBD,B006BLH4XI,3.0,1332892800
A1M5ZT35YX6TIN,B006BLH4XI,1.0,1331596800
A24RCBRDXRXR0Y,B006BLH4XI,3.0,1331510400
AO2AQRPPSTABB,B006BLH4XI,4.0,1329868800
AYNRALJ4X1COS,B006BLH4XI,5.0,1366848000
AUCOL2XUE1IX7,B006BLH4XI,3.0,1334793600
A3QCC7PV6EG4YC,B006BLH4XI,3.0,1340841600
A2RKI7RPP5CJMG,B006BLH4XI,2.0,1334102400
A1QT3N5FUQ4I47,B006BLH4XI,3.0,1331683200
A2RHV42BTJSVON,B006BLH4XI,4.0,1337212800
A2561PYW9TTMYD,B006BLH4XI,3.0,1330732800
ALDV8DDZWWPYE,B006BLH4XI,3.0,1330300800
AM8J1UVGVYAL4,B006BLH4XI,3.0,1334707200
A2TBAUW2W7J538,B006BLH4XI,3.0,1330646400
AQRN2I355LZ3F,B006BLH4XI,2.0,1329955200
A4UGMKUSX9XHI,B006BLH4XI,2.0,1331337600
APDPA11IZPYLN,B006BLH4XI,2.0,1332288000
AY6A8KPYCE6B0,B006BLH4XI,2.0,1330387200
A30Z0GG96D11EO,B006BLH4XI,2.0,1331596800
A3TNM3C9ENUCFW,B006BLH7U8,4.0,1338336000
ANCOMAI0I7LVG,B006BLH7U8,2.0,1367452800
A2ZPZM9RE08JXF,B006BLH7U8,4.0,1337990400
A1486KL0IOM7VM,B006BLH7U8,4.0,1340323200
ADY836HK6QSYR,B006BLH7U8,3.0,1375488000
AAH603Y3Y8QL7,B006BLH7U8,3.0,1337817600
AZFHSPEZUPGD2,B006BLH7U8,4.0,1343347200
A2UYWE97KME0M,B006BLH7U8,3.0,1343347200
A3OXHLG6DIBRW8,B006BLH7U8,4.0,1338595200
A11B61QBGHLQDN,B006BLH7U8,5.0,1340841600
AU1SKSAF00JJH,B006BLH7U8,4.0,1342656000
A27H9DOUGY9FOS,B006BLH7U8,4.0,1337731200
A4BNJSZVARL5W,B006BLH7U8,4.0,1339632000
AK1WNXTHNCG5V,B006BLH7U8,5.0,1337817600
A1NC9AGZOBI0M1,B006BLH7U8,4.0,1356048000
A2PNTEDGMOLMOY,B006BLH7U8,3.0,1338508800
A1ITRGMT80D5TK,B006BLH7U8,4.0,1337731200
A1Q1T811N4IY3Z,B006BLH7U8,4.0,1344988800
A2ZPZM9RE08JXF,B006BMA0LK,4.0,1332720000
AJV985MKGCIQ0,B006BMA0LK,5.0,1332460800
AW5JSQCHC2ZJO,B006BMA0LK,5.0,1332806400
A1UV5NB0DXTSWH,B006BMA0LK,4.0,1332633600
A2IMZNPSJGB2HQ,B006BMA0LK,5.0,1356566400
A1XDMYX8QOW07N,B006BMA0LK,4.0,1339545600
A3HAA7H8PBVM78,B006BMA0LK,4.0,1333152000
A34UVV757IKPVB,B006BMA0LK,2.0,1340582400
A31AVXMESQRQAC,B006BMA0LK,5.0,1333584000
A1QBOC76MIOJYP,B006BMA0LK,4.0,1340841600
A22CW0ZHY3NJH8,B006BMA0LK,4.0,1332979200
A11EXFO14WEJM1,B006BMA0LK,4.0,1336176000
AUCXT9K30SHYF,B006BMA0LK,5.0,1332201600
A1Q1T811N4IY3Z,B006BMA0LK,4.0,1334707200
A1II2ZRPKZAQQD,B006BMA1QE,4.0,1332979200
A1F7YU6O5RU432,B006BMA1QE,4.0,1335744000
A3OJX18B60PJR9,B006BMA1QE,5.0,1337817600
A2QCE7L6GRE3MT,B006BMA1QE,5.0,1332720000
A1VXIY1511XQK2,B006BMA1QE,3.0,1342915200
AOAOARIH72UWI,B006BMA1QE,4.0,1342396800
A31AVXMESQRQAC,B006BMA1QE,5.0,1333584000
A23WE733QT4WGJ,B006BMA1QE,4.0,1332460800
A2RHV42BTJSVON,B006BMA1QE,5.0,1335139200
A3LLP0VSTSABK2,B006BMA1QE,5.0,1332374400
AVL5IDEE8YA3D,B006BMA1QE,4.0,1347753600
A2SD1Z4OROY538,B006BMA1QE,4.0,1332288000
A33230MIA3W7G4,B006BMA1QE,5.0,1333497600
A2RIAXGSBP65BJ,B006BMM2WU,3.0,1334275200
A1KXJCXS6HFRQZ,B006BMM2WU,4.0,1337212800
A3CIHP9FFPE9I3,B006BMM2WU,2.0,1329955200
AJV985MKGCIQ0,B006BMM2WU,5.0,1330041600
A2K89R0B20LYHB,B006BMM2WU,4.0,1334188800
A215WH6RUDUCMP,B006BMM2WU,5.0,1334016000
A3BH63GKL7MQ2K,B006BMM2WU,2.0,1334793600
A6VSWJVTWEOII,B006BMM2WU,3.0,1330128000
A23TGI02RB7JC,B006BMM2WU,4.0,1335225600
A20A523DFHLRBT,B006BMM2WU,3.0,1330905600
A3K8AU6BAGN60E,B006BMM2WU,4.0,1330387200
AK1WNXTHNCG5V,B006BMM2WU,5.0,1329868800
AQZ4PHIEEV5N5,B006BMM2WU,5.0,1331596800
A2GH8LYNLQSE3F,B006BMM2WU,5.0,1330041600
AUV0EFKWA46TX,B006BMM2WU,4.0,1330819200
A379IB3EYAEL5,B006BMM2WU,2.0,1329955200
A30QAOLNZ4415R,B006BMM2WU,4.0,1329955200
AMB2Z4FMDBWQY,B006BMM2WU,2.0,1330732800
A357B3PUHSVQA,B006BMM2WU,2.0,1333411200
A1486KL0IOM7VM,B006BMM75W,2.0,1330560000
A33PBU9EHZ28PC,B006BMM75W,4.0,1367798400
A10E3F50DIUJEE,B006BMM75W,4.0,1329955200
ACVDL5QRCOPE1,B006BMM75W,2.0,1336089600
ASLHDTUUMOH7F,B006BMM75W,4.0,1330905600
A3CLWZGMC7M9Z1,B006BMM75W,3.0,1334620800
A2BVNVJOFXGZUB,B006BMM75W,4.0,1330214400
A4BNJSZVARL5W,B006BMM75W,4.0,1332028800
A2VJJ2POCLMED7,B006BMM75W,2.0,1362960000
A398R165PXFOSS,B006BMM75W,4.0,1329868800
A3GMVCTJTHYG1F,B006BMM75W,5.0,1331078400
A3EZHMGGWY74HY,B006BMM75W,3.0,1331683200
A3FFKU2MTCOBM1,B006BMM75W,3.0,1329955200
A3LN4AOPBIUQWR,B006BMM75W,4.0,1331164800
A3C1QYGEET3BVY,B006BMM75W,3.0,1331769600
A9XX8OHS2ZQ2X,B006BMM75W,4.0,1341446400
ATLZNVLYKP9AZ,B006BMM75W,3.0,1330646400
AIVZMEFEAGF3,B006BMM75W,2.0,1331683200
AA98O5326L88T,B006CBZW90,4.0,1334707200
A319Y83RT0MRVR,B006CBZW90,5.0,1345680000
A3CIHP9FFPE9I3,B006CBZW90,3.0,1334448000
A3F2VVIQIY6U64,B006CBZW90,4.0,1333584000
ACJT8MUC0LRF0,B006CBZW90,4.0,1332806400
A3CLWZGMC7M9Z1,B006CBZW90,4.0,1334620800
A3JZUGERNK38IW,B006CBZW90,4.0,1336608000
A2065HBMYDXJ1S,B006CBZW90,4.0,1335398400
A1DY0CRKZEY0FB,B006CBZW90,4.0,1340150400
A2X7NBUETXC19E,B006CBZW90,4.0,1332979200
A2RKI7RPP5CJMG,B006CBZW90,4.0,1333929600
A3L2KYOYDWSRPL,B006CBZW90,4.0,1334793600
A1R6DKN9YQ2YU1,B006CBZW90,3.0,1337212800
AC1YLEFC9AN5X,B006CBZW90,4.0,1333411200
A105S56ODHGJEK,B006CBZW90,4.0,1352851200
A2XSY4L7GDHV4W,B006CBZW90,4.0,1333152000
A1ZZR25X0CNOJX,B006CBZW90,4.0,1333929600
ARIDN94LOCQFD,B006CBZW90,4.0,1332979200
A1M0OSCFOAMAZO,B006CBZW90,3.0,1332288000
A3IMK08UX0I46A,B006CBZW90,4.0,1347926400
A30Z0GG96D11EO,B006CBZW90,3.0,1334620800
A2V0I904FH7ABY,B006CBZW90,3.0,1333670400
A1W415JP5WEAJK,B006CC0BT0,4.0,1329955200
A188JOXWF4EY1R,B006CC0BT0,4.0,1332115200
AZA55FJD7CCZN,B006CC0BT0,4.0,1331769600
ACREHLVRC4H5B,B006CC0BT0,4.0,1329955200
A2U83VDVJMAB2U,B006CC0BT0,3.0,1330819200
A12PN254PTSGU5,B006CC0BT0,4.0,1329955200
A3OJX18B60PJR9,B006CC0BT0,4.0,1332374400
A2XA8CW5DF4MNZ,B006CC0BT0,5.0,1331769600
ABMX8XUNPR3LP,B006CC0BT0,3.0,1330992000
A34UVV757IKPVB,B006CC0BT0,3.0,1332720000
AY1I85LLDMETC,B006CC0BT0,5.0,1335916800
A1C7Y31S5QXNTR,B006CC0BT0,5.0,1329868800
AMYTL79JMGQ6D,B006CC0BT0,5.0,1330041600
A26BDXG9KVH7SU,B006CC0BT0,5.0,1335398400
ALDAF4VVLFRHP,B006CC0BT0,4.0,1329955200
A1NN8Q1DLAYPGH,B006CC0BT0,3.0,1340409600
A3EM243NDJ4DF3,B006CC0BT0,5.0,1331769600
AGHIUO1B3IF8H,B006CC0HR6,2.0,1332115200
A2FRKEXDXDN1KI,B006CC0HR6,4.0,1330387200
A3FG0FQHNV2UP2,B006CC0HR6,2.0,1333843200
AJX9A4Q19UTJU,B006CC0HR6,3.0,1332201600
A397CWU6DM3O5G,B006CC0HR6,4.0,1332028800
A1VXIY1511XQK2,B006CC0HR6,2.0,1331251200
A34CSXOGVYF94S,B006CC0HR6,3.0,1329868800
A2LF16F0KX9L7P,B006CC0HR6,5.0,1330992000
A2X7NBUETXC19E,B006CC0HR6,4.0,1332979200
A3DZFEICHK5LF2,B006CC0HR6,4.0,1348617600
A10ASLX7DTTB6Z,B006CC0HR6,3.0,1332115200
A2XSY4L7GDHV4W,B006CC0HR6,3.0,1333152000
ADZIJQN6MNRAB,B006CC0HR6,2.0,1329782400
A3QD59N3M7O7KB,B006CC0HR6,3.0,1332288000
AFO678EAGH4Y9,B006CC0PEQ,5.0,1331078400
A2I05FGBTCRRB8,B006CC0PEQ,5.0,1330560000
A1UYMXFON06KQ6,B006CC0PEQ,4.0,1329868800
ATS7LYGLUX34L,B006CC0PEQ,3.0,1331337600
AR33KU52LIBF1,B006CC0PEQ,4.0,1331856000
A2ZJPDH0YP90SD,B006CC0PEQ,4.0,1330041600
A215WH6RUDUCMP,B006CC0PEQ,5.0,1331769600
A18OUQEK7IZ2F2,B006CC0PEQ,2.0,1330473600
ATLO3YXU2BC16,B006CC0PEQ,4.0,1332460800
A2QETZZ5EKH5RQ,B006CC0PEQ,4.0,1329955200
AY1I85LLDMETC,B006CC0PEQ,2.0,1335916800
A3KEZLJ59C1JVH,B006CC0PEQ,3.0,1329868800
ASJ0MKRFZC47B,B006CC0PEQ,5.0,1331337600
A1PTBXZG04GT29,B006CC0PEQ,4.0,1356393600
A17C7XZHFOS12W,B006CC0PEQ,3.0,1330041600
ALGI34BYWIXZG,B006CC0PEQ,2.0,1332028800
AIXDV2Z2NEYP6,B006CC0PEQ,3.0,1331769600
AXVKMYWNIHK7W,B006CC0PEQ,2.0,1331164800
A33230MIA3W7G4,B006CC0PEQ,4.0,1330300800
A1POFVVXUZR3IQ,B006CC0PEQ,4.0,1329955200
A2ECTCPBTOGW4H,B006CC0TQ0,5.0,1334793600
AUJFO0J9A2HGE,B006CC0TQ0,4.0,1331856000
AL3MFYSK9HKCL,B006CC0TQ0,3.0,1335744000
A1II2ZRPKZAQQD,B006CC0TQ0,4.0,1330560000
A2D7B5I7ZQ51XL,B006CC0TQ0,4.0,1331596800
AERBY54RWPSO9,B006CC0TQ0,4.0,1337126400
A3JPFWKS83R49V,B006CC0TQ0,4.0,1332460800
A3R9X003XW0LNR,B006CC0TQ0,4.0,1331424000
A10Z8FC0SMU5VQ,B006CC0TQ0,5.0,1330041600
A2KIVODZRTGY4U,B006CC0TQ0,5.0,1334016000
AVQZ0JG8OP8P7,B006CC0TQ0,4.0,1350518400
A3PE884TA8529G,B006CC0TQ0,5.0,1331769600
A3C6CZC2JP67VK,B006CC0TQ0,4.0,1338422400
AWH2AY17ZU7W2,B006CC0TQ0,5.0,1332028800
A1VXIY1511XQK2,B006CC0TQ0,3.0,1348704000
A3K4AJLVHAH4OZ,B006CC0TQ0,4.0,1330128000
A26BDXG9KVH7SU,B006CC0TQ0,5.0,1331769600
A3Q9HY0LU7MN6E,B006CC0TQ0,4.0,1332115200
A231LBC8EGPO5L,B006CC0TQ0,5.0,1329955200
ALDAF4VVLFRHP,B006CC0TQ0,4.0,1330473600
A105S56ODHGJEK,B006CC0TQ0,5.0,1331251200
A24ZMNWTW8AQUR,B006CC0TQ0,4.0,1332720000
A12E0Y0J6584RT,B006CC0TQ0,5.0,1331769600
A3GK1O5S6188AJ,B006CD4118,3.0,1330473600
ANCOMAI0I7LVG,B006CD4118,2.0,1330473600
A2U83VDVJMAB2U,B006CD4118,2.0,1330819200
A3JPFWKS83R49V,B006CD4118,3.0,1334275200
A2HOLM5I1ARX9J,B006CD4118,2.0,1332374400
A279A4Y2N1CQ26,B006CD4118,3.0,1334102400
A1UV5NB0DXTSWH,B006CD4118,4.0,1329868800
AY3D7DG5L5WCK,B006CD4118,5.0,1338422400
AG8E2F0G98ZTB,B006CD4118,3.0,1334448000
AVFJ327UXPXLF,B006CD4118,3.0,1337817600
A3M6KV5PDU46YI,B006CD4118,3.0,1332892800
A2RHV42BTJSVON,B006CD4118,4.0,1334102400
A19JGPUJAX048H,B006CD4118,2.0,1331683200
A136LRUR0RDH9J,B006CD4118,3.0,1351728000
AK1WNXTHNCG5V,B006CD4118,3.0,1330905600
A23KDA686N6T4Y,B006CD4118,5.0,1331424000
AQZ4PHIEEV5N5,B006CD4118,4.0,1331596800
A81XIM8XFKWX5,B006CD4118,5.0,1330387200
A1HBC0NBQJHT7X,B006CDBK30,3.0,1365120000
A3EK2KTYHJCPB9,B006CDBK30,2.0,1331510400
AOXMWBNDZDJ9L,B006CDBK30,5.0,1335398400
AEL6CQNQXONBX,B006CDBK30,3.0,1331510400
A2FRKEXDXDN1KI,B006CDBK30,2.0,1330387200
A26DQMYF5E0GL6,B006CDBK30,4.0,1337212800
A2TTHN1UMO82VY,B006CDBK30,2.0,1352851200
A2IMZNPSJGB2HQ,B006CDBK30,1.0,1336953600
A3BTL4FV6ODKAT,B006CDBK30,3.0,1331769600
A397CWU6DM3O5G,B006CDBK30,4.0,1332028800
A3JZUGERNK38IW,B006CDBK30,5.0,1330992000
A1KGWUYXUBEMB2,B006CDBK30,4.0,1331510400
A34CSXOGVYF94S,B006CDBK30,3.0,1331337600
AOAOARIH72UWI,B006CDBK30,3.0,1331424000
AIW4CHZOM5W7D,B006CDBK30,4.0,1339545600
A23WE733QT4WGJ,B006CDBK30,4.0,1332460800
A17SZZO9LM3WYC,B006CDBK30,5.0,1329955200
A1GQRGB8FGSLIZ,B006CDBK30,2.0,1335139200
AVL5IDEE8YA3D,B006CDBK30,4.0,1331164800
A2BZ16RKE13PKV,B006CDBK30,4.0,1330560000
A1ZZR25X0CNOJX,B006CDBK30,4.0,1330560000
AM9APPMIE1BHZ,B006CDBK30,3.0,1335312000
A2YEOR4XJ8N3QE,B006CDBK30,4.0,1330387200
A1Q1T811N4IY3Z,B006CDBK30,3.0,1331856000
A1DG75OT3Y49EM,B006O6EH4Y,4.0,1349568000
A34GM17T6WTJDK,B006O6EH4Y,5.0,1350086400
A15D2X8MICR2VQ,B006O6EH4Y,4.0,1349395200
A3BTL4FV6ODKAT,B006O6EH4Y,5.0,1353369600
A2MOD50IHEDH3G,B006O6EH4Y,5.0,1356739200
A215WH6RUDUCMP,B006O6EH4Y,5.0,1351036800
A1VXIY1511XQK2,B006O6EH4Y,5.0,1365465600
A8KM4YOB8FGGH,B006O6EH4Y,5.0,1358640000
A2V2URLB31HG59,B006O6EH4Y,4.0,1350518400
ADFLBRY00Y70G,B006O6EH4Y,4.0,1350518400
A2QDOJFFLFGF18,B006O6EH4Y,5.0,1349481600
A3Q9HY0LU7MN6E,B006O6EH4Y,5.0,1349913600
A2ZKQC0XCIIAEM,B006O6EH4Y,5.0,1349222400
ALQ4USPEQ9L5N,B006O6EH4Y,5.0,1349654400
A1NOV41485TE0D,B006O6EH4Y,5.0,1350518400
A81XIM8XFKWX5,B006O6EH4Y,5.0,1349222400
AMB2Z4FMDBWQY,B006O6EH4Y,4.0,1351036800
A3U0S17XYK8XMJ,B006O6F932,4.0,1351555200
AD0WUBKBO21KK,B006O6F932,3.0,1350604800
A3F2VVIQIY6U64,B006O6F932,3.0,1356393600
A3FG0FQHNV2UP2,B006O6F932,4.0,1348704000
A3FOSLM5G1BO63,B006O6F932,4.0,1354060800
A2065HBMYDXJ1S,B006O6F932,3.0,1352937600
A3EZHMGGWY74HY,B006O6F932,4.0,1350691200
A105S56ODHGJEK,B006O6F932,3.0,1356480000
A277TO3PKKNYDH,B006O6F932,4.0,1353369600
A12E0Y0J6584RT,B006O6F932,5.0,1350432000
A2WW57XX2UVLM6,B006O6F932,4.0,1340496000
A8KJS2P6E5DCB,B006O6F932,4.0,1348704000
A3R01WHD75L6FG,B006O6F932,3.0,1387152000
A1Q1T811N4IY3Z,B006O6F932,4.0,1356566400
A2RIAXGSBP65BJ,B006O6FJ0A,2.0,1345939200
A2D7B5I7ZQ51XL,B006O6FJ0A,4.0,1348617600
AP6L54VTCJKCQ,B006O6FJ0A,4.0,1346976000
A3SMV35531YME,B006O6FJ0A,3.0,1346457600
A279FUL12R7MBD,B006O6FJ0A,5.0,1347235200
A2U83VDVJMAB2U,B006O6FJ0A,4.0,1346630400
A1Q08H4B9QGT2N,B006O6FJ0A,5.0,1346630400
A1MZEMD0EDETS6,B006O6FJ0A,4.0,1349136000
A34GM17T6WTJDK,B006O6FJ0A,4.0,1346716800
A2E4R7YISIM4QM,B006O6FJ0A,5.0,1347235200
A36MP37DITBU6F,B006O6FJ0A,5.0,1346025600
AG8E2F0G98ZTB,B006O6FJ0A,5.0,1346976000
A3AG5QAT8L0I3R,B006O6FJ0A,4.0,1356566400
A5H8NA5CJ0FK4,B006O6FJ0A,3.0,1351555200
A2V5R832QCSOMX,B006O6FJ0A,4.0,1348704000
ASJ0MKRFZC47B,B006O6FJ0A,3.0,1345680000
A3Q9HY0LU7MN6E,B006O6FJ0A,5.0,1346457600
ALGI34BYWIXZG,B006O6FJ0A,5.0,1356048000
A343Y76WJTBYP6,B006O6FJ0A,4.0,1347321600
ALQ4USPEQ9L5N,B006O6FJ0A,5.0,1348012800
A1MRRMHGV3PN5W,B006O6FJ0A,4.0,1347926400
ASY25YMTIC2A9,B006O6FJ0A,4.0,1349827200
AFEYHFH2GH0QZ,B006O6FKDG,3.0,1346371200
A1WP940JZL83T7,B006O6FKDG,5.0,1345420800
A3NOBH42C7UI5M,B006O6FKDG,4.0,1348012800
A19FRW264WZTGP,B006O6FKDG,4.0,1345507200
AMRZ5G7HF7I03,B006O6FKDG,4.0,1345593600
A3V6QSTG2T9MIO,B006O6FKDG,4.0,1348012800
A2QETZZ5EKH5RQ,B006O6FKDG,4.0,1345593600
A1GUX6R8DV3ZLY,B006O6FKDG,3.0,1345680000
A9NXTC0HTPSDO,B006O6FKDG,4.0,1345939200
A2GSY9DM54Y0HS,B006O6FKDG,5.0,1350432000
A1Z7Y2GMAP9SRY,B006O6FKDG,5.0,1355270400
A1NC9AGZOBI0M1,B006O6FKDG,4.0,1352332800
A2GH8LYNLQSE3F,B006O6FKDG,4.0,1357516800
A1E5WXNTI7EO2A,B006O6FKDG,4.0,1358208000
ARIDN94LOCQFD,B006O6FKDG,5.0,1347408000
A39D7ONPOORMUT,B006O6FKDG,5.0,1346457600
A2V0I904FH7ABY,B006O6FKDG,5.0,1352678400
AZA55FJD7CCZN,B006O6FKG8,3.0,1343001600
A3AL9NFNWTRV39,B006O6FKG8,3.0,1345075200
A2UYWE97KME0M,B006O6FKG8,4.0,1343347200
AMS2CPERWN7JV,B006O6FKG8,5.0,1347580800
ATJE929ETFFNH,B006O6FKG8,3.0,1345075200
A1WKEAS58297E5,B006O6FKG8,4.0,1365206400
A1SB9BNNGKNX2Z,B006O6FKG8,5.0,1344556800
A26EQ8U96JA92T,B006O6FKG8,4.0,1358985600
A2QETZZ5EKH5RQ,B006O6FKG8,4.0,1343174400
A1GUX6R8DV3ZLY,B006O6FKG8,3.0,1343260800
A2701UXI8QGRHE,B006O6FKG8,4.0,1344988800
ATANE2SC44592,B006O6FKG8,4.0,1344643200
A2GSY9DM54Y0HS,B006O6FKG8,4.0,1344297600
AGEKVD8JPZQMT,B006O6FKG8,4.0,1343088000
A2YV6F6DLENNTM,B006O6FKG8,3.0,1344816000
ALDAF4VVLFRHP,B006O6FKG8,3.0,1343779200
A3LGT6UZL99IW1,B006O6FKG8,3.0,1343865600
ALQ4USPEQ9L5N,B006O6FKG8,5.0,1348012800
ARIDN94LOCQFD,B006O6FKG8,4.0,1343692800
A39D7ONPOORMUT,B006O6FKG8,5.0,1342656000
A2V0I904FH7ABY,B006O6FKG8,3.0,1344470400
A2DURJRPTPKUZS,B006O6FMOI,4.0,1355875200
AUJFO0J9A2HGE,B006O6FMOI,4.0,1350432000
A1WP940JZL83T7,B006O6FMOI,5.0,1348617600
A3NOBH42C7UI5M,B006O6FMOI,4.0,1350518400
A19FRW264WZTGP,B006O6FMOI,4.0,1351900800
A2XYH8IHILWW7X,B006O6FMOI,4.0,1348704000
A1S52XH2CS4Y26,B006O6FMOI,1.0,1349481600
A3USZS8Q4GOKGE,B006O6FMOI,5.0,1348876800
A15Q9YEG1XPEJN,B006O6FMOI,4.0,1349308800
A3T8WOFS5RD2IR,B006O6FMOI,5.0,1349308800
A3U41ZL33SS92P,B006O6FMOI,3.0,1357084800
A3T7XVG3AXJF61,B006O6FMOI,4.0,1368576000
A1Z7Y2GMAP9SRY,B006O6FMOI,5.0,1355270400
A2GH8LYNLQSE3F,B006O6FMOI,4.0,1365465600
A2ULQOGN59LDNK,B006O6FMOI,5.0,1363910400
A2K75QOCP9ZHSL,B006O7XOOW,4.0,1346112000
A1X2YRSD648FM3,B006O7XOOW,3.0,1346716800
AQB4DH57MSZSC,B006O7XOOW,5.0,1348444800
A3V2EZ6MA32FF6,B006O7XOOW,5.0,1350432000
AYOMAHLWRQHUG,B006O7XOOW,5.0,1346025600
A1IBKN1GXYJ3K4,B006O7XOOW,3.0,1346457600
A2TTHN1UMO82VY,B006O7XOOW,2.0,1355875200
A2KFWHHUFVKFXZ,B006O7XOOW,2.0,1347148800
A2701UXI8QGRHE,B006O7XOOW,4.0,1348099200
A9NXTC0HTPSDO,B006O7XOOW,2.0,1348876800
A2VHCA21QKNEKE,B006O7XOOW,5.0,1348099200
A3UYBRB74RJFXB,B006O7XOOW,5.0,1347667200
AC04O7AYHEKJ5,B006O7XOOW,5.0,1348099200
A1FXY0GUFHEI59,B006O7XOOW,4.0,1346976000
AB0TLNLNOAGY4,B006O7XOOW,3.0,1348704000
A6X1O3A5C5FX1,B006O7XOOW,3.0,1355011200
A33VI944SO2YCN,B006O7XOOW,5.0,1348444800
A2I4A4WGWII18Z,B006O7XOOW,5.0,1346544000
AIVZMEFEAGF3,B006O7XOOW,4.0,1345680000
A319Y83RT0MRVR,B006OA8UIY,4.0,1348704000
A1UKA7HUAQAMY,B006OA8UIY,3.0,1350518400
A1Z54EM24Y40LL,B006OA8UIY,5.0,1348963200
A28J8ZFUBAC40Q,B006OA8UIY,4.0,1357516800
A3RTNA9THAU2OP,B006OA8UIY,4.0,1355616000
A23WE733QT4WGJ,B006OA8UIY,4.0,1367971200
A5BJMAHZWGJ7N,B006OA8UIY,4.0,1348790400
A3L1BNBV4SS1H8,B006OA8UIY,4.0,1351123200
A3PIW7ZF4C5ZJL,B006OA8UIY,3.0,1353456000
A33B3XCIXB4ZVG,B006OA8UIY,4.0,1348531200
A319Y83RT0MRVR,B006OG76Q0,4.0,1357862400
AGHIUO1B3IF8H,B006OG76Q0,3.0,1352851200
A3F2VVIQIY6U64,B006OG76Q0,4.0,1352851200
A2U83VDVJMAB2U,B006OG76Q0,5.0,1351209600
A2OJCTT5WLB2HR,B006OG76Q0,3.0,1351641600
ARNEUO7BF3J55,B006OG76Q0,2.0,1351468800
A36MP37DITBU6F,B006OG76Q0,5.0,1350864000
A17771LTRWSKQ5,B006OG76Q0,4.0,1353024000
AC04O7AYHEKJ5,B006OG76Q0,4.0,1353369600
A2TBAUW2W7J538,B006OG76Q0,3.0,1352678400
A1R1BFJCMWX0Y3,B006OG76Q0,3.0,1351123200
A3LMPD1ZQTWOC4,B006OJM52C,4.0,1365552000
A2AYJJAFNSGSU1,B006OJM52C,4.0,1338422400
A1U7LS93I03MFW,B006OJM52C,4.0,1343174400
A31YSTICHFYN7O,B006OJM52C,3.0,1342569600
A10E3F50DIUJEE,B006OJM52C,5.0,1341360000
A3SMD3T0QTN109,B006OJM52C,5.0,1363737600
ARNEUO7BF3J55,B006OJM52C,4.0,1338940800
A2WB4OWBUH2VQX,B006OJM52C,4.0,1339027200
A9NFFAZF3LIB2,B006OJM52C,4.0,1359158400
A3VI2VETB90ZG5,B006OJM52C,5.0,1338768000
A1PI8VBCXXSGC7,B006OJM52C,5.0,1347753600
AT1RF4WNPGGLC,B006OJM52C,5.0,1338336000
A16QODENBJVUI1,B006OJM52C,4.0,1340236800
AGFW667QNHDOY,B006OJM52C,5.0,1348185600
AXVKMYWNIHK7W,B006OJM52C,5.0,1340841600
A19DW3VKM5KKYB,B006OJM52C,4.0,1340236800
A16YU3GRGCD95S,B006OJM52C,5.0,1340064000
A384HAQMS7XRZ4,B006OJM52C,5.0,1338336000
A1UKA7HUAQAMY,B006OJM5OU,4.0,1344470400
A1BVFLQ89LAI0K,B006OJM5OU,5.0,1343865600
AJ2FDNZ3COBFN,B006OJM5OU,5.0,1351036800
AN9J46667D80O,B006OJM5OU,5.0,1345507200
A1U7LS93I03MFW,B006OJM5OU,5.0,1344902400
ALQMZVXPJ0Y3A,B006OJM5OU,5.0,1340928000
A25CZCHLNH3OMO,B006OJM5OU,5.0,1343001600
A3SMD3T0QTN109,B006OJM5OU,5.0,1350518400
A2TTHN1UMO82VY,B006OJM5OU,5.0,1348012800
A1BKJNAWJT2TG2,B006OJM5OU,4.0,1347494400
A3PJZ8TU8FDQ1K,B006OJM5OU,5.0,1350604800
A14DNCG5WHM86Z,B006OJM5OU,5.0,1365292800
A167KPMW1NBZJW,B006OJM5OU,5.0,1342656000
A22B13EJTZKCTM,B006OJM5OU,4.0,1347580800
A27H9DOUGY9FOS,B006OJM5OU,4.0,1343347200
A3QDDEW6RXVEAY,B006OJM5OU,5.0,1341187200
A398R165PXFOSS,B006OJM5OU,4.0,1341619200
A1VF5HRCDF99CF,B006OJM5OU,5.0,1343260800
A3TIJLY4VX8CH3,B006OJM5OU,5.0,1345075200
A3DFH4CKPIT0N9,B006OJM5OU,5.0,1342656000
A19DW3VKM5KKYB,B006OJM5OU,5.0,1342656000
A1QK0XCAPHIW1L,B006OJM5OU,5.0,1344384000
A2SPV96SGOEO2,B006OJM5OU,4.0,1343952000
A1ITRGMT80D5TK,B006OJM5OU,5.0,1344729600
A2SD1Z4OROY538,B006OJM5OU,4.0,1344988800
A13WEKTB63G78Y,B006OJM5OU,5.0,1343606400
AY6A8KPYCE6B0,B006OJM5OU,5.0,1344211200
A3HUC8541SJ6UT,B006OJM5P4,5.0,1345593600
A1FK6IQ111SJDR,B006OJM5P4,5.0,1343260800
A2MVPY9XVYST9H,B006OJM5P4,5.0,1341446400
ARNEUO7BF3J55,B006OJM5P4,5.0,1341792000
A3U029B8Z5WGI2,B006OJM5P4,5.0,1342483200
A3QDDEW6RXVEAY,B006OJM5P4,5.0,1341187200
A1W4F91DH3XPB2,B006OJM5P4,5.0,1353283200
A1UCPXUBSESD65,B006OJM5P4,4.0,1342656000
A16QODENBJVUI1,B006OJM5P4,5.0,1345593600
A112EC059ZZTJF,B006OJM5P4,5.0,1342051200
A2A4M3EDEUKG3L,B006OJM5P4,5.0,1344556800
ASY25YMTIC2A9,B006OJM5P4,5.0,1345507200
A1QK0XCAPHIW1L,B006OJM5P4,5.0,1341792000
A2JAEZ0FMAMJVW,B006OZJWY0,4.0,1350518400
A3OXHLG6DIBRW8,B006OZJWY0,5.0,1338595200
A10E3F50DIUJEE,B006OZJWY0,5.0,1338768000
A2MVPY9XVYST9H,B006OZJWY0,5.0,1339286400
A2DG63DN704LOI,B006OZJWY0,5.0,1340755200
A35IX2GE0VC0JP,B006OZJWY0,4.0,1348704000
AVFJ327UXPXLF,B006OZJWY0,4.0,1352592000
AYB4ELCS5AM8P,B006OZJWY0,5.0,1338854400
ABQWMANK4AR63,B006OZJWY0,4.0,1338854400
A28FJ93TJSSQS4,B006OZJWY0,4.0,1339372800
A2AOZQ3WTNVVOK,B006OZJWY0,5.0,1352592000
A1IAQIZSXONWVU,B006OZJWY0,5.0,1348099200
A35NOFKHK8P2LU,B006OZJWY0,4.0,1338336000
A1RF9YK4BK5TRH,B006OZJWY0,4.0,1340236800
A16QODENBJVUI1,B006OZJWY0,5.0,1340150400
A112EC059ZZTJF,B006OZJWY0,5.0,1338508800
A24ZMNWTW8AQUR,B006OZJWY0,5.0,1338249600
A2PNTEDGMOLMOY,B006OZJWY0,5.0,1337904000
A1C139F5C7Y38P,B006OZJWY0,4.0,1352678400
A3MUSWDCTZINQZ,B006OZJWY0,4.0,1340150400
A3IKLTT9JQACCI,B006P135E6,4.0,1349568000
ARSQ2F9U315WG,B006P135E6,3.0,1356998400
A2HC9549CZAKNN,B006P135E6,4.0,1358985600
ALQY22U9JTNCQ,B006P135E6,4.0,1350518400
A2AYJJAFNSGSU1,B006P135E6,4.0,1349049600
AR33KU52LIBF1,B006P135E6,4.0,1352764800
A2OJCTT5WLB2HR,B006P135E6,5.0,1349827200
A1JTTI1KH3DOCY,B006P135E6,3.0,1352937600
A3B9C6MZAFC1JX,B006P135E6,3.0,1351728000
A8WEXFRWX1ZHH,B006P135E6,2.0,1356652800
A3A8FMW6BDJ166,B006P135E6,5.0,1349827200
A1C4J5MRES1KRK,B006P135E6,4.0,1350518400
A1VXIY1511XQK2,B006P135E6,5.0,1350777600
A2H1W8V6R9TJ9E,B006P135E6,4.0,1362096000
A1EMN4T3ROJDOO,B006P135E6,4.0,1351987200
A3TWBW1B17R151,B006P135E6,5.0,1350345600
A2WVF9ZQ068DN0,B006P135E6,3.0,1350950400
A2KQT4D0OZR569,B006P135E6,3.0,1365638400
A3QDDEW6RXVEAY,B006P135E6,4.0,1350864000
A1KI3173CO6TK2,B006P135E6,4.0,1355875200
A6B92PTV0Z1SU,B006P135E6,4.0,1351209600
A1JOANG98KBFKU,B006P135E6,4.0,1361923200
A23KACXOE9O9TX,B006P135E6,3.0,1350864000
AS7SB0A3QKVQV,B006P135E6,5.0,1350950400
A2I4A4WGWII18Z,B006P135E6,5.0,1350691200
A1UINGIK3UG77D,B006P135E6,4.0,1349481600
AXVKMYWNIHK7W,B006P135E6,4.0,1349136000
A3SBZAOPPY40IT,B006P135E6,5.0,1351036800
AVHN134ADVP4R,B006P135EQ,4.0,1343260800
ACREHLVRC4H5B,B006P135EQ,4.0,1339372800
ALUV2YKWZENKK,B006P135EQ,4.0,1343347200
A3JPFWKS83R49V,B006P135EQ,4.0,1340150400
A1UHKF1UQ3EGW4,B006P135EQ,3.0,1338595200
A1UYMXFON06KQ6,B006P135EQ,5.0,1339200000
A1Q08H4B9QGT2N,B006P135EQ,5.0,1341792000
A2QCE7L6GRE3MT,B006P135EQ,4.0,1339286400
AXAJXJZUL2J5P,B006P135EQ,3.0,1340150400
A3T6HX48F66512,B006P135EQ,4.0,1339459200
A3GS7OZXUEW48R,B006P135EQ,5.0,1341705600
A1SD1C8XK3Z3V1,B006P135EQ,5.0,1341187200
AFK893ELKDPY,B006P135EQ,5.0,1338681600
A5GPH59NDWJRB,B006P135EQ,4.0,1339027200
A1DSRM2P0WGQNS,B006P135EQ,2.0,1338854400
A1EMN4T3ROJDOO,B006P135EQ,5.0,1339545600
AJQDIT55SZ3ZX,B006P135EQ,5.0,1338336000
A2V5R832QCSOMX,B006P135EQ,4.0,1340150400
A3FMPT5IH0CJ50,B006P135EQ,4.0,1339372800
ATANE2SC44592,B006P135EQ,5.0,1338854400
ALLHJD3KZF9KC,B006P135EQ,5.0,1338422400
AFHYEO3Y1IIDD,B006P135EQ,5.0,1340236800
A3ORV1QBL4K9U1,B006P135EQ,5.0,1341360000
A136LRUR0RDH9J,B006P135EQ,3.0,1347926400
ALDAF4VVLFRHP,B006P135EQ,4.0,1340323200
A2IJ54FX1L83WK,B006P135EQ,5.0,1338422400
A1JOANG98KBFKU,B006P135EQ,4.0,1345075200
A1D1IDI5S9TN9D,B006P135EQ,4.0,1353369600
AAU0G40ZN5RIL,B006P135EQ,3.0,1339545600
A24ZMNWTW8AQUR,B006P135EQ,3.0,1340928000
AS7SB0A3QKVQV,B006P135EQ,5.0,1338422400
A2I4A4WGWII18Z,B006P135EQ,4.0,1338854400
A33PVCHCQ2BTN0,B006P135EQ,5.0,1339027200
AXVKMYWNIHK7W,B006P135EQ,5.0,1345075200
A81XIM8XFKWX5,B006P135EQ,5.0,1340668800
A1POFVVXUZR3IQ,B006P135EQ,5.0,1338768000
A19FRW264WZTGP,B006PHU4F8,4.0,1382140800
A1TR1R2QKWRSRA,B006PHU4F8,4.0,1383177600
AR5SY32T76DBM,B006PHU4F8,4.0,1384387200
A3CU0QL4C4LAA8,B006PHU4F8,5.0,1383696000
AKCZIJ6ZHE41D,B006PHU4F8,3.0,1382918400
A3PE884TA8529G,B006PHU4F8,3.0,1384905600
AWH2AY17ZU7W2,B006PHU4F8,5.0,1382486400
A2VH0UT5EQFB6P,B006PHU4F8,3.0,1380585600
A3QEIVO8AB3YMU,B006PHU4F8,5.0,1381449600
A3FWVV13DJELLV,B006PHU4F8,4.0,1383264000
A23KACXOE9O9TX,B006PHU4F8,4.0,1381190400
A1RDHBBZE1NPS3,B006PHU4F8,3.0,1384387200
A3G5MOHY1U635N,B006ROJI06,3.0,1340064000
A3GK1O5S6188AJ,B006ROJI06,5.0,1339113600
A1BMG34CO5CMZ5,B006ROJI06,5.0,1339977600
A3CA3RWZYJDWXE,B006ROJI06,4.0,1339372800
A1RTSVWEXMKAR1,B006ROJI06,5.0,1353888000
A2RVCF21L2NPU5,B006ROJI06,5.0,1339977600
A2OJCTT5WLB2HR,B006ROJI06,4.0,1339632000
A1JTTI1KH3DOCY,B006ROJI06,4.0,1337904000
A2AF0NOCM71J0B,B006ROJI06,5.0,1342483200
ALEUQQE118NEW,B006ROJI06,4.0,1337990400
A3RTNA9THAU2OP,B006ROJI06,5.0,1339545600
A167KPMW1NBZJW,B006ROJI06,5.0,1337990400
A6D07P6DHMXIP,B006ROJI06,5.0,1337990400
A35LT14WG5BX0T,B006ROJI06,4.0,1342656000
ASJ0MKRFZC47B,B006ROJI06,4.0,1338249600
A35Q0RBM3YNQNF,B006ROJI06,5.0,1341619200
A2S26YGSVXBCFL,B006ROJI06,5.0,1338681600
A25C5MVVCIYT5D,B006ROJI06,5.0,1341619200
A1ODOGXEYECQQ8,B006ROJI06,5.0,1339459200
AT28RL25Q2OLK,B006ROJI06,4.0,1338422400
A1ZZR25X0CNOJX,B006ROJI06,4.0,1347408000
AM9APPMIE1BHZ,B006ROJI06,5.0,1339977600
A25QJBK33C4O0R,B006ROJI06,4.0,1340841600
A3G5MOHY1U635N,B006ROJI10,3.0,1339977600
A2TXMYYGSZCSZ1,B006ROJI10,5.0,1341100800
A2JXCOUGYS5Y4J,B006ROJI10,5.0,1339372800
AFTFND8CPQ34M,B006ROJI10,4.0,1340150400
AAH603Y3Y8QL7,B006ROJI10,5.0,1338422400
A2IMGHMF0LO151,B006ROJI10,4.0,1339977600
A2QCE7L6GRE3MT,B006ROJI10,3.0,1339286400
A3T6HX48F66512,B006ROJI10,4.0,1338422400
A5JLAU2ARJ0BO,B006ROJI10,4.0,1337990400
ATS2855497V0I,B006ROJI10,5.0,1338508800
A1GWDRBUMQOCRK,B006ROJI10,4.0,1337817600
A3F43PAJZLOE3I,B006ROJI10,5.0,1337990400
A3PE884TA8529G,B006ROJI10,4.0,1345680000
A1C4J5MRES1KRK,B006ROJI10,3.0,1338595200
A3BKNXX8QFIXIV,B006ROJI10,4.0,1338768000
A14X244VGHWPSX,B006ROJI10,4.0,1340928000
A1SB9BNNGKNX2Z,B006ROJI10,5.0,1338508800
A3U029B8Z5WGI2,B006ROJI10,5.0,1338422400
A305XM71TF83CY,B006ROJI10,4.0,1338076800
A2RKI7RPP5CJMG,B006ROJI10,5.0,1341446400
A34W7QA4J5UTOR,B006ROJI10,5.0,1337990400
A3FMPT5IH0CJ50,B006ROJI10,5.0,1337904000
A1LUK8APLC16WK,B006ROJI10,5.0,1340236800
AQSW6WDVCJGB8,B006ROJI10,5.0,1339545600
A3QEIVO8AB3YMU,B006ROJI10,5.0,1338336000
ADFLBRY00Y70G,B006ROJI10,4.0,1339718400
A3212H6SF9W1LV,B006ROJI10,4.0,1337817600
A2NBCCFDISGUQT,B006ROJI10,4.0,1351036800
A3Q9HY0LU7MN6E,B006ROJI10,5.0,1338681600
ALDAF4VVLFRHP,B006ROJI10,5.0,1339372800
A1E55W6ES0FY17,B006ROJI10,5.0,1340841600
A1AHAETTCFARPJ,B006ROJI10,4.0,1338076800
A14RYRR7ETV3UY,B006ROJI10,5.0,1339977600
A1UINGIK3UG77D,B006ROJI10,4.0,1337817600
A3IMK08UX0I46A,B006ROJI10,5.0,1362614400
A2J8DE8R94ZB02,B006ROJI10,5.0,1347840000
A15JB2HEZ6RKGW,B006ROJI10,5.0,1345248000
A3D5B2CBFNJB0K,B006ROJI10,5.0,1339804800
A30Z0GG96D11EO,B006ROJI10,4.0,1340150400
A3UJRNI8UR4871,B006ROJI10,5.0,1339027200
A2DURJRPTPKUZS,B006ROJI38,4.0,1340150400
ABC68JUCPTVOE,B006ROJI38,4.0,1339459200
A3CIHP9FFPE9I3,B006ROJI38,5.0,1342137600
A2877AOHJFZI0E,B006ROJI38,5.0,1339545600
A2RVCF21L2NPU5,B006ROJI38,5.0,1339977600
A1FDV3WPOHREY9,B006ROJI38,5.0,1338854400
A1FDVT0DLJWV78,B006ROJI38,4.0,1340323200
A194K60CWZ371J,B006ROJI38,5.0,1339027200
A35IX2GE0VC0JP,B006ROJI38,5.0,1355961600
AG8E2F0G98ZTB,B006ROJI38,4.0,1339891200
A31HE83MU98GBV,B006ROJI38,5.0,1342915200
A2AF0NOCM71J0B,B006ROJI38,5.0,1342483200
A3F43PAJZLOE3I,B006ROJI38,5.0,1354060800
AFK893ELKDPY,B006ROJI38,4.0,1338681600
A2K4HN6EECBNR3,B006ROJI38,5.0,1339459200
AO2AQRPPSTABB,B006ROJI38,5.0,1339891200
A1WKEAS58297E5,B006ROJI38,4.0,1343260800
A1DY0CRKZEY0FB,B006ROJI38,4.0,1341705600
A2PM5Z249OVPEN,B006ROJI38,5.0,1339718400
A3T7XVG3AXJF61,B006ROJI38,5.0,1342742400
A32658HY8IU6UV,B006ROJI38,5.0,1339545600
ALLHJD3KZF9KC,B006ROJI38,5.0,1338422400
A2ECM9HLMC242H,B006ROJI38,3.0,1342656000
A224I5WR8UQDDC,B006ROJI38,4.0,1339632000
A398R165PXFOSS,B006ROJI38,4.0,1342656000
A3QEIVO8AB3YMU,B006ROJI38,5.0,1338336000
A1LA4K5JF78BER,B006ROJI38,5.0,1353196800
AUV3OR951650C,B006ROJI38,5.0,1339632000
A1FATTRIXTSTEB,B006ROJI38,5.0,1339718400
A343Y76WJTBYP6,B006ROJI38,5.0,1339372800
A19GJX6TTSK0C0,B006ROJI38,4.0,1338681600
A17M1HL6U2GS7M,B006ROJI38,5.0,1338768000
A2Q8GFSEUSGJ51,B006ROJI38,4.0,1338508800
A25RTRAPQAJBDJ,B006ROJI38,4.0,1339200000
A1KMG1AIUS00DC,B006ROJI38,4.0,1338595200
A23RQRX7LO7NG8,B006ROJI38,5.0,1339200000
A32QWD5DEY4LDU,B006ROJI38,5.0,1338595200
A2YEOR4XJ8N3QE,B006ROJI38,5.0,1337731200
A19JDXB5R33C7R,B006ROJI38,4.0,1338854400
ABC68JUCPTVOE,B006ROJI9W,5.0,1337731200
A319Y83RT0MRVR,B006ROJI9W,4.0,1358812800
A2D7B5I7ZQ51XL,B006ROJI9W,4.0,1339632000
A71W7G4TCTH3T,B006ROJI9W,5.0,1340409600
A21VGNU5959O85,B006ROJI9W,4.0,1339632000
ALQMZVXPJ0Y3A,B006ROJI9W,5.0,1337817600
A11B61QBGHLQDN,B006ROJI9W,5.0,1341619200
AJX9A4Q19UTJU,B006ROJI9W,4.0,1338940800
ASLHDTUUMOH7F,B006ROJI9W,5.0,1338681600
A35HOUWHAYZZN6,B006ROJI9W,5.0,1337990400
A1V3PCKVCJ3TTZ,B006ROJI9W,4.0,1337731200
A3CLWZGMC7M9Z1,B006ROJI9W,4.0,1337731200
AGJRUK27RBVYS,B006ROJI9W,5.0,1339718400
A3JZUGERNK38IW,B006ROJI9W,4.0,1338336000
A1KGWUYXUBEMB2,B006ROJI9W,5.0,1340841600
A3DZFEICHK5LF2,B006ROJI9W,5.0,1343260800
A1EVV74UQYVKRY,B006ROJI9W,5.0,1340841600
A8INT3NMHRUS4,B006ROJI9W,4.0,1338940800
A2HELIKP5RV27F,B006ROJI9W,5.0,1339286400
A2VH0UT5EQFB6P,B006ROJI9W,5.0,1338940800
A1Q7A78VSQ5GQ4,B006ROJI9W,5.0,1340236800
A4UGMKUSX9XHI,B006ROJI9W,5.0,1337817600
A379IB3EYAEL5,B006ROJI9W,4.0,1338249600
A11EXFO14WEJM1,B006ROJI9W,5.0,1338595200
A8QYRG7TW491B,B006ROJI9W,4.0,1342224000
A1ITRGMT80D5TK,B006ROJI9W,4.0,1338681600
AMB2Z4FMDBWQY,B006ROJI9W,4.0,1339545600
AA98O5326L88T,B006ROJIAG,4.0,1337040000
A1P27BGF8NAI29,B006ROJIAG,4.0,1350950400
A21YYC2SYN5NDY,B006ROJIAG,4.0,1340236800
A3TNM3C9ENUCFW,B006ROJIAG,3.0,1336435200
AG2YXYIQ8TLTA,B006ROJIAG,2.0,1340841600
A1UYMXFON06KQ6,B006ROJIAG,4.0,1337644800
A3U5CZ3PV82JXD,B006ROJIAG,3.0,1338249600
A1IBKN1GXYJ3K4,B006ROJIAG,5.0,1340236800
A3N27L13CWJ9HY,B006ROJIAG,3.0,1337644800
A3SMD3T0QTN109,B006ROJIAG,5.0,1363824000
AY3D7DG5L5WCK,B006ROJIAG,3.0,1337126400
A36MP37DITBU6F,B006ROJIAG,2.0,1338940800
A3VBXQKRM7A4JR,B006ROJIAG,4.0,1336003200
A35IX2GE0VC0JP,B006ROJIAG,3.0,1362009600
A2ZB8B7VQONZA6,B006ROJIAG,5.0,1337644800
A3GS7OZXUEW48R,B006ROJIAG,3.0,1341705600
A29JUMRL1US6YP,B006ROJIAG,3.0,1340236800
A22VNXHU6IZ5MT,B006ROJIAG,4.0,1337212800
A2LO1YE4Q0N4F,B006ROJIAG,5.0,1348704000
A5GPH59NDWJRB,B006ROJIAG,3.0,1336003200
A8KM4YOB8FGGH,B006ROJIAG,5.0,1337126400
ABQWMANK4AR63,B006ROJIAG,2.0,1337731200
A3HAA7H8PBVM78,B006ROJIAG,3.0,1337558400
A1DY0CRKZEY0FB,B006ROJIAG,3.0,1336867200
A2LXC5ZHHP0WXP,B006ROJIAG,4.0,1339027200
A26SO3TOT2TLJE,B006ROJIAG,3.0,1341705600
AHRNDSKWH1YBT,B006ROJIAG,3.0,1340236800
A1MAI0TUIM3R2X,B006ROJIAG,5.0,1343174400
A23KACXOE9O9TX,B006ROJIAG,4.0,1336953600
A13Z96HR8EEF24,B006ROJIAG,4.0,1335916800
ACR4HKUT808U1,B006ROJIAG,3.0,1336003200
A39Q9G7J70A056,B006ROJIBA,5.0,1352937600
A71W7G4TCTH3T,B006ROJIBA,5.0,1350172800
A3OXRFCJI67IMN,B006ROJIBA,5.0,1348876800
A2IFKH3TJ10387,B006ROJIBA,5.0,1350518400
A3SMD3T0QTN109,B006ROJIBA,5.0,1350518400
A2BN9DIBP9A0XG,B006ROJIBA,5.0,1365552000
A3VBXQKRM7A4JR,B006ROJIBA,4.0,1349308800
A2IMZNPSJGB2HQ,B006ROJIBA,4.0,1356566400
A35IX2GE0VC0JP,B006ROJIBA,5.0,1361404800
AG8E2F0G98ZTB,B006ROJIBA,4.0,1350518400
ASLHDTUUMOH7F,B006ROJIBA,5.0,1350000000
A27X7XXOKMK879,B006ROJIBA,5.0,1353196800
AGJRUK27RBVYS,B006ROJIBA,5.0,1350259200
A3BKNXX8QFIXIV,B006ROJIBA,5.0,1349654400
A167KPMW1NBZJW,B006ROJIBA,5.0,1349827200
A2FVD05Z2FYW1P,B006ROJIBA,5.0,1349222400
A18GJ9MYYO6GCQ,B006ROJIBA,5.0,1348617600
A3U029B8Z5WGI2,B006ROJIBA,5.0,1349308800
A2561PYW9TTMYD,B006ROJIBA,5.0,1348704000
ATANE2SC44592,B006ROJIBA,5.0,1363910400
A1KI3173CO6TK2,B006ROJIBA,5.0,1356480000
AC04O7AYHEKJ5,B006ROJIBA,5.0,1350432000
AUS5X6IMFLJBD,B006ROJIBA,5.0,1349827200
A379IB3EYAEL5,B006ROJIBA,5.0,1349654400
A1UINGIK3UG77D,B006ROJIBA,4.0,1349481600
A8QYRG7TW491B,B006ROJIBA,4.0,1354406400
A3D5B2CBFNJB0K,B006ROJIBA,5.0,1350172800
A2PD27UKAD3Q00,B006ROJIBA,5.0,1349740800
AA98O5326L88T,B006ROJIQU,4.0,1342569600
A2RIAXGSBP65BJ,B006ROJIQU,5.0,1368316800
A3CIHP9FFPE9I3,B006ROJIQU,2.0,1346803200
AYWHCM0TJ4737,B006ROJIQU,3.0,1353715200
A30H2335OM7RD6,B006ROJIQU,4.0,1343260800
A1HBC0NBQJHT7X,B006ROJIQU,5.0,1342742400
AA460WUKL3BC6,B006ROJIQU,4.0,1350345600
A1WKQ94M45D8MG,B006ROJIQU,5.0,1346025600
A26DQMYF5E0GL6,B006ROJIQU,3.0,1350432000
A2BN9DIBP9A0XG,B006ROJIQU,5.0,1340755200
A194K60CWZ371J,B006ROJIQU,5.0,1341273600
A375NF45A1MDWI,B006ROJIQU,4.0,1345852800
A26NMTIHEUM65Z,B006ROJIQU,3.0,1361923200
A4EUL79IT6AUP,B006ROJIQU,3.0,1341100800
A6D07P6DHMXIP,B006ROJIQU,2.0,1340755200
A3TWBW1B17R151,B006ROJIQU,4.0,1341360000
A2WVF9ZQ068DN0,B006ROJIQU,4.0,1341187200
A224I5WR8UQDDC,B006ROJIQU,4.0,1344902400
A1UQUDT2Q0YENM,B006ROJIQU,5.0,1344038400
A1LG1DKUZXGJ6J,B006ROJIQU,2.0,1341273600
A33B3XCIXB4ZVG,B006ROJIQU,4.0,1341187200
A384HAQMS7XRZ4,B006ROJIQU,5.0,1340755200
A2NVQZ4Y7Y0J1R,B006ROJIQU,5.0,1344470400
A1IA0O3OYQO9LV,B006ROJIQU,4.0,1340841600
A5X1B2HBQUR3P,B006ROJIQU,4.0,1345075200
A1XWX7QTBR3UPV,B006ROJIQU,5.0,1342656000
A3CIHP9FFPE9I3,B006ROJIR4,4.0,1340755200
A2LAS014NSRW72,B006ROJIR4,2.0,1335225600
A2CNGARED6OWWU,B006ROJIR4,4.0,1337126400
A3JPFWKS83R49V,B006ROJIR4,3.0,1336694400
A2AYJJAFNSGSU1,B006ROJIR4,4.0,1335139200
A1UYMXFON06KQ6,B006ROJIR4,4.0,1336953600
A33PBU9EHZ28PC,B006ROJIR4,3.0,1336694400
A1FDVT0DLJWV78,B006ROJIR4,4.0,1343260800
A194K60CWZ371J,B006ROJIR4,5.0,1335398400
A1S52XH2CS4Y26,B006ROJIR4,3.0,1337212800
A14UOOROH3XRQ9,B006ROJIR4,4.0,1364428800
A3CLWZGMC7M9Z1,B006ROJIR4,4.0,1337040000
AKMEY1BSHSDG7,B006ROJIR4,5.0,1335571200
A3RTNA9THAU2OP,B006ROJIR4,3.0,1339632000
A1VXIY1511XQK2,B006ROJIR4,5.0,1347235200
A2SDRCBPIAXVDW,B006ROJIR4,3.0,1337212800
AY1I85LLDMETC,B006ROJIR4,5.0,1366156800
ALLHJD3KZF9KC,B006ROJIR4,4.0,1335398400
A1KI3173CO6TK2,B006ROJIR4,4.0,1340236800
A3QBCX2QMKJ7AH,B006ROJIR4,2.0,1341273600
A3QEIVO8AB3YMU,B006ROJIR4,4.0,1337558400
A30LAVLDNH4JR0,B006ROJIR4,3.0,1340496000
A1JOANG98KBFKU,B006ROJIR4,3.0,1340841600
AD34TCPEP7P84,B006ROJIR4,4.0,1352937600
A3FQZH8PJB535A,B006ROJIR4,3.0,1337126400
A2HHAV29CZ1OIE,B006ROJIR4,4.0,1335398400
A3IMK08UX0I46A,B006ROJIR4,4.0,1336608000
A384HAQMS7XRZ4,B006ROJIR4,4.0,1335312000
A17E3NBADNTI3X,B006ROJIR4,2.0,1355616000
A2RW587355CMVA,B006ROJIUG,5.0,1336694400
A1WP940JZL83T7,B006ROJIUG,4.0,1335916800
A2LAS014NSRW72,B006ROJIUG,5.0,1335830400
ANCOMAI0I7LVG,B006ROJIUG,3.0,1338249600
A3AL9NFNWTRV39,B006ROJIUG,5.0,1335398400
AOXMWBNDZDJ9L,B006ROJIUG,5.0,1337212800
A7C77J4MH94B6,B006ROJIUG,4.0,1348704000
ALNFHVS3SC4FV,B006ROJIUG,3.0,1340323200
A1IBKN1GXYJ3K4,B006ROJIUG,5.0,1343260800
A22DRQMROONYOK,B006ROJIUG,5.0,1365811200
A2MVPY9XVYST9H,B006ROJIUG,5.0,1335744000
A83RPS198D04S,B006ROJIUG,5.0,1337731200
A1GBT4UN2RW7XY,B006ROJIUG,5.0,1336694400
A28J8ZFUBAC40Q,B006ROJIUG,3.0,1345075200
AKCZIJ6ZHE41D,B006ROJIUG,3.0,1365120000
A2VRAT69JDAD3W,B006ROJIUG,4.0,1336608000
A33X80DIINN48Y,B006ROJIUG,5.0,1337040000
A2065HBMYDXJ1S,B006ROJIUG,5.0,1337817600
AWH2AY17ZU7W2,B006ROJIUG,4.0,1337644800
A3BKNXX8QFIXIV,B006ROJIUG,4.0,1336003200
A14X244VGHWPSX,B006ROJIUG,4.0,1345680000
A1SB9BNNGKNX2Z,B006ROJIUG,5.0,1336953600
A2H1W8V6R9TJ9E,B006ROJIUG,5.0,1337644800
A8KM4YOB8FGGH,B006ROJIUG,4.0,1337126400
A3U41ZL33SS92P,B006ROJIUG,3.0,1337126400
ASHO96ZB8AL1Z,B006ROJIUG,4.0,1337817600
A2AOZQ3WTNVVOK,B006ROJIUG,3.0,1342224000
A3QEIVO8AB3YMU,B006ROJIUG,5.0,1336176000
A3QD7VWBD470D2,B006ROJIUG,5.0,1337731200
AK1WNXTHNCG5V,B006ROJIUG,5.0,1336608000
A2YV6F6DLENNTM,B006ROJIUG,5.0,1337212800
A231LBC8EGPO5L,B006ROJIUG,5.0,1336608000
A1FXY0GUFHEI59,B006ROJIUG,4.0,1335312000
APPCJX62WKIIP,B006ROJIUG,5.0,1340841600
A30QAOLNZ4415R,B006ROJIUG,4.0,1338940800
A32QWD5DEY4LDU,B006ROJIUG,4.0,1336694400
A39D7ONPOORMUT,B006ROJIUG,5.0,1338163200
A2D4FQHV506EPB,B006ROJJ2I,5.0,1354924800
A1W415JP5WEAJK,B006ROJJ2I,5.0,1353974400
AD0WUBKBO21KK,B006ROJJ2I,5.0,1355875200
A1QG13XG3EO2CX,B006ROJJ2I,5.0,1353024000
A1BVFLQ89LAI0K,B006ROJJ2I,4.0,1349913600
A2TXMYYGSZCSZ1,B006ROJJ2I,5.0,1354752000
A1T8N18XKDLJO4,B006ROJJ2I,4.0,1358294400
A2CNGARED6OWWU,B006ROJJ2I,5.0,1355529600
A3OXRFCJI67IMN,B006ROJJ2I,4.0,1353888000
A3OXHLG6DIBRW8,B006ROJJ2I,5.0,1353542400
A1FDV3WPOHREY9,B006ROJJ2I,5.0,1363910400
A5K3CK2PWYQ7O,B006ROJJ2I,4.0,1353110400
A2503LT8PZIHAD,B006ROJJ2I,5.0,1353715200
A336FE20YZZL3A,B006ROJJ2I,5.0,1358380800
A3M1PLEYNDEYO8,B006ROJJ2I,5.0,1351555200
A2P739KOM4U5JB,B006ROJJ2I,5.0,1354492800
A29JUMRL1US6YP,B006ROJJ2I,5.0,1350518400
A27X7XXOKMK879,B006ROJJ2I,4.0,1349568000
A1VYFEJM12ZP11,B006ROJJ2I,4.0,1356393600
A1SB9BNNGKNX2Z,B006ROJJ2I,5.0,1354579200
A1NQK5MH9GTJ6S,B006ROJJ2I,5.0,1349913600
A8KM4YOB8FGGH,B006ROJJ2I,5.0,1348617600
A34CSXOGVYF94S,B006ROJJ2I,5.0,1353456000
A3T8WOFS5RD2IR,B006ROJJ2I,5.0,1352332800
A3VI2VETB90ZG5,B006ROJJ2I,4.0,1355875200
A2PM5Z249OVPEN,B006ROJJ2I,5.0,1350777600
A1FWFCJU2G7TRA,B006ROJJ2I,5.0,1349395200
ARARUVZ8RUF5T,B006ROJJ2I,5.0,1351728000
A2VYA302TO2K1C,B006ROJJ2I,4.0,1350432000
A3FMPT5IH0CJ50,B006ROJJ2I,5.0,1352419200
A9NXTC0HTPSDO,B006ROJJ2I,5.0,1356566400
A2V98TS4QDDCG9,B006ROJJ2I,4.0,1349827200
A35Y0RSU09ANEN,B006ROJJ2I,4.0,1351123200
A1VABWDOUQLULZ,B006ROJJ2I,4.0,1349740800
A3NEAETOSXDBOM,B006ROJJ2I,4.0,1349136000
ABYLSNI0MGXZB,B006ROJJ2I,5.0,1351900800
A1KMG1AIUS00DC,B006ROJJ2I,4.0,1351987200
A1UKA7HUAQAMY,B006ROJJCS,5.0,1350518400
AD0WUBKBO21KK,B006ROJJCS,5.0,1350604800
A2TXMYYGSZCSZ1,B006ROJJCS,5.0,1351728000
A1FDV3WPOHREY9,B006ROJJCS,5.0,1353196800
A25CZCHLNH3OMO,B006ROJJCS,5.0,1353542400
A2PU5IDX61XJ7A,B006ROJJCS,5.0,1352678400
AR33KU52LIBF1,B006ROJJCS,5.0,1352764800
A2974R9BTPZPOJ,B006ROJJCS,5.0,1355270400
A5K3CK2PWYQ7O,B006ROJJCS,5.0,1350518400
A3USZS8Q4GOKGE,B006ROJJCS,5.0,1349308800
A397CWU6DM3O5G,B006ROJJCS,5.0,1349222400
AAWUXA65NDMYM,B006ROJJCS,5.0,1364774400
A29JUMRL1US6YP,B006ROJJCS,5.0,1350518400
A9NFFAZF3LIB2,B006ROJJCS,5.0,1352073600
A3T8WOFS5RD2IR,B006ROJJCS,5.0,1354924800
A3T7XVG3AXJF61,B006ROJJCS,5.0,1368576000
A2VYA302TO2K1C,B006ROJJCS,4.0,1350432000
A1GHZY5ZMRVN8Q,B006ROJJCS,5.0,1352678400
A3C1QYGEET3BVY,B006ROJJCS,5.0,1351555200
A1R8TTMXVXEI6H,B006ROJJCS,5.0,1350518400
A2OOZZDSOHG4UY,B006ROJJCS,5.0,1354060800
A2BZ16RKE13PKV,B006ROJJCS,4.0,1352937600
A3JEPPCGV55FAQ,B006ROJJCS,5.0,1353283200
A3NEAETOSXDBOM,B006ROJJCS,4.0,1349308800
ACAXV4V8PBCE3,B006ROJJCS,5.0,1355011200
A1UKA7HUAQAMY,B006ROJJE6,5.0,1355875200
A2RIAXGSBP65BJ,B006ROJJE6,4.0,1366070400
AD0WUBKBO21KK,B006ROJJE6,5.0,1355875200
A1DRKVXO300RUE,B006ROJJE6,4.0,1353283200
A36BQWQPYU6FRM,B006ROJJE6,4.0,1354492800
A3KPJ1MOGTZVGC,B006ROJJE6,5.0,1357171200
A2RX62V4E2BF5Z,B006ROJJE6,5.0,1358899200
A11OTLEDSW8ZXD,B006ROJJE6,4.0,1358985600
A3OXHLG6DIBRW8,B006ROJJE6,5.0,1358812800
A1FDV3WPOHREY9,B006ROJJE6,5.0,1354665600
AKHFY3VCNZL2W,B006ROJJE6,5.0,1353715200
ACJT8MUC0LRF0,B006ROJJE6,5.0,1358899200
A2974R9BTPZPOJ,B006ROJJE6,4.0,1355270400
A5K3CK2PWYQ7O,B006ROJJE6,4.0,1355011200
A31HE83MU98GBV,B006ROJJE6,5.0,1355702400
A1BKJNAWJT2TG2,B006ROJJE6,4.0,1357862400
A1M5ZT35YX6TIN,B006ROJJE6,5.0,1361145600
A9NFFAZF3LIB2,B006ROJJE6,5.0,1357430400
A24RCBRDXRXR0Y,B006ROJJE6,5.0,1358985600
A1SB9BNNGKNX2Z,B006ROJJE6,5.0,1361923200
A1F5O1USOUOOXI,B006ROJJE6,5.0,1359849600
A3VI2VETB90ZG5,B006ROJJE6,5.0,1360195200
A1EMN4T3ROJDOO,B006ROJJE6,4.0,1354147200
A1NRMTQ5SZPZA,B006ROJJE6,4.0,1360713600
A2QETZZ5EKH5RQ,B006ROJJE6,4.0,1357344000
ARARUVZ8RUF5T,B006ROJJE6,5.0,1359244800
A267FU71Z01CIH,B006ROJJE6,4.0,1358899200
A2VYA302TO2K1C,B006ROJJE6,5.0,1355270400
A1BAJ6JXU8PSZH,B006ROJJE6,5.0,1356652800
A226GFM0Q9L37H,B006ROJJE6,5.0,1359072000
A1KI3173CO6TK2,B006ROJJE6,3.0,1358899200
A8IF4ZBZRY86C,B006ROJJE6,5.0,1357084800
AAA0TUKS5VBSA,B006ROJJE6,4.0,1359331200
AT28RL25Q2OLK,B006ROJJE6,5.0,1354233600
AC04O7AYHEKJ5,B006ROJJE6,4.0,1355356800
AYNTULRNAIPNY,B006ROJJE6,4.0,1362009600
A2BZ16RKE13PKV,B006ROJJE6,4.0,1358899200
A14RYRR7ETV3UY,B006ROJJE6,5.0,1356998400
A13Z96HR8EEF24,B006ROJJE6,4.0,1358899200
A2H667ZUNLNTF1,B006ROJJE6,5.0,1354233600
A2V92F5R7MLCVI,B006ROJJE6,4.0,1359072000
A3LMPD1ZQTWOC4,B006ROJLFI,5.0,1342656000
A3TNM3C9ENUCFW,B006ROJLFI,4.0,1341446400
A318IDAWJ9ZYAY,B006ROJLFI,5.0,1345075200
AJ2FDNZ3COBFN,B006ROJLFI,5.0,1342483200
A1FK6IQ111SJDR,B006ROJLFI,5.0,1340928000
A2PU5IDX61XJ7A,B006ROJLFI,5.0,1344643200
A2OJCTT5WLB2HR,B006ROJLFI,5.0,1345075200
A3CN9CCJUNIPKT,B006ROJLFI,5.0,1342224000
ASLHDTUUMOH7F,B006ROJLFI,5.0,1344038400
A3M1PLEYNDEYO8,B006ROJLFI,5.0,1344211200
A1KGWUYXUBEMB2,B006ROJLFI,5.0,1349308800
A22VNXHU6IZ5MT,B006ROJLFI,5.0,1345680000
AO2AQRPPSTABB,B006ROJLFI,5.0,1345161600
A2OY6P98P87047,B006ROJLFI,5.0,1342310400
AX7QMRXX81L9K,B006ROJLFI,5.0,1340841600
A35LT14WG5BX0T,B006ROJLFI,5.0,1355961600
A1IAQIZSXONWVU,B006ROJLFI,5.0,1348099200
AXR3CV6A4FMBG,B006ROJLFI,5.0,1343174400
AY3EENC2BGTGK,B006ROJLFI,4.0,1343779200
ADYZOSTF9LZLD,B006ROJLFI,4.0,1344729600
A3DGJMO6VPG6FJ,B006ROJLFI,4.0,1343260800
A20L63B48RPSOH,B006ROJLFI,5.0,1348012800
AYWHCM0TJ4737,B006ROJLSU,5.0,1357516800
AW5JSQCHC2ZJO,B006ROJLSU,5.0,1356566400
A1BXVZSQOJE6UE,B006ROJLSU,5.0,1350345600
A3USZS8Q4GOKGE,B006ROJLSU,4.0,1352505600
A2MOD50IHEDH3G,B006ROJLSU,5.0,1349049600
A27X7XXOKMK879,B006ROJLSU,5.0,1356739200
A22VNXHU6IZ5MT,B006ROJLSU,5.0,1350518400
A2SDRCBPIAXVDW,B006ROJLSU,5.0,1350518400
A37R3P5JFNQG8S,B006ROJLSU,5.0,1350172800
A29534U2P9CLNR,B006ROJLSU,5.0,1352937600
A1IAQIZSXONWVU,B006ROJLSU,5.0,1350604800
A3GMVCTJTHYG1F,B006ROJLSU,5.0,1352851200
A2B3A8NQIHITO8,B006ROJLSU,5.0,1354320000
A8QYRG7TW491B,B006ROJLSU,4.0,1353369600
A20L63B48RPSOH,B006ROJLSU,5.0,1355011200
A1UKA7HUAQAMY,B006ROJLT4,5.0,1342742400
A1BVFLQ89LAI0K,B006ROJLT4,3.0,1340236800
AYWHCM0TJ4737,B006ROJLT4,5.0,1340236800
AW5JSQCHC2ZJO,B006ROJLT4,5.0,1356566400
A1BHSP8TPTH8Y5,B006ROJLT4,4.0,1339545600
A1FK6IQ111SJDR,B006ROJLT4,5.0,1338508800
A3VJ27010XUWTF,B006ROJLT4,5.0,1338163200
AR33KU52LIBF1,B006ROJLT4,5.0,1340841600
A3GS7OZXUEW48R,B006ROJLT4,5.0,1340668800
ATS2855497V0I,B006ROJLT4,4.0,1338854400
AL4SB31UAZLXL,B006ROJLT4,5.0,1346630400
A1WKEAS58297E5,B006ROJLT4,3.0,1343260800
AX7QMRXX81L9K,B006ROJLT4,5.0,1339718400
A2WVF9ZQ068DN0,B006ROJLT4,5.0,1340150400
A2KQT4D0OZR569,B006ROJLT4,5.0,1342483200
A23TGI02RB7JC,B006ROJLT4,5.0,1350864000
A186697K4XKXQL,B006ROJLT4,5.0,1340236800
AY3EENC2BGTGK,B006ROJLT4,5.0,1338681600
A3H0ZQ74ITU83J,B006ROJLT4,5.0,1342656000
A25C5MVVCIYT5D,B006ROJLT4,5.0,1341619200
A3CHIF3EHXCLA5,B006ROJLT4,4.0,1340582400
ASY25YMTIC2A9,B006ROJLT4,5.0,1342569600
A19DW3VKM5KKYB,B006ROJLT4,3.0,1340236800
A1C139F5C7Y38P,B006ROJLT4,4.0,1339286400
A2YEOR4XJ8N3QE,B006ROJLT4,5.0,1338422400
A30Z0GG96D11EO,B006ROJLT4,5.0,1343174400
AYWHCM0TJ4737,B006ROJM2K,5.0,1357516800
AC4XV78EJG1QB,B006ROJM2K,5.0,1354147200
A30H2335OM7RD6,B006ROJM2K,5.0,1349481600
A2ZPZM9RE08JXF,B006ROJM2K,5.0,1350432000
A1U7LS93I03MFW,B006ROJM2K,4.0,1355184000
A31YSTICHFYN7O,B006ROJM2K,4.0,1365379200
A1BXVZSQOJE6UE,B006ROJM2K,5.0,1350345600
A22VNXHU6IZ5MT,B006ROJM2K,5.0,1350518400
A167KPMW1NBZJW,B006ROJM2K,5.0,1352160000
A1BAJ6JXU8PSZH,B006ROJM2K,4.0,1349568000
A1IAQIZSXONWVU,B006ROJM2K,5.0,1358380800
A398R165PXFOSS,B006ROJM2K,4.0,1351900800
A3K8AU6BAGN60E,B006ROJM2K,5.0,1350259200
A2A4M3EDEUKG3L,B006ROJM2K,4.0,1352246400
A33PVCHCQ2BTN0,B006ROJM2K,5.0,1350172800
A1NKKF4W2LHF6M,B006ROJM2U,4.0,1344384000
A1FK6IQ111SJDR,B006ROJM2U,5.0,1340928000
A3VJ27010XUWTF,B006ROJM2U,5.0,1341187200
A2OJCTT5WLB2HR,B006ROJM2U,5.0,1345075200
A3CN9CCJUNIPKT,B006ROJM2U,5.0,1346457600
A167KPMW1NBZJW,B006ROJM2U,5.0,1344470400
A3C9YGB4H90PDE,B006ROJM2U,4.0,1342656000
A38H4XCCPLRF93,B006ROJM2U,5.0,1341619200
A3QDDEW6RXVEAY,B006ROJM2U,5.0,1346025600
A26SO3TOT2TLJE,B006ROJM2U,5.0,1344729600
A35NOFKHK8P2LU,B006ROJM2U,5.0,1344297600
A19JGPUJAX048H,B006ROJM2U,5.0,1342483200
A25C5MVVCIYT5D,B006ROJM2U,4.0,1344902400
A2B3A8NQIHITO8,B006ROJM2U,5.0,1342396800
A1RF9YK4BK5TRH,B006ROJM2U,4.0,1342483200
A9XX8OHS2ZQ2X,B006ROJM2U,5.0,1341446400
A16QODENBJVUI1,B006ROJM2U,5.0,1345075200
A13Z96HR8EEF24,B006ROJM2U,4.0,1341273600
A16YU3GRGCD95S,B006ROJM2U,5.0,1344816000
A3D5B2CBFNJB0K,B006ROJM2U,5.0,1345420800
A3DGJMO6VPG6FJ,B006ROJM2U,4.0,1343260800
A2PD27UKAD3Q00,B006ROJM2U,5.0,1345593600
A914TQVHI872U,B006ROJNP6,5.0,1339027200
A1RTSVWEXMKAR1,B006ROJNP6,5.0,1345680000
A1U7LS93I03MFW,B006ROJNP6,4.0,1340236800
ARNEUO7BF3J55,B006ROJNP6,5.0,1339459200
A2UBSGFCP2QFNV,B006ROJNP6,5.0,1340236800
A2LO1YE4Q0N4F,B006ROJNP6,5.0,1343260800
A1ZPY91VE3IDN1,B006ROJNP6,5.0,1338422400
A1EVV74UQYVKRY,B006ROJNP6,5.0,1340150400
A38H4XCCPLRF93,B006ROJNP6,5.0,1338249600
AR3EVUQF0AC7R,B006ROJNP6,4.0,1340236800
ALGI34BYWIXZG,B006ROJNP6,5.0,1356048000
AS7SB0A3QKVQV,B006ROJNP6,5.0,1338422400
A19YOYY7FLQMA6,B006ROJNP6,5.0,1338422400
A2PD27UKAD3Q00,B006ROJNP6,5.0,1340150400
A1ZGXZW37JEZWH,B006ROJP5O,5.0,1350432000
A3VJ27010XUWTF,B006ROJP5O,5.0,1351555200
A3CN9CCJUNIPKT,B006ROJP5O,5.0,1362182400
A1TS45JWJVOSSW,B006ROJP5O,4.0,1351296000
ARNEUO7BF3J55,B006ROJP5O,5.0,1350345600
A3BAE79NXFDXGV,B006ROJP5O,5.0,1350345600
A4SD8F79JBYG2,B006ROJP5O,5.0,1352937600
A1J6B00Z1D6PS4,B006ROJP5O,5.0,1355529600
A2VH0UT5EQFB6P,B006ROJP5O,5.0,1349049600
A16QODENBJVUI1,B006ROJP5O,5.0,1352937600
A112EC059ZZTJF,B006ROJP5O,5.0,1350259200
AVHN134ADVP4R,B006ROJP7M,5.0,1350518400
A1U7LS93I03MFW,B006ROJP7M,5.0,1345507200
A10ZBR6O8S8OCY,B006ROJP7M,5.0,1342656000
A10Z8FC0SMU5VQ,B006ROJP7M,5.0,1342224000
AJX9A4Q19UTJU,B006ROJP7M,5.0,1342483200
A2DG63DN704LOI,B006ROJP7M,5.0,1342396800
A3PJZ8TU8FDQ1K,B006ROJP7M,5.0,1352937600
A1EVV74UQYVKRY,B006ROJP7M,5.0,1341705600
A35NOFKHK8P2LU,B006ROJP7M,5.0,1341014400
A1KI3173CO6TK2,B006ROJP7M,4.0,1348444800
A24ZMNWTW8AQUR,B006ROJP7M,4.0,1341878400
A2PNTEDGMOLMOY,B006ROJP7M,5.0,1342137600
ARIDN94LOCQFD,B006ROJP7M,5.0,1341446400
A11EXFO14WEJM1,B006ROJP7M,5.0,1342396800
A1ITRGMT80D5TK,B006ROJP7M,5.0,1341792000
AY6A8KPYCE6B0,B006ROJP7M,5.0,1342051200
A3U52V5ZAHZZKU,B006ROJP7M,5.0,1343088000
A3UJRNI8UR4871,B006ROJP7M,5.0,1341792000
A1UKA7HUAQAMY,B006ROJPD6,4.0,1340582400
A1BVFLQ89LAI0K,B006ROJPD6,5.0,1335830400
A18FUHNBP90IB4,B006ROJPD6,3.0,1337212800
AJ2FDNZ3COBFN,B006ROJPD6,5.0,1337644800
A1FK6IQ111SJDR,B006ROJPD6,5.0,1337212800
A353U0L2HAMSHV,B006ROJPD6,5.0,1336435200
ATQ22E6YAUNXP,B006ROJPD6,5.0,1335398400
A10Z8FC0SMU5VQ,B006ROJPD6,5.0,1335312000
A2BN9DIBP9A0XG,B006ROJPD6,5.0,1335312000
A2TTHN1UMO82VY,B006ROJPD6,5.0,1365379200
A375NF45A1MDWI,B006ROJPD6,4.0,1353196800
AO2AQRPPSTABB,B006ROJPD6,5.0,1337299200
AYB4ELCS5AM8P,B006ROJPD6,5.0,1335312000
A1J6B00Z1D6PS4,B006ROJPD6,5.0,1355529600
A28FJ93TJSSQS4,B006ROJPD6,5.0,1336003200
A1C7Y31S5QXNTR,B006ROJPD6,5.0,1335225600
A35NOFKHK8P2LU,B006ROJPD6,4.0,1335830400
ATECU14VUIOJ0,B006ROJPD6,5.0,1335225600
A16QODENBJVUI1,B006ROJPD6,5.0,1337126400
A24ZMNWTW8AQUR,B006ROJPD6,5.0,1336348800
A2PNTEDGMOLMOY,B006ROJPD6,5.0,1335312000
A1ITRGMT80D5TK,B006ROJPD6,5.0,1337558400
AY6A8KPYCE6B0,B006ROJPD6,5.0,1337040000
A2IG937LQKWO7C,B006ROJQR6,5.0,1350518400
A2OMQEK9OW2FY6,B006ROJQR6,5.0,1355616000
A2IFKH3TJ10387,B006ROJQR6,5.0,1350518400
A2PU5IDX61XJ7A,B006ROJQR6,5.0,1351123200
A3MEMX0XF00TBD,B006ROJQR6,5.0,1351641600
A2FWZ58M6IQMD7,B006ROJQR6,5.0,1350259200
A1KSNK256G46GX,B006ROJQR6,5.0,1349481600
A2E4R7YISIM4QM,B006ROJQR6,5.0,1348531200
A194K60CWZ371J,B006ROJQR6,5.0,1352073600
A375NF45A1MDWI,B006ROJQR6,4.0,1349308800
A2TVH2OBNXYXHV,B006ROJQR6,2.0,1365206400
AAWUXA65NDMYM,B006ROJQR6,5.0,1348272000
A2FVD05Z2FYW1P,B006ROJQR6,5.0,1352937600
A19WEEGB05YAZ3,B006ROJQR6,5.0,1349308800
A1FWFCJU2G7TRA,B006ROJQR6,5.0,1348704000
A2VYA302TO2K1C,B006ROJQR6,4.0,1350432000
A2RHV42BTJSVON,B006ROJQR6,5.0,1350345600
A35LT14WG5BX0T,B006ROJQR6,4.0,1353196800
A8IF4ZBZRY86C,B006ROJQR6,5.0,1348617600
A3M2O06MCHJG18,B006ROJQR6,4.0,1361923200
A2YV6F6DLENNTM,B006ROJQR6,5.0,1352419200
A1RDHBBZE1NPS3,B006ROJQR6,4.0,1350518400
A3PIW7ZF4C5ZJL,B006ROJQR6,3.0,1350777600
A2OOZZDSOHG4UY,B006ROJQR6,4.0,1351123200
AB0TLNLNOAGY4,B006ROJQR6,4.0,1366243200
AV1F8VNJPLPTL,B006ROJQR6,5.0,1350432000
A2WFZWRYWLC20S,B006ROJQR6,5.0,1350432000
A19JDXB5R33C7R,B006ROJQR6,5.0,1349049600
A2RIAXGSBP65BJ,B006ROJQRG,4.0,1338595200
AL3MFYSK9HKCL,B006ROJQRG,4.0,1354060800
A2AYYKD4OODSLY,B006ROJQRG,5.0,1339113600
AW5JSQCHC2ZJO,B006ROJQRG,5.0,1342656000
A2IG937LQKWO7C,B006ROJQRG,5.0,1340841600
A2HC9549CZAKNN,B006ROJQRG,5.0,1338768000
A1NOBRCN20NGD5,B006ROJQRG,5.0,1341532800
A3G2PUQ455XMXJ,B006ROJQRG,5.0,1338508800
A2BN9DIBP9A0XG,B006ROJQRG,5.0,1338422400
A5K3CK2PWYQ7O,B006ROJQRG,4.0,1339891200
A83RPS198D04S,B006ROJQRG,4.0,1338681600
A3B9C6MZAFC1JX,B006ROJQRG,5.0,1338595200
A3GMRYV7VAYK5Q,B006ROJQRG,5.0,1338854400
AAWUXA65NDMYM,B006ROJQRG,5.0,1339200000
A1M5ZT35YX6TIN,B006ROJQRG,5.0,1339632000
A1KGWUYXUBEMB2,B006ROJQRG,4.0,1338681600
A14DNCG5WHM86Z,B006ROJQRG,4.0,1340236800
A1C4J5MRES1KRK,B006ROJQRG,5.0,1338249600
AJ3K3HKR9UFVN,B006ROJQRG,5.0,1342137600
A3QCC7PV6EG4YC,B006ROJQRG,3.0,1342656000
A1FWFCJU2G7TRA,B006ROJQRG,5.0,1338422400
A3T7XVG3AXJF61,B006ROJQRG,5.0,1342742400
A1QT3N5FUQ4I47,B006ROJQRG,5.0,1347494400
A2VYA302TO2K1C,B006ROJQRG,5.0,1341014400
A3RYSRBRTZB0JD,B006ROJQRG,5.0,1339027200
A3212H6SF9W1LV,B006ROJQRG,4.0,1340236800
A2JKM8KF3296CW,B006ROJQRG,5.0,1338595200
A3415H58HNGQFV,B006ROJQRG,4.0,1340236800
A231LBC8EGPO5L,B006ROJQRG,5.0,1338768000
A2JVBJUU2DL0WA,B006ROJQRG,4.0,1342569600
A35Y0RSU09ANEN,B006ROJQRG,5.0,1348012800
A1NC9AGZOBI0M1,B006ROJQRG,4.0,1342483200
A2ULQOGN59LDNK,B006ROJQRG,5.0,1338854400
A527VID8R4K67,B006ROJQRG,4.0,1340236800
A19GJX6TTSK0C0,B006ROJQRG,3.0,1338336000
ARIDN94LOCQFD,B006ROJQRG,5.0,1338508800
ATLZNVLYKP9AZ,B006ROJQRG,5.0,1358208000
AFYQ9V4XBVCJ1,B006ROJQRG,5.0,1338508800
A2H667ZUNLNTF1,B006ROJQRG,5.0,1339372800
A2DURJRPTPKUZS,B006ROJQRQ,3.0,1342569600
A1WP940JZL83T7,B006ROJQRQ,5.0,1341964800
A2AYYKD4OODSLY,B006ROJQRQ,5.0,1341964800
A3LWC833HQIG7J,B006ROJQRQ,4.0,1342569600
AFTFND8CPQ34M,B006ROJQRQ,5.0,1345075200
A2HC9549CZAKNN,B006ROJQRQ,5.0,1342656000
A2XYH8IHILWW7X,B006ROJQRQ,4.0,1341619200
A1FDV3WPOHREY9,B006ROJQRQ,4.0,1344729600
AKHFY3VCNZL2W,B006ROJQRQ,3.0,1344556800
A3G2PUQ455XMXJ,B006ROJQRQ,5.0,1342656000
A2FWZ58M6IQMD7,B006ROJQRQ,4.0,1342483200
A2974R9BTPZPOJ,B006ROJQRQ,4.0,1342569600
A375NF45A1MDWI,B006ROJQRQ,4.0,1341360000
A83RPS198D04S,B006ROJQRQ,4.0,1341792000
ATJE929ETFFNH,B006ROJQRQ,5.0,1342483200
A2AF0NOCM71J0B,B006ROJQRQ,4.0,1343088000
A336FE20YZZL3A,B006ROJQRQ,5.0,1342224000
AAWUXA65NDMYM,B006ROJQRQ,4.0,1348272000
A1C4J5MRES1KRK,B006ROJQRQ,4.0,1341187200
A30UIZJMFL9PLT,B006ROJQRQ,4.0,1352937600
AJ3K3HKR9UFVN,B006ROJQRQ,5.0,1341187200
A1NQK5MH9GTJ6S,B006ROJQRQ,4.0,1341187200
A5H8NA5CJ0FK4,B006ROJQRQ,3.0,1340841600
A2VYA302TO2K1C,B006ROJQRQ,4.0,1341014400
A1FJFLAAQD5WH2,B006ROJQRQ,5.0,1343088000
A3M2O06MCHJG18,B006ROJQRQ,4.0,1342396800
A1Z7Y2GMAP9SRY,B006ROJQRQ,4.0,1343260800
A17C7XZHFOS12W,B006ROJQRQ,5.0,1343088000
AYNTULRNAIPNY,B006ROJQRQ,4.0,1345680000
A1FXY0GUFHEI59,B006ROJQRQ,4.0,1340668800
A2MG95DI29NJTJ,B006ROJQRQ,4.0,1342310400
AB0TLNLNOAGY4,B006ROJQRQ,4.0,1341532800
A14RYRR7ETV3UY,B006ROJQRQ,4.0,1341619200
AFYQ9V4XBVCJ1,B006ROJQRQ,3.0,1340755200
ACR4HKUT808U1,B006ROJQRQ,5.0,1341014400
A1WP940JZL83T7,B006ROJQTE,5.0,1338249600
A1K84GJLQWFIQ7,B006ROJQTE,4.0,1357603200
A1II2ZRPKZAQQD,B006ROJQTE,4.0,1338336000
A2FWZ58M6IQMD7,B006ROJQTE,5.0,1339718400
A2974R9BTPZPOJ,B006ROJQTE,5.0,1340150400
A1KSNK256G46GX,B006ROJQTE,5.0,1343433600
A2E4R7YISIM4QM,B006ROJQTE,5.0,1340755200
A28IIVKXOE1ATF,B006ROJQTE,4.0,1339027200
A10YWQ4AAAE29O,B006ROJQTE,4.0,1338508800
AZ515FFZ7I2P7,B006ROJQTE,4.0,1342483200
A14X244VGHWPSX,B006ROJQTE,4.0,1340928000
A26EQ8U96JA92T,B006ROJQTE,5.0,1340928000
AYNRALJ4X1COS,B006ROJQTE,5.0,1341705600
A3HAA7H8PBVM78,B006ROJQTE,4.0,1338854400
A2RKI7RPP5CJMG,B006ROJQTE,5.0,1341446400
A3T7XVG3AXJF61,B006ROJQTE,5.0,1339545600
A1QT3N5FUQ4I47,B006ROJQTE,5.0,1340064000
A2ECM9HLMC242H,B006ROJQTE,4.0,1342656000
A23TGI02RB7JC,B006ROJQTE,5.0,1342656000
A26BDXG9KVH7SU,B006ROJQTE,4.0,1339718400
AGEKVD8JPZQMT,B006ROJQTE,4.0,1338595200
A3FWVV13DJELLV,B006ROJQTE,4.0,1339804800
AK1WNXTHNCG5V,B006ROJQTE,5.0,1338422400
A2JKM8KF3296CW,B006ROJQTE,5.0,1338595200
A1E55W6ES0FY17,B006ROJQTE,5.0,1348099200
AX7317G153T8W,B006ROJQTE,4.0,1340236800
A1FXY0GUFHEI59,B006ROJQTE,5.0,1338940800
A2XSY4L7GDHV4W,B006ROJQTE,5.0,1338595200
A1E5WXNTI7EO2A,B006ROJQTE,4.0,1348704000
AUCXT9K30SHYF,B006ROJQTE,4.0,1338595200
A2YQ2ZI65F37N8,B006ROJQTE,5.0,1339459200
A32QWD5DEY4LDU,B006ROJQTE,5.0,1337990400
A3EK2KTYHJCPB9,B006ROJQZS,4.0,1358899200
A2XYH8IHILWW7X,B006ROJQZS,4.0,1358380800
A2RX62V4E2BF5Z,B006ROJQZS,4.0,1358899200
A11OTLEDSW8ZXD,B006ROJQZS,5.0,1359417600
A1X3ESYZ79H59E,B006ROJQZS,5.0,1359504000
A3OXHLG6DIBRW8,B006ROJQZS,5.0,1358812800
A1FDV3WPOHREY9,B006ROJQZS,5.0,1354665600
ACJT8MUC0LRF0,B006ROJQZS,5.0,1358899200
A2IMZNPSJGB2HQ,B006ROJQZS,4.0,1357516800
A3M1PLEYNDEYO8,B006ROJQZS,5.0,1354924800
A2P739KOM4U5JB,B006ROJQZS,5.0,1358899200
A1M5ZT35YX6TIN,B006ROJQZS,5.0,1361145600
AR5SY32T76DBM,B006ROJQZS,4.0,1355875200
A2MOD50IHEDH3G,B006ROJQZS,5.0,1359244800
AYNNJ0DBGL5H7,B006ROJQZS,5.0,1361318400
A26OPNLJ0JYHPH,B006ROJQZS,4.0,1357084800
A24RCBRDXRXR0Y,B006ROJQZS,5.0,1358899200
A1C4J5MRES1KRK,B006ROJQZS,5.0,1357171200
A3T8WOFS5RD2IR,B006ROJQZS,5.0,1354233600
A1Y5ERIKQBEMSP,B006ROJQZS,5.0,1358208000
A3VI2VETB90ZG5,B006ROJQZS,4.0,1359417600
A19WEEGB05YAZ3,B006ROJQZS,5.0,1353628800
A1NRMTQ5SZPZA,B006ROJQZS,5.0,1360713600
A1ZGHA3IJV01BK,B006ROJQZS,5.0,1357603200
A2VYA302TO2K1C,B006ROJQZS,5.0,1355270400
A36EW68H08UOCS,B006ROJQZS,5.0,1355097600
A3M2O06MCHJG18,B006ROJQZS,4.0,1358380800
A3QEIVO8AB3YMU,B006ROJQZS,5.0,1358899200
ALDV8DDZWWPYE,B006ROJQZS,5.0,1357516800
AAA0TUKS5VBSA,B006ROJQZS,4.0,1359763200
A199FRO0YFMGED,B006ROJQZS,5.0,1363824000
ARPB88E6F2MFR,B006ROJQZS,4.0,1358812800
A12E0Y0J6584RT,B006ROJQZS,5.0,1354752000
A14RYRR7ETV3UY,B006ROJQZS,5.0,1354406400
A13Z96HR8EEF24,B006ROJQZS,4.0,1358812800
A2V92F5R7MLCVI,B006ROJQZS,5.0,1359590400
A2ECTCPBTOGW4H,B006V13Z54,5.0,1368489600
A3JPFWKS83R49V,B006V13Z54,4.0,1361664000
A2RVCF21L2NPU5,B006V13Z54,5.0,1334534400
A36MP37DITBU6F,B006V13Z54,3.0,1361750400
A35IX2GE0VC0JP,B006V13Z54,3.0,1368489600
A3R5GTYQ50QVMD,B006V13Z54,4.0,1360281600
AFHYEO3Y1IIDD,B006V13Z54,3.0,1358985600
A1WSQ0QRWQC7VI,B006V13Z54,1.0,1369267200
A3EZHMGGWY74HY,B006V13Z54,4.0,1361232000
ALGI34BYWIXZG,B006V13Z54,4.0,1366070400
AMKPSJXCQZVW9,B006V13Z54,5.0,1360540800
A12E0Y0J6584RT,B006V13Z54,4.0,1359936000
AXVKMYWNIHK7W,B006V13Z54,5.0,1360886400
A3G7BEJJCPD6DS,B006V13Z54,3.0,1360454400
A1II2ZRPKZAQQD,B006WCN6KQ,4.0,1354233600
A3OXRFCJI67IMN,B006WCN6KQ,4.0,1353888000
ALQY22U9JTNCQ,B006WCN6KQ,4.0,1356566400
A1IBKN1GXYJ3K4,B006WCN6KQ,5.0,1358899200
A15D2X8MICR2VQ,B006WCN6KQ,4.0,1357344000
A8KM4YOB8FGGH,B006WCN6KQ,5.0,1356566400
A2V5R832QCSOMX,B006WCN6KQ,4.0,1364169600
ADFLBRY00Y70G,B006WCN6KQ,4.0,1356048000
AUS5X6IMFLJBD,B006WCN6KQ,4.0,1356652800
APPCJX62WKIIP,B006WCN6KQ,4.0,1356566400
AD34TCPEP7P84,B006WCN6KQ,5.0,1358294400
A3D5B2CBFNJB0K,B006WCN6KQ,4.0,1356566400
A1POFVVXUZR3IQ,B006WCN6KQ,4.0,1353715200
A3IKLTT9JQACCI,B006WCN6XI,5.0,1355616000
A2PFCO5ON4N2UP,B006WCN6XI,4.0,1355356800
A10Z8FC0SMU5VQ,B006WCN6XI,5.0,1353369600
A1V3PCKVCJ3TTZ,B006WCN6XI,3.0,1353456000
A18GJ9MYYO6GCQ,B006WCN6XI,5.0,1353369600
AHQ13I9CI4US6,B006WCN6XI,5.0,1354752000
A2QETZZ5EKH5RQ,B006WCN6XI,4.0,1353456000
A3212H6SF9W1LV,B006WCN6XI,3.0,1358121600
A2YV6F6DLENNTM,B006WCN6XI,3.0,1353456000
A2KWE2ZM1EEBGJ,B006WCN6XI,4.0,1353888000
A3FQZH8PJB535A,B006WCN6XI,3.0,1355875200
A2YQ2ZI65F37N8,B006WCN6XI,5.0,1353628800
A3AL9NFNWTRV39,B006WZLGXW,4.0,1383436800
AAJIGWE242MSN,B006WZLGXW,5.0,1383177600
A1IBKN1GXYJ3K4,B006WZLGXW,5.0,1384992000
A2BN9DIBP9A0XG,B006WZLGXW,4.0,1382227200
A336FE20YZZL3A,B006WZLGXW,5.0,1384214400
A1M5ZT35YX6TIN,B006WZLGXW,5.0,1381881600
A3V6QSTG2T9MIO,B006WZLGXW,5.0,1384992000
AGVDI7RLT24WJ,B006WZLGXW,4.0,1382140800
A3UYBRB74RJFXB,B006WZLGXW,5.0,1383696000
A3Z9QN0RCOHEY,B006WZLGXW,4.0,1381190400
AY1EF0GOH80EK,B006WZLGXW,4.0,1384819200
A3LN4AOPBIUQWR,B006WZLGXW,5.0,1380499200
A2JKM8KF3296CW,B006WZLGXW,5.0,1380326400
A33B3XCIXB4ZVG,B006WZLGXW,4.0,1380758400
A1R1BFJCMWX0Y3,B006WZLGXW,4.0,1381276800
A3FQZH8PJB535A,B006WZLGXW,5.0,1384819200
A1WP940JZL83T7,B006YKE6D2,5.0,1329782400
A2RVCF21L2NPU5,B006YKE6D2,5.0,1332633600
A89ZZKNDFQH23,B006YKE6D2,5.0,1334534400
A15D2X8MICR2VQ,B006YKE6D2,4.0,1333670400
ALRCAGJOJ9583,B006YKE6D2,3.0,1333670400
A2LO1YE4Q0N4F,B006YKE6D2,3.0,1332288000
A1VXIY1511XQK2,B006YKE6D2,4.0,1333324800
A13BX9O5UDBILC,B006YKE6D2,3.0,1366243200
AU1SKSAF00JJH,B006YKE6D2,5.0,1331769600
AONUCJBC85BL,B006YKE6D2,4.0,1331769600
A136LRUR0RDH9J,B006YKE6D2,4.0,1354838400
A2T04VAIXSKJH2,B006YKE6D2,4.0,1366070400
A17M1HL6U2GS7M,B006YKE6D2,4.0,1332720000
A8KJS2P6E5DCB,B006YKE6D2,4.0,1329955200
AFZJNYR931ZCN,B006YKE6D2,4.0,1345248000
A1VLVWTLV3LVHR,B006YKE6D2,3.0,1331510400
A2FS38D943KX12,B006Z0L5OO,5.0,1356566400
A2E4R7YISIM4QM,B006Z0L5OO,5.0,1355702400
A3R5GTYQ50QVMD,B006Z0L5OO,5.0,1351900800
A2V5R832QCSOMX,B006Z0L5OO,5.0,1353369600
AORGKBNQZ83O8,B006Z0L5OO,5.0,1355961600
ALLHJD3KZF9KC,B006Z0L5OO,5.0,1353024000
A22CW0ZHY3NJH8,B006Z0L5OO,5.0,1353283200
A23KACXOE9O9TX,B006Z0L5OO,4.0,1356566400
AD34TCPEP7P84,B006Z0L5OO,5.0,1353369600
A30Z0GG96D11EO,B006Z0L5OO,4.0,1358294400
ADLVFFE4VBT8,B0071V3B3E,2.0,1358294400
A2ME89MSWVG9NF,B0071V3B3E,3.0,1356998400
A277GP2U2TXH51,B0071V3B3E,3.0,1360454400
A3M6KV5PDU46YI,B0071V3B3E,4.0,1360713600
A27H9DOUGY9FOS,B0071V3B3E,3.0,1362528000
A2RHV42BTJSVON,B0071V3B3E,4.0,1357689600
A2IVZ0IEQ1VADB,B0071V3B3E,4.0,1358899200
A3H0ZQ74ITU83J,B0071V3B3E,3.0,1365120000
A231LBC8EGPO5L,B0071V3B3E,4.0,1358553600
A2ZKQC0XCIIAEM,B0071V3B3E,4.0,1357344000
A8QYRG7TW491B,B0071V3B3E,4.0,1356912000
A1ITRGMT80D5TK,B0071V3B3E,2.0,1357689600
AZA55FJD7CCZN,B00757D4V8,3.0,1381968000
ALUV2YKWZENKK,B00757D4V8,3.0,1372291200
A11B61QBGHLQDN,B00757D4V8,4.0,1372723200
A3N27L13CWJ9HY,B00757D4V8,2.0,1372291200
A1DD9MSMEKYOVW,B00757D4V8,5.0,1361577600
A1Y5ERIKQBEMSP,B00757D4V8,3.0,1376524800
A4SD8F79JBYG2,B00757D4V8,2.0,1375056000
AUV3OR951650C,B00757D4V8,2.0,1376870400
A1MAI0TUIM3R2X,B00757D4V8,1.0,1374883200
ATLZNVLYKP9AZ,B00757D4V8,3.0,1376524800
A3R01WHD75L6FG,B00757D4V8,2.0,1373500800
A2ECTCPBTOGW4H,B0075XNGGK,5.0,1384905600
A1QR76SYGTXJN5,B0075XNGGK,5.0,1380153600
ARSQ2F9U315WG,B0075XNGGK,4.0,1383350400
AA460WUKL3BC6,B0075XNGGK,4.0,1387238400
A3KPJ1MOGTZVGC,B0075XNGGK,5.0,1383782400
ATS7LYGLUX34L,B0075XNGGK,4.0,1387238400
A13KNCFLH0IH2G,B0075XNGGK,5.0,1382054400
A2E4R7YISIM4QM,B0075XNGGK,5.0,1386201600
A4EBYIKOMYFF9,B0075XNGGK,5.0,1381968000
A3GS7OZXUEW48R,B0075XNGGK,4.0,1381708800
ADJ0G262H54GP,B0075XNGGK,4.0,1381968000
A3AG5QAT8L0I3R,B0075XNGGK,5.0,1384473600
A34CSXOGVYF94S,B0075XNGGK,5.0,1380326400
A381MT950I6KRL,B0075XNGGK,5.0,1381881600
A3QCC7PV6EG4YC,B0075XNGGK,4.0,1383609600
A19WEEGB05YAZ3,B0075XNGGK,5.0,1383091200
A37R3P5JFNQG8S,B0075XNGGK,4.0,1380412800
A1KLPS6P7UR631,B0075XNGGK,5.0,1383868800
A1FWFCJU2G7TRA,B0075XNGGK,5.0,1380758400
A3T7XVG3AXJF61,B0075XNGGK,5.0,1383523200
A3OIQ3T0OIKY66,B0075XNGGK,5.0,1380412800
A9NXTC0HTPSDO,B0075XNGGK,5.0,1381622400
A1KI3173CO6TK2,B0075XNGGK,5.0,1384128000
A3EZHMGGWY74HY,B0075XNGGK,5.0,1382400000
A1Y32FBX45NCNL,B0075XNGGK,5.0,1382572800
A3Q9HY0LU7MN6E,B0075XNGGK,5.0,1381104000
A1JOANG98KBFKU,B0075XNGGK,5.0,1383091200
A23KACXOE9O9TX,B0075XNGGK,5.0,1380585600
APDPA11IZPYLN,B0075XNGGK,4.0,1384905600
A2XFM8PN6G0B02,B0075XNGGK,5.0,1383523200
AV1F8VNJPLPTL,B0075XNGGK,5.0,1384992000
A208U42GARHSOR,B0075XNGGK,4.0,1383091200
A2NVQZ4Y7Y0J1R,B0075XNGGK,4.0,1385942400
ACR4HKUT808U1,B0075XNGGK,5.0,1380412800
A2ECTCPBTOGW4H,B0077NCEWA,5.0,1351123200
A1WP940JZL83T7,B0077NCEWA,5.0,1346630400
AL3MFYSK9HKCL,B0077NCEWA,4.0,1357344000
A2CNGARED6OWWU,B0077NCEWA,5.0,1348012800
A3AL9NFNWTRV39,B0077NCEWA,4.0,1348099200
A1TR1R2QKWRSRA,B0077NCEWA,4.0,1346803200
A3V5F050GVZ56Q,B0077NCEWA,5.0,1359072000
ARNEUO7BF3J55,B0077NCEWA,5.0,1346025600
AWH2AY17ZU7W2,B0077NCEWA,5.0,1352764800
A3U029B8Z5WGI2,B0077NCEWA,5.0,1345766400
A5H8NA5CJ0FK4,B0077NCEWA,4.0,1351555200
A2V5R832QCSOMX,B0077NCEWA,5.0,1388102400
A17NX7T7DW6KL2,B0077NCEWA,3.0,1354492800
AUV3OR951650C,B0077NCEWA,4.0,1346889600
A1BA72K4VK1UN1,B0077NCEWA,5.0,1350518400
A2TBAUW2W7J538,B0077NCEWA,4.0,1345680000
A1RF9YK4BK5TRH,B0077NCEWA,4.0,1346198400
A2ULQOGN59LDNK,B0077NCEWA,4.0,1356566400
A2UT0FWM1DHKFJ,B0077NCEWA,5.0,1346716800
A33VI944SO2YCN,B0077NCEWA,4.0,1348444800
A2WW57XX2UVLM6,B0077NCEWA,5.0,1346457600
A8KJS2P6E5DCB,B0077NCEWA,4.0,1347580800
A13Z96HR8EEF24,B0077NCEWA,4.0,1346112000
A2GOHBNQ58WOKC,B0077NCEWA,5.0,1345593600
A1XFI340SHOS5K,B0077NCEWA,4.0,1346371200
AERBY54RWPSO9,B0077NCEX4,5.0,1348099200
ACREHLVRC4H5B,B0077NCEX4,4.0,1350864000
A3JPFWKS83R49V,B0077NCEX4,5.0,1346889600
A1UYMXFON06KQ6,B0077NCEX4,4.0,1345507200
A36S5U0QOWMOSX,B0077NCEX4,4.0,1348099200
ATQ22E6YAUNXP,B0077NCEX4,5.0,1349222400
AKJHHD5VEH7VG,B0077NCEX4,5.0,1345593600
A2IMZNPSJGB2HQ,B0077NCEX4,5.0,1346716800
A2TS040W2FW5O,B0077NCEX4,4.0,1348012800
AO2AQRPPSTABB,B0077NCEX4,5.0,1346457600
A3AG5QAT8L0I3R,B0077NCEX4,5.0,1345680000
A3QCC7PV6EG4YC,B0077NCEX4,2.0,1356739200
A34W7QA4J5UTOR,B0077NCEX4,4.0,1346025600
A3NDUBKYPI47N2,B0077NCEX4,4.0,1348012800
A2LXC5ZHHP0WXP,B0077NCEX4,5.0,1345680000
ASHO96ZB8AL1Z,B0077NCEX4,4.0,1347235200
A1UQUDT2Q0YENM,B0077NCEX4,5.0,1368403200
A1ONZ8JRPLBNUI,B0077NCEX4,5.0,1358380800
AGEKVD8JPZQMT,B0077NCEX4,5.0,1346284800
A231LBC8EGPO5L,B0077NCEX4,5.0,1346716800
A1BA72K4VK1UN1,B0077NCEX4,5.0,1348099200
A1AHAETTCFARPJ,B0077NCEX4,4.0,1356480000
A33230MIA3W7G4,B0077NCEX4,4.0,1349913600
AYWHCM0TJ4737,B007ADIBXS,5.0,1346284800
A39Q9G7J70A056,B007ADIBXS,5.0,1352937600
A25CZCHLNH3OMO,B007ADIBXS,4.0,1367798400
A3VJ27010XUWTF,B007ADIBXS,5.0,1344297600
ARNEUO7BF3J55,B007ADIBXS,4.0,1346803200
A5K3CK2PWYQ7O,B007ADIBXS,5.0,1350518400
A35HOUWHAYZZN6,B007ADIBXS,5.0,1344556800
A4SD8F79JBYG2,B007ADIBXS,5.0,1344816000
AONUCJBC85BL,B007ADIBXS,5.0,1345075200
A2V5R832QCSOMX,B007ADIBXS,4.0,1340841600
AY1I85LLDMETC,B007ADIBXS,5.0,1345680000
A2VH0UT5EQFB6P,B007ADIBXS,5.0,1343433600
AT1RF4WNPGGLC,B007ADIBXS,5.0,1342396800
AK1WNXTHNCG5V,B007ADIBXS,5.0,1344816000
A1BVFLQ89LAI0K,B007ADIC82,4.0,1342224000
AD0WUBKBO21KK,B007ADIC82,4.0,1348099200
A3EXW4HNYX7HF5,B007ADIC82,4.0,1347926400
AAH603Y3Y8QL7,B007ADIC82,4.0,1341705600
A2UYWE97KME0M,B007ADIC82,4.0,1343347200
A1FK6IQ111SJDR,B007ADIC82,5.0,1343260800
A1Z54EM24Y40LL,B007ADIC82,5.0,1348963200
A1JTTI1KH3DOCY,B007ADIC82,4.0,1356739200
A2GA2SO3YK6CXI,B007ADIC82,5.0,1341878400
A1DW1FK1H3F2TM,B007ADIC82,5.0,1345075200
AFK893ELKDPY,B007ADIC82,5.0,1342569600
AGJRUK27RBVYS,B007ADIC82,3.0,1342396800
A3T8WOFS5RD2IR,B007ADIC82,4.0,1343952000
A3H5QGH5OD2XGX,B007ADIC82,4.0,1343347200
A2WVF9ZQ068DN0,B007ADIC82,5.0,1341964800
A28FJ93TJSSQS4,B007ADIC82,4.0,1344038400
AY3EENC2BGTGK,B007ADIC82,5.0,1343001600
A3A90CELVLOUP6,B007ADIC82,5.0,1351123200
AUV3OR951650C,B007ADIC82,5.0,1342051200
A1ZZR25X0CNOJX,B007ADIC82,5.0,1340841600
A16YU3GRGCD95S,B007ADIC82,5.0,1342396800
A1ITRGMT80D5TK,B007ADIC82,5.0,1341532800
AG2YXYIQ8TLTA,B007ADICI2,4.0,1361059200
A2UYWE97KME0M,B007ADICI2,4.0,1350518400
A2IFKH3TJ10387,B007ADICI2,4.0,1344988800
A3VJ27010XUWTF,B007ADICI2,5.0,1345334400
ATQ22E6YAUNXP,B007ADICI2,5.0,1345075200
ARNEUO7BF3J55,B007ADICI2,4.0,1344988800
A2DG63DN704LOI,B007ADICI2,5.0,1355184000
ATS2855497V0I,B007ADICI2,4.0,1344124800
AFK893ELKDPY,B007ADICI2,4.0,1342569600
A27X7XXOKMK879,B007ADICI2,4.0,1342656000
AGJRUK27RBVYS,B007ADICI2,3.0,1342396800
A3U029B8Z5WGI2,B007ADICI2,5.0,1340841600
A31AVXMESQRQAC,B007ADICI2,4.0,1341964800
A29534U2P9CLNR,B007ADICI2,5.0,1342828800
A2WVF9ZQ068DN0,B007ADICI2,5.0,1341360000
A1J6B00Z1D6PS4,B007ADICI2,5.0,1355529600
A1KI3173CO6TK2,B007ADICI2,5.0,1356480000
A2068BC3ZXAVJQ,B007ADICI2,5.0,1344988800
AXVKMYWNIHK7W,B007ADICI2,5.0,1349136000
A16YU3GRGCD95S,B007ADICI2,5.0,1342310400
A1ITRGMT80D5TK,B007ADICI2,5.0,1341100800
A914TQVHI872U,B007ADICS2,2.0,1342137600
A1GBT4UN2RW7XY,B007ADICS2,3.0,1353196800
A3BAE79NXFDXGV,B007ADICS2,4.0,1342569600
AONUCJBC85BL,B007ADICS2,5.0,1345075200
A19JGPUJAX048H,B007ADICS2,4.0,1348012800
AG71XMQGQ2UTJ,B007ADICS2,5.0,1345075200
A11EXFO14WEJM1,B007ADICS2,3.0,1344211200
A25QJBK33C4O0R,B007ADICS2,4.0,1341964800
A1KMG1AIUS00DC,B007ADICS2,2.0,1341705600
A2PD27UKAD3Q00,B007ADICS2,4.0,1342483200
A2K75QOCP9ZHSL,B007ADIGRE,2.0,1356825600
A2ZPZM9RE08JXF,B007ADIGRE,5.0,1348617600
A2HC9549CZAKNN,B007ADIGRE,4.0,1349049600
A2AYJJAFNSGSU1,B007ADIGRE,5.0,1348617600
A2CRIQOX1SYA3I,B007ADIGRE,5.0,1349049600
A215WH6RUDUCMP,B007ADIGRE,5.0,1356566400
A1KDM0N4UCEPHA,B007ADIGRE,4.0,1364083200
A23KDA686N6T4Y,B007ADIGRE,5.0,1349568000
A2ZKQC0XCIIAEM,B007ADIGRE,5.0,1348790400
A2WW57XX2UVLM6,B007ADIGRE,4.0,1348272000
A2HHAV29CZ1OIE,B007ADIGRE,4.0,1349049600
A1BMG34CO5CMZ5,B007ADIGVU,3.0,1361318400
A3OXRFCJI67IMN,B007ADIGVU,5.0,1353888000
A2MVPY9XVYST9H,B007ADIGVU,4.0,1353369600
A2IMZNPSJGB2HQ,B007ADIGVU,5.0,1356566400
A1XDMYX8QOW07N,B007ADIGVU,5.0,1355443200
A2UBSGFCP2QFNV,B007ADIGVU,5.0,1358380800
ASLHDTUUMOH7F,B007ADIGVU,5.0,1353715200
A2UEB48LAWFUCW,B007ADIGVU,5.0,1354492800
A2FVD05Z2FYW1P,B007ADIGVU,5.0,1356566400
A2561PYW9TTMYD,B007ADIGVU,5.0,1356566400
AC04O7AYHEKJ5,B007ADIGVU,4.0,1364342400
A112EC059ZZTJF,B007ADIGVU,5.0,1353974400
AXVKMYWNIHK7W,B007ADIGVU,4.0,1355184000
A8QYRG7TW491B,B007ADIGVU,5.0,1354406400
AVHN134ADVP4R,B007AIL1A8,3.0,1380412800
A3U4GW06XNSI2Q,B007AIL1A8,4.0,1380585600
A1H88L8X6HM1BQ,B007AIL1A8,3.0,1382745600
A279A4Y2N1CQ26,B007AIL1A8,2.0,1382054400
AY3D7DG5L5WCK,B007AIL1A8,5.0,1380672000
A336FE20YZZL3A,B007AIL1A8,3.0,1382572800
A3DZFEICHK5LF2,B007AIL1A8,3.0,1382918400
A2CZ98V784SRJ0,B007AIL1A8,5.0,1383091200
A19JGPUJAX048H,B007AIL1A8,3.0,1382227200
A1WSQ0QRWQC7VI,B007AIL1A8,4.0,1384819200
A22CW0ZHY3NJH8,B007AIL1A8,2.0,1380067200
AQ1F3NP2G15S5,B007AIL1A8,2.0,1382313600
A1POFVVXUZR3IQ,B007AIL1A8,2.0,1379980800
ANCOMAI0I7LVG,B007AR4ZA2,3.0,1350172800
A3F2VVIQIY6U64,B007AR4ZA2,3.0,1350518400
AERBY54RWPSO9,B007AR4ZA2,4.0,1350518400
A2HC9549CZAKNN,B007AR4ZA2,5.0,1349049600
A3S5WYWYKSAI9C,B007AR4ZA2,1.0,1349308800
A36MP37DITBU6F,B007AR4ZA2,5.0,1349049600
A3MWP39R0W9TQX,B007AR4ZA2,4.0,1350345600
A2TS040W2FW5O,B007AR4ZA2,3.0,1350432000
AWH2AY17ZU7W2,B007AR4ZA2,4.0,1351036800
A14X244VGHWPSX,B007AR4ZA2,5.0,1362009600
A1IAQIZSXONWVU,B007AR4ZA2,4.0,1358380800
A26BDXG9KVH7SU,B007AR4ZA2,5.0,1350518400
A2V98TS4QDDCG9,B007AR4ZA2,4.0,1349827200
A24ZMNWTW8AQUR,B007AR4ZA2,4.0,1351209600
ADYZOSTF9LZLD,B007AR4ZA2,4.0,1350518400
A1R1BFJCMWX0Y3,B007AR4ZA2,4.0,1349049600
A3UJRNI8UR4871,B007AR4ZA2,5.0,1349740800
AC4XV78EJG1QB,B007B4TEXM,3.0,1349654400
AYUF7YETYOLNX,B007B4TEXM,4.0,1351123200
A2AYJJAFNSGSU1,B007B4TEXM,3.0,1348617600
A1BHSP8TPTH8Y5,B007B4TEXM,4.0,1356739200
A1FK6IQ111SJDR,B007B4TEXM,2.0,1348617600
A1Q08H4B9QGT2N,B007B4TEXM,4.0,1350950400
A2C1Y5F8DE9H6P,B007B4TEXM,2.0,1348704000
AYDC7F9UF6EQX,B007B4TEXM,4.0,1352937600
A33PBU9EHZ28PC,B007B4TEXM,4.0,1354752000
A1SD1C8XK3Z3V1,B007B4TEXM,5.0,1356566400
A3DZFEICHK5LF2,B007B4TEXM,3.0,1354147200
A28OB1QLXN5BM6,B007B4TEXM,2.0,1365552000
A6D07P6DHMXIP,B007B4TEXM,4.0,1348531200
A2CZ98V784SRJ0,B007B4TEXM,5.0,1350432000
A26BDXG9KVH7SU,B007B4TEXM,4.0,1348617600
A2S26YGSVXBCFL,B007B4TEXM,5.0,1357948800
A3TIJLY4VX8CH3,B007B4TEXM,4.0,1350604800
A2IJ54FX1L83WK,B007B4TEXM,5.0,1349740800
A23KACXOE9O9TX,B007B4TEXM,2.0,1348444800
AD34TCPEP7P84,B007B4TEXM,5.0,1353283200
A1W415JP5WEAJK,B007B7LT2S,4.0,1382659200
A16Z2OECAUX8Z4,B007B7LT2S,5.0,1386633600
A2OMQEK9OW2FY6,B007B7LT2S,5.0,1379376000
A2RX62V4E2BF5Z,B007B7LT2S,3.0,1383436800
A1TR1R2QKWRSRA,B007B7LT2S,4.0,1386892800
ACJT8MUC0LRF0,B007B7LT2S,5.0,1382572800
A2LW5AL0KQ9P1M,B007B7LT2S,3.0,1382659200
AMS2CPERWN7JV,B007B7LT2S,5.0,1387238400
A9XMQ24ZKXYSN,B007B7LT2S,5.0,1376784000
A22VNXHU6IZ5MT,B007B7LT2S,4.0,1385251200
A1WKEAS58297E5,B007B7LT2S,3.0,1380931200
A3AG5QAT8L0I3R,B007B7LT2S,5.0,1382659200
AYB4ELCS5AM8P,B007B7LT2S,4.0,1385337600
A6VSWJVTWEOII,B007B7LT2S,4.0,1385337600
A2CZ98V784SRJ0,B007B7LT2S,4.0,1383091200
A1UQBFCERIP7VJ,B007B7LT2S,4.0,1385078400
A2QDOJFFLFGF18,B007B7LT2S,5.0,1387238400
A376OJHLE6SU9Q,B007B7LT2S,1.0,1383004800
A3Q9HY0LU7MN6E,B007B7LT2S,3.0,1377820800
A231LBC8EGPO5L,B007B7LT2S,5.0,1382659200
A2ZKQC0XCIIAEM,B007B7LT2S,4.0,1383004800
ALDAF4VVLFRHP,B007B7LT2S,4.0,1382659200
AC04O7AYHEKJ5,B007B7LT2S,4.0,1382054400
ALQ4USPEQ9L5N,B007B7LT2S,3.0,1387065600
A33PVCHCQ2BTN0,B007B7LT2S,3.0,1384646400
AFICF7DKHTQ87,B007B7LT2S,4.0,1384473600
A2DURJRPTPKUZS,B007B7LTVY,4.0,1377648000
A1K84GJLQWFIQ7,B007B7LTVY,5.0,1381017600
AQB4DH57MSZSC,B007B7LTVY,5.0,1377648000
A16Z2OECAUX8Z4,B007B7LTVY,5.0,1386460800
A11OTLEDSW8ZXD,B007B7LTVY,4.0,1385596800
A2RVCF21L2NPU5,B007B7LTVY,5.0,1352592000
ALNFHVS3SC4FV,B007B7LTVY,5.0,1383696000
A1TR1R2QKWRSRA,B007B7LTVY,4.0,1386806400
ACJT8MUC0LRF0,B007B7LTVY,5.0,1383264000
A2ME89MSWVG9NF,B007B7LTVY,4.0,1377648000
A3V5F050GVZ56Q,B007B7LTVY,4.0,1359590400
AMS2CPERWN7JV,B007B7LTVY,5.0,1387238400
A2IMZNPSJGB2HQ,B007B7LTVY,4.0,1384387200
A2503LT8PZIHAD,B007B7LTVY,4.0,1383523200
A1F5O1USOUOOXI,B007B7LTVY,5.0,1377561600
A1FWFCJU2G7TRA,B007B7LTVY,5.0,1379808000
A2CZ98V784SRJ0,B007B7LTVY,5.0,1387411200
A2QDOJFFLFGF18,B007B7LTVY,1.0,1387411200
A2JKM8KF3296CW,B007B7LTVY,4.0,1387324800
A231LBC8EGPO5L,B007B7LTVY,5.0,1377734400
A2ZKQC0XCIIAEM,B007B7LTVY,5.0,1383264000
A1AHAETTCFARPJ,B007B7LTVY,4.0,1380758400
A9XX8OHS2ZQ2X,B007B7LTVY,4.0,1380672000
A3VS2RYRGDW4HS,B007B7LTVY,3.0,1384300800
AFICF7DKHTQ87,B007B7LTVY,4.0,1383696000
A2H667ZUNLNTF1,B007B7LTVY,5.0,1378857600
A1F7YU6O5RU432,B007BEJQG2,5.0,1388448000
A2RX62V4E2BF5Z,B007BEJQG2,4.0,1386460800
A1X3ESYZ79H59E,B007BEJQG2,5.0,1388448000
A1Q08H4B9QGT2N,B007BEJQG2,5.0,1386806400
A2QCE7L6GRE3MT,B007BEJQG2,4.0,1383004800
ACJT8MUC0LRF0,B007BEJQG2,5.0,1385769600
A2BMZRO0H7TFCS,B007BEJQG2,4.0,1388188800
A2P739KOM4U5JB,B007BEJQG2,2.0,1388102400
A3R5GTYQ50QVMD,B007BEJQG2,5.0,1385769600
A29JUMRL1US6YP,B007BEJQG2,4.0,1388448000
A3F43PAJZLOE3I,B007BEJQG2,5.0,1385769600
A3AG5QAT8L0I3R,B007BEJQG2,4.0,1387756800
A4KJTS5P78ICU,B007BEJQG2,5.0,1388016000
A1UQBFCERIP7VJ,B007BEJQG2,5.0,1387584000
A35NOFKHK8P2LU,B007BEJQG2,5.0,1386201600
A5BJMAHZWGJ7N,B007BEJQG2,4.0,1387152000
AY3EENC2BGTGK,B007BEJQG2,4.0,1385769600
AZMISC9FAUBIR,B007BEJQG2,4.0,1380067200
A22CW0ZHY3NJH8,B007BEJQG2,5.0,1387756800
ALDAF4VVLFRHP,B007BEJQG2,5.0,1385683200
A2OOZZDSOHG4UY,B007BEJQG2,5.0,1383436800
A2D4FQHV506EPB,B007BSYAVY,4.0,1346198400
A1W415JP5WEAJK,B007BSYAVY,3.0,1346198400
A2RIAXGSBP65BJ,B007BSYAVY,2.0,1350172800
A3RG8DYG8AJ6Z9,B007BSYAVY,5.0,1348012800
A11SPSEM08VIXX,B007BSYAVY,5.0,1356566400
A3G2PUQ455XMXJ,B007BSYAVY,5.0,1348099200
ARNEUO7BF3J55,B007BSYAVY,5.0,1346716800
A2W4014S06NAIT,B007BSYAVY,2.0,1345766400
A3CLWZGMC7M9Z1,B007BSYAVY,5.0,1348617600
A3R7RE5O61M112,B007BSYAVY,4.0,1348099200
A3HAA7H8PBVM78,B007BSYAVY,5.0,1346716800
AUCOL2XUE1IX7,B007BSYAVY,4.0,1345680000
A1DY0CRKZEY0FB,B007BSYAVY,4.0,1348531200
A3U029B8Z5WGI2,B007BSYAVY,5.0,1346284800
A4VMQ6ZTSXSSL,B007BSYAVY,5.0,1346976000
ALLHJD3KZF9KC,B007BSYAVY,5.0,1347235200
A17SZZO9LM3WYC,B007BSYAVY,4.0,1346025600
A2ZKQC0XCIIAEM,B007BSYAVY,4.0,1346198400
A1JOANG98KBFKU,B007BSYAVY,3.0,1345680000
A1NC9AGZOBI0M1,B007BSYAVY,4.0,1348444800
A277TO3PKKNYDH,B007BSYAVY,4.0,1346025600
A2I4A4WGWII18Z,B007BSYAVY,5.0,1346198400
ABYLSNI0MGXZB,B007BSYAVY,5.0,1345766400
A3U52V5ZAHZZKU,B007BSYAVY,5.0,1351641600
A3LWC833HQIG7J,B007CEK5MK,5.0,1343952000
AM2IR1V5EU55U,B007CEK5MK,5.0,1345161600
A36S5U0QOWMOSX,B007CEK5MK,4.0,1348704000
A3HAA7H8PBVM78,B007CEK5MK,5.0,1343692800
AA8F2HV4DPV2T,B007CEK5MK,5.0,1344470400
A2RHV42BTJSVON,B007CEK5MK,4.0,1350345600
AORGKBNQZ83O8,B007CEK5MK,4.0,1343088000
A3RYSRBRTZB0JD,B007CEK5MK,5.0,1343347200
A3QEIVO8AB3YMU,B007CEK5MK,5.0,1344124800
AC04O7AYHEKJ5,B007CEK5MK,4.0,1344297600
A1QK0XCAPHIW1L,B007CEK5MK,5.0,1343865600
A1II2ZRPKZAQQD,B007CJJRVA,4.0,1348790400
AYB8XLKTYMTTX,B007CJJRVA,3.0,1350432000
A14Z0Q1DU6CBJJ,B007CJJRVA,2.0,1349913600
A1S27P7KJO9I96,B007CJJRVA,1.0,1350432000
A1XDMYX8QOW07N,B007CJJRVA,2.0,1352764800
ADJ0G262H54GP,B007CJJRVA,3.0,1349827200
AZ515FFZ7I2P7,B007CJJRVA,2.0,1357516800
A2RKI7RPP5CJMG,B007CJJRVA,3.0,1350345600
A3FMPT5IH0CJ50,B007CJJRVA,3.0,1356566400
A23TGI02RB7JC,B007CJJRVA,3.0,1356566400
A20A523DFHLRBT,B007CJJRVA,2.0,1356048000
AVL5IDEE8YA3D,B007CJJRVA,4.0,1348704000
A3P8ZDHC7XSKSE,B007CJJRVA,4.0,1349049600
A2XSY4L7GDHV4W,B007CJJRVA,2.0,1348617600
A3JEPPCGV55FAQ,B007CJJRVA,3.0,1349481600
A25RTRAPQAJBDJ,B007CJJRVA,3.0,1350432000
ADZIJQN6MNRAB,B007CJJRVA,3.0,1349395200
A2RIAXGSBP65BJ,B007DB2VZQ,2.0,1352419200
A2AYJJAFNSGSU1,B007DB2VZQ,3.0,1350864000
A1H88L8X6HM1BQ,B007DB2VZQ,3.0,1354838400
A1JTTI1KH3DOCY,B007DB2VZQ,4.0,1353888000
A3B9C6MZAFC1JX,B007DB2VZQ,3.0,1352160000
ATLO3YXU2BC16,B007DB2VZQ,4.0,1352764800
A1DSRM2P0WGQNS,B007DB2VZQ,4.0,1351814400
A3C9YGB4H90PDE,B007DB2VZQ,3.0,1358121600
A22B13EJTZKCTM,B007DB2VZQ,3.0,1357430400
A2RHV42BTJSVON,B007DB2VZQ,5.0,1353369600
A2561PYW9TTMYD,B007DB2VZQ,5.0,1356566400
A1GHZY5ZMRVN8Q,B007DB2VZQ,3.0,1358380800
A45S6D1P309G9,B007DB2VZQ,4.0,1354752000
A5BJMAHZWGJ7N,B007DB2VZQ,3.0,1353715200
AY3EENC2BGTGK,B007DB2VZQ,5.0,1352332800
A136LRUR0RDH9J,B007DB2VZQ,3.0,1353024000
A1R8TTMXVXEI6H,B007DB2VZQ,4.0,1352937600
AMKPSJXCQZVW9,B007DB2VZQ,5.0,1352246400
A3VS2RYRGDW4HS,B007DB2VZQ,3.0,1352937600
A3Y0IB3VYLD6A,B007DB2VZQ,3.0,1352937600
ACAXV4V8PBCE3,B007DB2VZQ,5.0,1355011200
A3CA3RWZYJDWXE,B007G3VAVC,5.0,1351468800
A18FUHNBP90IB4,B007G3VAVC,5.0,1351814400
A26DQMYF5E0GL6,B007G3VAVC,4.0,1346544000
A1GBT4UN2RW7XY,B007G3VAVC,4.0,1353369600
A2UBSGFCP2QFNV,B007G3VAVC,5.0,1358985600
A2XA8CW5DF4MNZ,B007G3VAVC,5.0,1347494400
A3BKNXX8QFIXIV,B007G3VAVC,5.0,1347321600
A361U4SXK7FCQE,B007G3VAVC,5.0,1347926400
A3C9YGB4H90PDE,B007G3VAVC,4.0,1348704000
AX7QMRXX81L9K,B007G3VAVC,4.0,1352851200
A3NDUBKYPI47N2,B007G3VAVC,2.0,1356652800
AP8D74QD9LUUL,B007G3VAVC,4.0,1360972800
AORGKBNQZ83O8,B007G3VAVC,4.0,1350518400
A1RF9YK4BK5TRH,B007G3VAVC,4.0,1346889600
A3LGT6UZL99IW1,B007G3VAVC,5.0,1346198400
A3HPCRD9RX351S,B007G3VAVC,4.0,1352160000
A2YQ2ZI65F37N8,B007G3VAVC,5.0,1348617600
A1M7Y63Y5GYJI1,B007G3VAVC,5.0,1348099200
A3V2EZ6MA32FF6,B007G3VBOI,5.0,1357171200
A11SPSEM08VIXX,B007G3VBOI,4.0,1356566400
ACJT8MUC0LRF0,B007G3VBOI,5.0,1345766400
AY3D7DG5L5WCK,B007G3VBOI,5.0,1346976000
A1DB5QPH7WO488,B007G3VBOI,4.0,1348012800
A2OY6P98P87047,B007G3VBOI,5.0,1345420800
ARARUVZ8RUF5T,B007G3VBOI,4.0,1345766400
A2HELIKP5RV27F,B007G3VBOI,5.0,1350864000
A3QDDEW6RXVEAY,B007G3VBOI,5.0,1347753600
A2VJJ2POCLMED7,B007G3VBOI,5.0,1353801600
AVJJ2D4G5I0Z4,B007G3VBOI,4.0,1346889600
A3LN4AOPBIUQWR,B007G3VBOI,4.0,1346198400
AX7317G153T8W,B007G3VBOI,5.0,1348099200
ARPB88E6F2MFR,B007G3VBOI,4.0,1371513600
A11OBEH2ZCVAHX,B007G3VBOI,4.0,1348272000
A6X1O3A5C5FX1,B007G3VBOI,5.0,1348617600
A1M7Y63Y5GYJI1,B007G3VBOI,5.0,1348704000
A12O5SEIF162P8,B007G3VBOI,4.0,1347753600
A2ZO5SU0ESSB1N,B007G84MLM,5.0,1384041600
A1QG13XG3EO2CX,B007G84MLM,5.0,1386547200
AFO678EAGH4Y9,B007G84MLM,4.0,1383436800
AOXMWBNDZDJ9L,B007G84MLM,4.0,1385078400
A17437N1L775IJ,B007G84MLM,4.0,1387238400
A1FK6IQ111SJDR,B007G84MLM,3.0,1380153600
AYDC7F9UF6EQX,B007G84MLM,5.0,1386288000
A2OJCTT5WLB2HR,B007G84MLM,5.0,1384473600
AXAJXJZUL2J5P,B007G84MLM,4.0,1387065600
ATS2855497V0I,B007G84MLM,5.0,1383264000
A277GP2U2TXH51,B007G84MLM,5.0,1384646400
A2ZJPDH0YP90SD,B007G84MLM,5.0,1382918400
AGJRUK27RBVYS,B007G84MLM,5.0,1384214400
A3RTNA9THAU2OP,B007G84MLM,5.0,1387324800
A29534U2P9CLNR,B007G84MLM,4.0,1382486400
ASJ0MKRFZC47B,B007G84MLM,5.0,1387584000
AUS5X6IMFLJBD,B007G84MLM,4.0,1385942400
ARIDN94LOCQFD,B007G84MLM,4.0,1379894400
A30QAOLNZ4415R,B007G84MLM,5.0,1384041600
A3SBZAOPPY40IT,B007G84MLM,5.0,1384732800
A2PD27UKAD3Q00,B007G84MLM,5.0,1385424000
A17E3NBADNTI3X,B007G84MLM,5.0,1384992000
A16Z2OECAUX8Z4,B007G84MNK,5.0,1387324800
A2CNGARED6OWWU,B007G84MNK,5.0,1384905600
A2RX62V4E2BF5Z,B007G84MNK,4.0,1385510400
A1X3ESYZ79H59E,B007G84MNK,5.0,1387411200
A279A4Y2N1CQ26,B007G84MNK,4.0,1385251200
A353U0L2HAMSHV,B007G84MNK,4.0,1387238400
AEL6CQNQXONBX,B007G84MNK,5.0,1385337600
ALNFHVS3SC4FV,B007G84MNK,5.0,1383696000
ACJT8MUC0LRF0,B007G84MNK,5.0,1383004800
AMS2CPERWN7JV,B007G84MNK,5.0,1387324800
A15D2X8MICR2VQ,B007G84MNK,4.0,1377388800
ATS2855497V0I,B007G84MNK,5.0,1382745600
A2P739KOM4U5JB,B007G84MNK,4.0,1384387200
ALYZJ7W14YS26,B007G84MNK,5.0,1382918400
A3M6KV5PDU46YI,B007G84MNK,5.0,1380585600
AYB4ELCS5AM8P,B007G84MNK,4.0,1384387200
A3VI2VETB90ZG5,B007G84MNK,5.0,1383264000
A3DZFEICHK5LF2,B007G84MNK,5.0,1385769600
A2OY6P98P87047,B007G84MNK,4.0,1380499200
A27H9DOUGY9FOS,B007G84MNK,4.0,1383177600
A267FU71Z01CIH,B007G84MNK,4.0,1385337600
A2CZ98V784SRJ0,B007G84MNK,5.0,1387411200
A1UQBFCERIP7VJ,B007G84MNK,5.0,1383955200
AOEUN9718KVRD,B007G84MNK,5.0,1383091200
A3EZHMGGWY74HY,B007G84MNK,5.0,1381276800
A2QDOJFFLFGF18,B007G84MNK,5.0,1387411200
A376OJHLE6SU9Q,B007G84MNK,3.0,1385856000
A25C5MVVCIYT5D,B007G84MNK,5.0,1381881600
AAA0TUKS5VBSA,B007G84MNK,5.0,1384473600
A23KDA686N6T4Y,B007G84MNK,5.0,1385251200
A231LBC8EGPO5L,B007G84MNK,5.0,1384214400
A3JHC8O59WDHFZ,B007G84MNK,3.0,1384041600
A33PVCHCQ2BTN0,B007G84MNK,5.0,1384905600
AFICF7DKHTQ87,B007G84MNK,3.0,1383782400
A1ITRGMT80D5TK,B007G84MNK,5.0,1383782400
A2H667ZUNLNTF1,B007G84MNK,5.0,1386547200
A2PD27UKAD3Q00,B007G84MNK,5.0,1385337600
A2V92F5R7MLCVI,B007G84MNK,3.0,1383868800
A357B3PUHSVQA,B007G84MNK,4.0,1383436800
A21YYC2SYN5NDY,B007GE6UBG,4.0,1342051200
AG2YXYIQ8TLTA,B007GE6UBG,3.0,1349568000
A2RVCF21L2NPU5,B007GE6UBG,5.0,1338768000
ARADXCOUVBS09,B007GE6UBG,4.0,1334707200
ALEUQQE118NEW,B007GE6UBG,3.0,1333411200
A2065HBMYDXJ1S,B007GE6UBG,4.0,1335398400
A1SB9BNNGKNX2Z,B007GE6UBG,3.0,1332115200
A2V2URLB31HG59,B007GE6UBG,3.0,1334793600
A22B13EJTZKCTM,B007GE6UBG,3.0,1334102400
A3TPNC3TKGCCEI,B007GE6UBG,3.0,1334793600
A14RYRR7ETV3UY,B007GE6UBG,4.0,1334448000
A2Z2FATA8JNL54,B007GE6UBG,3.0,1333929600
A11B61QBGHLQDN,B007GE6VMO,5.0,1332288000
AXAJXJZUL2J5P,B007GE6VMO,3.0,1332460800
A24RCBRDXRXR0Y,B007GE6VMO,4.0,1332806400
A215WH6RUDUCMP,B007GE6VMO,5.0,1332720000
A1RR36YKJB917S,B007GE6VMO,5.0,1335398400
AJQDIT55SZ3ZX,B007GE6VMO,4.0,1332201600
A1W4F91DH3XPB2,B007GE6VMO,4.0,1337731200
A3212H6SF9W1LV,B007GE6VMO,4.0,1337817600
AUV3OR951650C,B007GE6VMO,5.0,1342051200
A3CHIF3EHXCLA5,B007GE6VMO,4.0,1340150400
A208U42GARHSOR,B007GE6VMO,3.0,1335484800
A1UKA7HUAQAMY,B007HZ9PZ2,4.0,1348099200
A2D7B5I7ZQ51XL,B007HZ9PZ2,3.0,1348617600
A3LWC833HQIG7J,B007HZ9PZ2,4.0,1346889600
A3CA3RWZYJDWXE,B007HZ9PZ2,4.0,1346025600
A2974R9BTPZPOJ,B007HZ9PZ2,4.0,1348099200
A2507ZYWGMY9BK,B007HZ9PZ2,5.0,1346630400
A2KIVODZRTGY4U,B007HZ9PZ2,5.0,1348012800
A15Q9YEG1XPEJN,B007HZ9PZ2,4.0,1346976000
A2KFWHHUFVKFXZ,B007HZ9PZ2,4.0,1347235200
A2CZ98V784SRJ0,B007HZ9PZ2,5.0,1345680000
AOEUN9718KVRD,B007HZ9PZ2,4.0,1346284800
A3212H6SF9W1LV,B007HZ9PZ2,4.0,1351641600
AGEKVD8JPZQMT,B007HZ9PZ2,4.0,1346284800
A1Z7Y2GMAP9SRY,B007HZ9PZ2,5.0,1355270400
A3NEAETOSXDBOM,B007HZ9PZ2,4.0,1346198400
AUCXT9K30SHYF,B007HZ9PZ2,5.0,1346112000
A2K75QOCP9ZHSL,B007HZ9S7C,3.0,1346112000
A2RW587355CMVA,B007HZ9S7C,3.0,1347580800
A2CNGARED6OWWU,B007HZ9S7C,3.0,1348012800
A2Y5T1O43P14RP,B007HZ9S7C,5.0,1348012800
A14UOOROH3XRQ9,B007HZ9S7C,5.0,1348099200
A2K4HN6EECBNR3,B007HZ9S7C,5.0,1348099200
A1VXIY1511XQK2,B007HZ9S7C,4.0,1350604800
A3BKNXX8QFIXIV,B007HZ9S7C,3.0,1347321600
AYNRALJ4X1COS,B007HZ9S7C,3.0,1346284800
A1LUK8APLC16WK,B007HZ9S7C,5.0,1346889600
A1C7Y31S5QXNTR,B007HZ9S7C,5.0,1346112000
AQSW6WDVCJGB8,B007HZ9S7C,4.0,1347408000
A3UYBRB74RJFXB,B007HZ9S7C,4.0,1345680000
A2QDOJFFLFGF18,B007HZ9S7C,5.0,1348099200
AC04O7AYHEKJ5,B007HZ9S7C,5.0,1348099200
AVL5IDEE8YA3D,B007HZ9S7C,4.0,1345593600
A343Y76WJTBYP6,B007HZ9S7C,5.0,1354147200
A2YQ2ZI65F37N8,B007HZ9S7C,5.0,1347840000
A3G7BEJJCPD6DS,B007HZ9S7C,3.0,1348012800
A319Y83RT0MRVR,B007J3F98E,5.0,1345420800
AGXV8E7XK9J6H,B007J3F98E,4.0,1350432000
A1FDVT0DLJWV78,B007J3F98E,4.0,1347062400
A1TR1R2QKWRSRA,B007J3F98E,4.0,1348358400
A2ME89MSWVG9NF,B007J3F98E,3.0,1343260800
A3V5F050GVZ56Q,B007J3F98E,1.0,1359590400
A2W4014S06NAIT,B007J3F98E,3.0,1343952000
A2ZB8B7VQONZA6,B007J3F98E,5.0,1348012800
A2AF0NOCM71J0B,B007J3F98E,3.0,1343260800
AOGN1F0Q3HW86,B007J3F98E,4.0,1345680000
A1M5ZT35YX6TIN,B007J3F98E,5.0,1343606400
A3K4AJLVHAH4OZ,B007J3F98E,5.0,1343692800
A2ECM9HLMC242H,B007J3F98E,3.0,1350864000
A3KEZLJ59C1JVH,B007J3F98E,3.0,1345334400
A26BDXG9KVH7SU,B007J3F98E,4.0,1344211200
ALGI34BYWIXZG,B007J3F98E,4.0,1356048000
A307YFSORUAXSQ,B007J3F98E,4.0,1345939200
A1BA72K4VK1UN1,B007J3F98E,5.0,1345075200
AX7317G153T8W,B007J3F98E,5.0,1344297600
A1FXY0GUFHEI59,B007J3F98E,4.0,1344470400
A3PIW7ZF4C5ZJL,B007J3F98E,4.0,1350950400
AM9APPMIE1BHZ,B007J3F98E,3.0,1350432000
A1KXJCXS6HFRQZ,B007J3F98E,2.0,1350950400
A3JLOIXFM75QNV,B007J3F98E,3.0,1344902400
A2RIAXGSBP65BJ,B007J3F98O,5.0,1345939200
A3EK2KTYHJCPB9,B007J3F98O,3.0,1344297600
A10Z8FC0SMU5VQ,B007J3F98O,5.0,1343260800
A33X80DIINN48Y,B007J3F98O,4.0,1343260800
A2K4HN6EECBNR3,B007J3F98O,1.0,1348704000
AWH2AY17ZU7W2,B007J3F98O,5.0,1346025600
A1WKEAS58297E5,B007J3F98O,5.0,1365206400
AGFGY4EJ37VS2,B007J3F98O,5.0,1343260800
AGVDI7RLT24WJ,B007J3F98O,5.0,1345248000
A3LLP0VSTSABK2,B007J3F98O,4.0,1344297600
APVK8GGSSUDCE,B007J3F98O,4.0,1348012800
A1PTBXZG04GT29,B007J3F98O,4.0,1386201600
ARPB88E6F2MFR,B007J3F98O,5.0,1344124800
A2KWE2ZM1EEBGJ,B007J3F98O,4.0,1344211200
ABC68JUCPTVOE,B007J3F99S,5.0,1348704000
A1BVFLQ89LAI0K,B007J3F99S,3.0,1346803200
A1K84GJLQWFIQ7,B007J3F99S,1.0,1356480000
A3USZS8Q4GOKGE,B007J3F99S,5.0,1346457600
A3T8WOFS5RD2IR,B007J3F99S,2.0,1347321600
A3DZFEICHK5LF2,B007J3F99S,2.0,1356652800
A5H8NA5CJ0FK4,B007J3F99S,3.0,1345766400
A45S6D1P309G9,B007J3F99S,5.0,1351123200
AC04O7AYHEKJ5,B007J3F99S,4.0,1350432000
A2XSY4L7GDHV4W,B007J3F99S,4.0,1345593600
AMKPSJXCQZVW9,B007J3F99S,5.0,1345593600
A2WW57XX2UVLM6,B007J3F99S,4.0,1345593600
A19JDXB5R33C7R,B007J3F99S,2.0,1376092800
A2D4FQHV506EPB,B007J3F9A2,4.0,1352073600
A2DURJRPTPKUZS,B007J3F9A2,2.0,1350172800
A3GK1O5S6188AJ,B007J3F9A2,4.0,1350086400
ANCOMAI0I7LVG,B007J3F9A2,2.0,1350172800
A1486KL0IOM7VM,B007J3F9A2,5.0,1358380800
A2U83VDVJMAB2U,B007J3F9A2,4.0,1349740800
A2QCE7L6GRE3MT,B007J3F9A2,2.0,1350691200
A2ZB8B7VQONZA6,B007J3F9A2,5.0,1350432000
A31HE83MU98GBV,B007J3F9A2,3.0,1356912000
A3R7RE5O61M112,B007J3F9A2,3.0,1355356800
A1DSRM2P0WGQNS,B007J3F9A2,3.0,1350518400
A305XM71TF83CY,B007J3F9A2,4.0,1348704000
ALLHJD3KZF9KC,B007J3F9A2,5.0,1348704000
ASJ0MKRFZC47B,B007J3F9A2,3.0,1351468800
A1NIGUK4M2ST8,B007J3F9A2,4.0,1348963200
A2QDOJFFLFGF18,B007J3F9A2,5.0,1348704000
AT28RL25Q2OLK,B007J3F9A2,4.0,1350172800
A2YV6F6DLENNTM,B007J3F9A2,4.0,1350864000
A2YB7DLC3FOR7W,B007J3F9A2,4.0,1349136000
AVL5IDEE8YA3D,B007J3F9A2,4.0,1348704000
AUCXT9K30SHYF,B007J3F9A2,4.0,1350259200
A3JLOIXFM75QNV,B007J3F9A2,4.0,1350432000
A39H1GO9E3YQIB,B007J3F9IE,4.0,1350864000
A1WP940JZL83T7,B007J3F9IE,3.0,1349395200
A2GRDQJ4Z7053K,B007J3F9IE,4.0,1349136000
A2CNGARED6OWWU,B007J3F9IE,4.0,1350432000
A1TR1R2QKWRSRA,B007J3F9IE,4.0,1348617600
A14UOOROH3XRQ9,B007J3F9IE,3.0,1348704000
AO1Z0TQWCRGL4,B007J3F9IE,5.0,1348790400
AKCZIJ6ZHE41D,B007J3F9IE,3.0,1358985600
A3U029B8Z5WGI2,B007J3F9IE,5.0,1348790400
A17SZZO9LM3WYC,B007J3F9IE,5.0,1348617600
A1GQRGB8FGSLIZ,B007J3F9IE,4.0,1350259200
A3QD7VWBD470D2,B007J3F9IE,3.0,1350172800
AGEKVD8JPZQMT,B007J3F9IE,4.0,1349136000
ALGI34BYWIXZG,B007J3F9IE,3.0,1356048000
A2TBAUW2W7J538,B007J3F9IE,4.0,1352505600
A1D1IDI5S9TN9D,B007J3F9IE,4.0,1350259200
A2UT0FWM1DHKFJ,B007J3F9IE,4.0,1349308800
A2KWE2ZM1EEBGJ,B007J3F9IE,4.0,1360886400
A33VI944SO2YCN,B007J3F9IE,4.0,1350691200
AIVZMEFEAGF3,B007J3F9IE,4.0,1350518400
A2GOHBNQ58WOKC,B007J3F9IE,5.0,1350432000
A39H1GO9E3YQIB,B007J3F9IY,5.0,1345766400
A2CNGARED6OWWU,B007J3F9IY,5.0,1348012800
A3OJX18B60PJR9,B007J3F9IY,5.0,1353369600
A2PU5IDX61XJ7A,B007J3F9IY,4.0,1348704000
A2OJCTT5WLB2HR,B007J3F9IY,5.0,1350691200
A5JLAU2ARJ0BO,B007J3F9IY,4.0,1349395200
A10YWQ4AAAE29O,B007J3F9IY,5.0,1345766400
A244CRJ2QSVLZ4,B007J3F9IY,5.0,1347926400
A3LLP0VSTSABK2,B007J3F9IY,5.0,1347235200
A23TGI02RB7JC,B007J3F9IY,5.0,1356566400
A1NIGUK4M2ST8,B007J3F9IY,5.0,1346025600
A1LA4K5JF78BER,B007J3F9IY,5.0,1348012800
A1RF9YK4BK5TRH,B007J3F9IY,4.0,1346630400
A1KMG1AIUS00DC,B007J3F9IY,5.0,1347148800
A2H667ZUNLNTF1,B007J3F9IY,5.0,1345939200
A19FRW264WZTGP,B007J3F9UC,3.0,1346284800
A1I7QGUDP043DG,B007J3F9UC,5.0,1346716800
A3MEMX0XF00TBD,B007J3F9UC,4.0,1346284800
ACJT8MUC0LRF0,B007J3F9UC,5.0,1346284800
A2OJCTT5WLB2HR,B007J3F9UC,3.0,1346371200
A28IIVKXOE1ATF,B007J3F9UC,2.0,1346284800
A1KGWUYXUBEMB2,B007J3F9UC,4.0,1348704000
A3L2KYOYDWSRPL,B007J3F9UC,3.0,1347408000
AM8J1UVGVYAL4,B007J3F9UC,3.0,1355011200
A3Z9QN0RCOHEY,B007J3F9UC,4.0,1348012800
A199FRO0YFMGED,B007J3F9UC,5.0,1348099200
A13Z96HR8EEF24,B007J3F9UC,4.0,1345507200
A3NOBH42C7UI5M,B007J3F9W0,5.0,1346025600
AQB4DH57MSZSC,B007J3F9W0,5.0,1348358400
ALNFHVS3SC4FV,B007J3F9W0,5.0,1346025600
A1IBKN1GXYJ3K4,B007J3F9W0,5.0,1358380800
A3G2PUQ455XMXJ,B007J3F9W0,5.0,1345680000
A37USOKUTI724H,B007J3F9W0,4.0,1346630400
A2ME89MSWVG9NF,B007J3F9W0,5.0,1345939200
A17V2N0N8CXSA9,B007J3F9W0,5.0,1346025600
A167KPMW1NBZJW,B007J3F9W0,5.0,1346284800
A3L2KYOYDWSRPL,B007J3F9W0,4.0,1355875200
A17SZZO9LM3WYC,B007J3F9W0,5.0,1346198400
A3L1BNBV4SS1H8,B007J3F9W0,5.0,1348099200
ADFLBRY00Y70G,B007J3F9W0,4.0,1346025600
A2QDOJFFLFGF18,B007J3F9W0,5.0,1345507200
A3LN4AOPBIUQWR,B007J3F9W0,4.0,1347148800
A1GUN2J1FDYNF3,B007J3F9W0,5.0,1347494400
A3IMK08UX0I46A,B007J3F9W0,5.0,1348704000
A2YEOR4XJ8N3QE,B007J3F9W0,5.0,1345593600
A2K75QOCP9ZHSL,B007J3FAJ2,5.0,1348704000
A914TQVHI872U,B007J3FAJ2,4.0,1349395200
A3CA3RWZYJDWXE,B007J3FAJ2,4.0,1350345600
AYOMAHLWRQHUG,B007J3FAJ2,4.0,1348272000
A1IBKN1GXYJ3K4,B007J3FAJ2,5.0,1358380800
AY3D7DG5L5WCK,B007J3FAJ2,5.0,1352937600
A1VYFEJM12ZP11,B007J3FAJ2,4.0,1349308800
A3BKNXX8QFIXIV,B007J3FAJ2,3.0,1348876800
A1C7Y31S5QXNTR,B007J3FAJ2,5.0,1348704000
AVJJ2D4G5I0Z4,B007J3FAJ2,5.0,1348617600
AGEKVD8JPZQMT,B007J3FAJ2,3.0,1350864000
A3LN4AOPBIUQWR,B007J3FAJ2,5.0,1351641600
A1RF9YK4BK5TRH,B007J3FAJ2,4.0,1355875200
ARPB88E6F2MFR,B007J3FAJ2,4.0,1349395200
A1FXY0GUFHEI59,B007J3FAJ2,3.0,1354320000
A3JHC8O59WDHFZ,B007J3FAJ2,2.0,1365120000
A335GUD1YBS31U,B007J3FAJ2,4.0,1350604800
A2I4A4WGWII18Z,B007J3FAJ2,5.0,1350691200
AUCXT9K30SHYF,B007J3FAJ2,5.0,1350259200
A2YQ2ZI65F37N8,B007J3FAJ2,5.0,1354924800
AIVZMEFEAGF3,B007J3FAJ2,5.0,1348617600
A2V9DTXTQ5YIMK,B007J3FBKU,5.0,1348099200
AUJFO0J9A2HGE,B007J3FBKU,5.0,1345593600
AGHIUO1B3IF8H,B007J3FBKU,5.0,1350000000
A1DG75OT3Y49EM,B007J3FBKU,5.0,1345507200
A3S5WYWYKSAI9C,B007J3FBKU,4.0,1347840000
AMS2CPERWN7JV,B007J3FBKU,5.0,1348531200
A2BMZRO0H7TFCS,B007J3FBKU,4.0,1352505600
A2KIVODZRTGY4U,B007J3FBKU,5.0,1348012800
A2503LT8PZIHAD,B007J3FBKU,3.0,1345680000
ADJ0G262H54GP,B007J3FBKU,4.0,1346544000
AGFGY4EJ37VS2,B007J3FBKU,4.0,1345680000
AQYYUN3T7B0WM,B007J3FBKU,4.0,1346112000
ALLHJD3KZF9KC,B007J3FBKU,4.0,1345680000
A17C7XZHFOS12W,B007J3FBKU,4.0,1348099200
A277TO3PKKNYDH,B007J3FBKU,4.0,1350950400
ASY25YMTIC2A9,B007J3FBKU,5.0,1348617600
A1M0OSCFOAMAZO,B007J3FBKU,5.0,1356220800
A2VWE5SGNDS8HW,B007J3FBKU,5.0,1345852800
A1M7Y63Y5GYJI1,B007J3FBKU,5.0,1350950400
A1XFI340SHOS5K,B007J3FBKU,4.0,1345593600
A2RW587355CMVA,B007J3FBL4,4.0,1352073600
A1WP940JZL83T7,B007J3FBL4,4.0,1346025600
A2RIAXGSBP65BJ,B007J3FBL4,4.0,1352937600
A19FRW264WZTGP,B007J3FBL4,3.0,1346889600
A2K89R0B20LYHB,B007J3FBL4,3.0,1350086400
A33PBU9EHZ28PC,B007J3FBL4,4.0,1368144000
A2TTHN1UMO82VY,B007J3FBL4,5.0,1363651200
A361U4SXK7FCQE,B007J3FBL4,4.0,1347926400
A3T7XVG3AXJF61,B007J3FBL4,1.0,1356739200
A3C2JQC6R2K52C,B007J3FBL4,3.0,1346630400
A1LG1DKUZXGJ6J,B007J3FBL4,4.0,1360972800
A1ZVFCPHCWFV71,B007J3FBL4,4.0,1348099200
A2V98TS4QDDCG9,B007J3FBL4,4.0,1346889600
A2XSY4L7GDHV4W,B007J3FBL4,5.0,1346284800
AMKPSJXCQZVW9,B007J3FBL4,5.0,1347580800
A13Z96HR8EEF24,B007J3FBL4,2.0,1346112000
A3IMK08UX0I46A,B007J3FBL4,2.0,1348012800
A2J8DE8R94ZB02,B007J3FBL4,3.0,1357171200
A19JDXB5R33C7R,B007J3FBL4,4.0,1349568000
A2ECTCPBTOGW4H,B007LL7N4C,4.0,1358985600
ANCOMAI0I7LVG,B007LL7N4C,4.0,1350172800
AP6L54VTCJKCQ,B007LL7N4C,4.0,1350864000
AFTFND8CPQ34M,B007LL7N4C,4.0,1351036800
A2U83VDVJMAB2U,B007LL7N4C,2.0,1349740800
ATS7LYGLUX34L,B007LL7N4C,2.0,1360972800
A2ME89MSWVG9NF,B007LL7N4C,4.0,1349740800
A36MP37DITBU6F,B007LL7N4C,5.0,1349827200
A1M5ZT35YX6TIN,B007LL7N4C,3.0,1352764800
A1GWDRBUMQOCRK,B007LL7N4C,5.0,1348876800
A24RCBRDXRXR0Y,B007LL7N4C,3.0,1349913600
ABMX8XUNPR3LP,B007LL7N4C,1.0,1358812800
A1F5O1USOUOOXI,B007LL7N4C,3.0,1348876800
A3DZFEICHK5LF2,B007LL7N4C,4.0,1356652800
AOEUN9718KVRD,B007LL7N4C,3.0,1349222400
AY3EENC2BGTGK,B007LL7N4C,5.0,1349049600
AY1EF0GOH80EK,B007LL7N4C,3.0,1358380800
ARPB88E6F2MFR,B007LL7N4C,5.0,1352851200
A2BZ16RKE13PKV,B007LL7N4C,4.0,1348444800
A33VI944SO2YCN,B007LL7N4C,4.0,1354492800
A2QKCOX5ACRHC5,B007LL7N4C,3.0,1349308800
A1MRRMHGV3PN5W,B007LL7N4C,3.0,1366243200
A2Q8GFSEUSGJ51,B007LL7N4C,4.0,1349222400
A2GOHBNQ58WOKC,B007LL7N4C,5.0,1350432000
A1NKKF4W2LHF6M,B007Q7HWF6,4.0,1352678400
A3LWC833HQIG7J,B007Q7HWF6,3.0,1351296000
A1HBC0NBQJHT7X,B007Q7HWF6,2.0,1354060800
A11OTLEDSW8ZXD,B007Q7HWF6,3.0,1353196800
AY3D7DG5L5WCK,B007Q7HWF6,4.0,1360800000
A8WEXFRWX1ZHH,B007Q7HWF6,2.0,1356652800
A1SB9BNNGKNX2Z,B007Q7HWF6,2.0,1352678400
A1Y5ERIKQBEMSP,B007Q7HWF6,3.0,1351987200
A22B13EJTZKCTM,B007Q7HWF6,2.0,1352851200
ADFLBRY00Y70G,B007Q7HWF6,3.0,1351641600
A3LGT6UZL99IW1,B007Q7HWF6,2.0,1350950400
A2MVPY9XVYST9H,B007QNDWB8,4.0,1355616000
A215WH6RUDUCMP,B007QNDWB8,5.0,1351814400
ABMX8XUNPR3LP,B007QNDWB8,4.0,1355702400
A1VXIY1511XQK2,B007QNDWB8,5.0,1353974400
A8KM4YOB8FGGH,B007QNDWB8,5.0,1351468800
A2NMQWBDWT3SQF,B007QNDWB8,4.0,1355184000
ALLHJD3KZF9KC,B007QNDWB8,5.0,1353283200
ADFLBRY00Y70G,B007QNDWB8,4.0,1355961600
A231LBC8EGPO5L,B007QNDWB8,5.0,1352678400
A2Z2FATA8JNL54,B007QNDWB8,5.0,1352851200
A2Q8GFSEUSGJ51,B007QNDWB8,5.0,1352505600
A1W415JP5WEAJK,B007RM5DTC,4.0,1348617600
A1486KL0IOM7VM,B007RM5DTC,4.0,1350604800
A3U4GW06XNSI2Q,B007RM5DTC,4.0,1361664000
A2A33KJUP7T2FK,B007RM5DTC,5.0,1355961600
AR33KU52LIBF1,B007RM5DTC,4.0,1348704000
A28IIVKXOE1ATF,B007RM5DTC,5.0,1349308800
A97H5I4P5PCEM,B007RM5DTC,5.0,1349222400
A215WH6RUDUCMP,B007RM5DTC,5.0,1350345600
A1BK60GZ4QME6I,B007RM5DTC,4.0,1349049600
A2OY6P98P87047,B007RM5DTC,5.0,1349308800
AJQDIT55SZ3ZX,B007RM5DTC,4.0,1348704000
A45S6D1P309G9,B007RM5DTC,3.0,1349568000
A398R165PXFOSS,B007RM5DTC,4.0,1362009600
A2IVZ0IEQ1VADB,B007RM5DTC,4.0,1348617600
AK1WNXTHNCG5V,B007RM5DTC,5.0,1349568000
A3Q9HY0LU7MN6E,B007RM5DTC,5.0,1349827200
ALDAF4VVLFRHP,B007RM5DTC,4.0,1348617600
AQZ4PHIEEV5N5,B007RM5DTC,5.0,1350950400
AVL5IDEE8YA3D,B007RM5DTC,4.0,1350864000
A1AHAETTCFARPJ,B007RM5DTC,4.0,1353542400
AAU0G40ZN5RIL,B007RM5DTC,4.0,1349395200
APPCJX62WKIIP,B007RM5DTC,1.0,1352937600
ALQ4USPEQ9L5N,B007RM5DTC,5.0,1349654400
A39H1GO9E3YQIB,B007RYE2V0,4.0,1349654400
A2VAD79S4A06DD,B007RYE2V0,5.0,1349049600
A3MEMX0XF00TBD,B007RYE2V0,5.0,1402012800
ALRCAGJOJ9583,B007RYE2V0,5.0,1348444800
A1SD1C8XK3Z3V1,B007RYE2V0,5.0,1402272000
A2P739KOM4U5JB,B007RYE2V0,5.0,1350432000
A34CSXOGVYF94S,B007RYE2V0,4.0,1348704000
A2RKI7RPP5CJMG,B007RYE2V0,5.0,1351209600
A3NDUBKYPI47N2,B007RYE2V0,4.0,1350518400
A2DA2NJZ2RIYAB,B007RYE2V0,5.0,1350864000
AGEKVD8JPZQMT,B007RYE2V0,4.0,1349136000
A1ITRGMT80D5TK,B007RYE2V0,4.0,1348704000
A1Q1T811N4IY3Z,B007RYE2V0,5.0,1350345600
A3R9X003XW0LNR,B007S3S81U,2.0,1349654400
A2MVPY9XVYST9H,B007S3S81U,2.0,1363564800
A194K60CWZ371J,B007S3S81U,3.0,1349740800
A5JLAU2ARJ0BO,B007S3S81U,2.0,1349395200
AOGN1F0Q3HW86,B007S3S81U,4.0,1349049600
A37CXU92U7FYJH,B007S3S81U,2.0,1357430400
A6VSWJVTWEOII,B007S3S81U,2.0,1349222400
A2RKI7RPP5CJMG,B007S3S81U,3.0,1350345600
A2561PYW9TTMYD,B007S3S81U,2.0,1348704000
A3QDDEW6RXVEAY,B007S3S81U,4.0,1350864000
ADFLBRY00Y70G,B007S3S81U,3.0,1350518400
AC04O7AYHEKJ5,B007S3S81U,5.0,1350432000
A1MAI0TUIM3R2X,B007S3S81U,3.0,1350950400
ARPB88E6F2MFR,B007S3S81U,4.0,1352073600
A58F10T4OE58C,B007S3S81U,4.0,1349136000
A3CIHP9FFPE9I3,B007SM3582,5.0,1348704000
A1T8N18XKDLJO4,B007SM3582,4.0,1348704000
A1HBC0NBQJHT7X,B007SM3582,4.0,1365206400
A2FS38D943KX12,B007SM3582,5.0,1350432000
A1H88L8X6HM1BQ,B007SM3582,4.0,1356912000
A1WKQ94M45D8MG,B007SM3582,5.0,1350864000
A26DQMYF5E0GL6,B007SM3582,4.0,1350432000
A1UFLVSJ3IRETQ,B007SM3582,5.0,1352937600
A1DW1FK1H3F2TM,B007SM3582,5.0,1363824000
ASGI7E0AJ8H5X,B007SM3582,4.0,1348531200
A1NIGUK4M2ST8,B007SM3582,4.0,1351296000
A19GJX6TTSK0C0,B007SM3582,3.0,1365120000
A17M1HL6U2GS7M,B007SM3582,5.0,1351555200
A2I4A4WGWII18Z,B007SM3582,5.0,1349740800
A3SQQYS79AV13M,B007SM3582,5.0,1349136000
A156P4FPL8OGXB,B007SM3582,4.0,1349049600
A2NVQZ4Y7Y0J1R,B007SM3582,4.0,1348704000
A5X1B2HBQUR3P,B007SM3582,4.0,1349568000
A33230MIA3W7G4,B007SM3582,3.0,1356480000
A1XWX7QTBR3UPV,B007SM3582,5.0,1350518400
A3DGJMO6VPG6FJ,B007SM3582,4.0,1349481600
A2GRDQJ4Z7053K,B007TMXXVA,4.0,1372809600
A279FUL12R7MBD,B007TMXXVA,4.0,1376524800
A10M94ASQEBL56,B007TMXXVA,4.0,1372291200
A2503LT8PZIHAD,B007TMXXVA,5.0,1357257600
A277GP2U2TXH51,B007TMXXVA,4.0,1373068800
A2TS040W2FW5O,B007TMXXVA,4.0,1372291200
ALYZJ7W14YS26,B007TMXXVA,5.0,1372118400
A1F5O1USOUOOXI,B007TMXXVA,5.0,1373760000
A2VJJ2POCLMED7,B007TMXXVA,5.0,1376524800
A3RYSRBRTZB0JD,B007TMXXVA,5.0,1373328000
A1MBFUV5DZNEZQ,B007TMXXVA,5.0,1372464000
A30QAOLNZ4415R,B007TMXXVA,4.0,1374624000
A1WP940JZL83T7,B007U7LZOG,5.0,1343347200
A3NOBH42C7UI5M,B007U7LZOG,4.0,1343260800
A2LAS014NSRW72,B007U7LZOG,4.0,1343260800
A1II2ZRPKZAQQD,B007U7LZOG,4.0,1345075200
AYB8XLKTYMTTX,B007U7LZOG,5.0,1345680000
A279FUL12R7MBD,B007U7LZOG,5.0,1345680000
A3EK2KTYHJCPB9,B007U7LZOG,3.0,1353888000
A1UHKF1UQ3EGW4,B007U7LZOG,5.0,1345334400
A1MZEMD0EDETS6,B007U7LZOG,5.0,1350432000
A279A4Y2N1CQ26,B007U7LZOG,4.0,1346716800
ALNFHVS3SC4FV,B007U7LZOG,5.0,1348444800
A2QCE7L6GRE3MT,B007U7LZOG,4.0,1361404800
ACJT8MUC0LRF0,B007U7LZOG,5.0,1343088000
A15D2X8MICR2VQ,B007U7LZOG,4.0,1344988800
A5JLAU2ARJ0BO,B007U7LZOG,3.0,1343952000
A397CWU6DM3O5G,B007U7LZOG,5.0,1344816000
A1SD1C8XK3Z3V1,B007U7LZOG,5.0,1343174400
A22S7D0LP8GRDH,B007U7LZOG,5.0,1344902400
A2LO1YE4Q0N4F,B007U7LZOG,5.0,1358899200
A1NQK5MH9GTJ6S,B007U7LZOG,3.0,1343520000
A1BK60GZ4QME6I,B007U7LZOG,5.0,1344297600
AOAOARIH72UWI,B007U7LZOG,5.0,1345507200
AA8F2HV4DPV2T,B007U7LZOG,4.0,1358985600
A3T7XVG3AXJF61,B007U7LZOG,5.0,1350864000
A29534U2P9CLNR,B007U7LZOG,3.0,1348704000
A226GFM0Q9L37H,B007U7LZOG,5.0,1351382400
A25TNBMJ4ZO7RD,B007U7LZOG,4.0,1357776000
A25C5MVVCIYT5D,B007U7LZOG,4.0,1367452800
A17C7XZHFOS12W,B007U7LZOG,5.0,1343088000
A22CW0ZHY3NJH8,B007U7LZOG,5.0,1344643200
AUV3OR951650C,B007U7LZOG,5.0,1353369600
A2ZKQC0XCIIAEM,B007U7LZOG,5.0,1343865600
AVL5IDEE8YA3D,B007U7LZOG,5.0,1344211200
A2BZ16RKE13PKV,B007U7LZOG,5.0,1344902400
A3LKLGZZ8OWR51,B007U7LZOG,4.0,1344902400
AD34TCPEP7P84,B007U7LZOG,5.0,1344988800
A1MRRMHGV3PN5W,B007U7LZOG,4.0,1343260800
ARIDN94LOCQFD,B007U7LZOG,5.0,1343260800
A2SPV96SGOEO2,B007U7LZOG,4.0,1343952000
A2NVQZ4Y7Y0J1R,B007U7LZOG,3.0,1359936000
A2H667ZUNLNTF1,B007U7LZOG,5.0,1344902400
AGHIUO1B3IF8H,B007U7M02C,5.0,1362614400
ARSQ2F9U315WG,B007U7M02C,3.0,1358899200
A1UYMXFON06KQ6,B007U7M02C,4.0,1347926400
A279A4Y2N1CQ26,B007U7M02C,4.0,1351555200
A2E4R7YISIM4QM,B007U7M02C,4.0,1368489600
A28IIVKXOE1ATF,B007U7M02C,4.0,1346803200
A2DG63DN704LOI,B007U7M02C,4.0,1365292800
A397CWU6DM3O5G,B007U7M02C,5.0,1346889600
A3A8FMW6BDJ166,B007U7M02C,4.0,1347840000
A1QT3N5FUQ4I47,B007U7M02C,4.0,1347926400
A1QBOC76MIOJYP,B007U7M02C,5.0,1351900800
AAA0TUKS5VBSA,B007U7M02C,4.0,1345852800
A3FFKU2MTCOBM1,B007U7M02C,5.0,1350691200
A34W59GPOUKU8L,B007U7M02C,4.0,1350518400
A12E0Y0J6584RT,B007U7M02C,5.0,1347235200
A2BZ16RKE13PKV,B007U7M02C,5.0,1348444800
A1MRRMHGV3PN5W,B007U7M02C,4.0,1346976000
A1QR76SYGTXJN5,B007UE75PW,4.0,1350259200
A2RIAXGSBP65BJ,B007UE75PW,2.0,1350172800
A21YYC2SYN5NDY,B007UE75PW,3.0,1368057600
A1IDAKX7OM3QIE,B007UE75PW,4.0,1349136000
A39Q9G7J70A056,B007UE75PW,3.0,1350518400
A2877AOHJFZI0E,B007UE75PW,3.0,1351987200
AG2YXYIQ8TLTA,B007UE75PW,4.0,1357948800
ATS7LYGLUX34L,B007UE75PW,3.0,1362268800
ACJT8MUC0LRF0,B007UE75PW,5.0,1350777600
AKJHHD5VEH7VG,B007UE75PW,1.0,1353888000
A2TTHN1UMO82VY,B007UE75PW,1.0,1358208000
A2TVH2OBNXYXHV,B007UE75PW,2.0,1350518400
A35IX2GE0VC0JP,B007UE75PW,3.0,1366675200
A10YWQ4AAAE29O,B007UE75PW,4.0,1348531200
A3GS7OZXUEW48R,B007UE75PW,4.0,1351036800
A33X80DIINN48Y,B007UE75PW,3.0,1350172800
A3HAA7H8PBVM78,B007UE75PW,3.0,1350345600
A26SO3TOT2TLJE,B007UE75PW,3.0,1351555200
A35NOFKHK8P2LU,B007UE75PW,2.0,1349654400
AVJJ2D4G5I0Z4,B007UE75PW,4.0,1350172800
A3M2O06MCHJG18,B007UE75PW,3.0,1353369600
A3QEIVO8AB3YMU,B007UE75PW,3.0,1357948800
ADFLBRY00Y70G,B007UE75PW,4.0,1350518400
A2JKM8KF3296CW,B007UE75PW,3.0,1349136000
A2YV6F6DLENNTM,B007UE75PW,4.0,1350518400
A1E55W6ES0FY17,B007UE75PW,4.0,1350518400
A1FXY0GUFHEI59,B007UE75PW,3.0,1354320000
A1R1BFJCMWX0Y3,B007UE75PW,4.0,1350518400
A58F10T4OE58C,B007UE75PW,3.0,1351123200
A2VWE5SGNDS8HW,B007UE75PW,3.0,1349222400
A19YOYY7FLQMA6,B007UE75PW,4.0,1350172800
A3K91X9X2ARDOK,B007UE75PW,4.0,1350259200
A23RQRX7LO7NG8,B007UE75PW,4.0,1354320000
A13WEKTB63G78Y,B007UE75PW,3.0,1350691200
A2JAEZ0FMAMJVW,B007X1835I,3.0,1349740800
A1DRKVXO300RUE,B007X1835I,3.0,1364515200
A21YYC2SYN5NDY,B007X1835I,3.0,1367452800
AL3MFYSK9HKCL,B007X1835I,3.0,1365811200
AYWHCM0TJ4737,B007X1835I,5.0,1352851200
ADY836HK6QSYR,B007X1835I,3.0,1350172800
A2HC9549CZAKNN,B007X1835I,5.0,1362960000
A2RVCF21L2NPU5,B007X1835I,3.0,1349827200
A1JTTI1KH3DOCY,B007X1835I,3.0,1350950400
A1TS45JWJVOSSW,B007X1835I,2.0,1349222400
AY3D7DG5L5WCK,B007X1835I,5.0,1357084800
A3MWP39R0W9TQX,B007X1835I,4.0,1350345600
A1GWDRBUMQOCRK,B007X1835I,2.0,1348790400
AFK893ELKDPY,B007X1835I,4.0,1351296000
A2VRAT69JDAD3W,B007X1835I,4.0,1349222400
A3PE884TA8529G,B007X1835I,3.0,1350345600
A2H1W8V6R9TJ9E,B007X1835I,5.0,1353196800
A19WEEGB05YAZ3,B007X1835I,2.0,1350691200
A2OY6P98P87047,B007X1835I,5.0,1348531200
AIW4CHZOM5W7D,B007X1835I,4.0,1349827200
A2HELIKP5RV27F,B007X1835I,3.0,1350950400
A3K4AJLVHAH4OZ,B007X1835I,4.0,1349481600
AE8AT5NB4DDRM,B007X1835I,4.0,1350691200
A23TGI02RB7JC,B007X1835I,4.0,1351036800
A19JGPUJAX048H,B007X1835I,3.0,1350518400
AQSW6WDVCJGB8,B007X1835I,3.0,1350518400
A307YFSORUAXSQ,B007X1835I,2.0,1356652800
A2IJ54FX1L83WK,B007X1835I,3.0,1350864000
AD34TCPEP7P84,B007X1835I,3.0,1352851200
A2I4A4WGWII18Z,B007X1835I,4.0,1349568000
A23RQRX7LO7NG8,B007X1835I,5.0,1354320000
A3SBZAOPPY40IT,B007X1835I,4.0,1351036800
A1POFVVXUZR3IQ,B007X1835I,3.0,1349136000
AL3MFYSK9HKCL,B007X8ZZRU,3.0,1349308800
A3E7E854VCA4E7,B007X8ZZRU,3.0,1353801600
A2XYH8IHILWW7X,B007X8ZZRU,3.0,1349913600
A1I7QGUDP043DG,B007X8ZZRU,5.0,1349395200
A2K89R0B20LYHB,B007X8ZZRU,3.0,1366329600
AYOMAHLWRQHUG,B007X8ZZRU,4.0,1349136000
AR33KU52LIBF1,B007X8ZZRU,3.0,1367712000
A5JLAU2ARJ0BO,B007X8ZZRU,1.0,1349395200
A3R5GTYQ50QVMD,B007X8ZZRU,4.0,1350172800
A1P0JSFW184ZXJ,B007X8ZZRU,3.0,1350518400
A1WKEAS58297E5,B007X8ZZRU,3.0,1367798400
A2LF16F0KX9L7P,B007X8ZZRU,4.0,1350259200
AU1SKSAF00JJH,B007X8ZZRU,3.0,1356566400
A2GSY9DM54Y0HS,B007X8ZZRU,5.0,1350432000
AT1RF4WNPGGLC,B007X8ZZRU,4.0,1349827200
AXVKMYWNIHK7W,B007X8ZZRU,5.0,1349740800
A1ITRGMT80D5TK,B007X8ZZRU,3.0,1351036800
A1VLVWTLV3LVHR,B007X8ZZRU,5.0,1349222400
A2YEOR4XJ8N3QE,B007X8ZZRU,1.0,1349136000
A2D7B5I7ZQ51XL,B007X904J8,1.0,1356652800
AZFHSPEZUPGD2,B007X904J8,4.0,1356739200
AR33KU52LIBF1,B007X904J8,5.0,1348704000
A1SD1C8XK3Z3V1,B007X904J8,4.0,1351036800
A23WE733QT4WGJ,B007X904J8,4.0,1350518400
AQSW6WDVCJGB8,B007X904J8,3.0,1350518400
A2S26YGSVXBCFL,B007X904J8,5.0,1365292800
A1UCPXUBSESD65,B007X904J8,3.0,1348876800
A1LG1DKUZXGJ6J,B007X904J8,3.0,1352419200
A2ZKQC0XCIIAEM,B007X904J8,4.0,1348531200
A2DURJRPTPKUZS,B007X909NY,4.0,1351036800
AW5JSQCHC2ZJO,B007X909NY,4.0,1350518400
AEL6CQNQXONBX,B007X909NY,4.0,1350172800
ALNFHVS3SC4FV,B007X909NY,4.0,1366156800
A2ZB8B7VQONZA6,B007X909NY,5.0,1351036800
A5JLAU2ARJ0BO,B007X909NY,1.0,1356566400
ARADXCOUVBS09,B007X909NY,5.0,1348704000
AKCZIJ6ZHE41D,B007X909NY,4.0,1358985600
A33HIV8RXRDM88,B007X909NY,4.0,1379376000
A1I2U8NT5J6P1N,B007X909NY,4.0,1348704000
AE8AT5NB4DDRM,B007X909NY,5.0,1348531200
ADFLBRY00Y70G,B007X909NY,3.0,1350518400
A2JVBJUU2DL0WA,B007X909NY,3.0,1350432000
A33B3XCIXB4ZVG,B007X909NY,4.0,1348617600
ADYZOSTF9LZLD,B007X909NY,3.0,1361145600
AFZJNYR931ZCN,B007X909NY,5.0,1355270400
A1KXJCXS6HFRQZ,B007X909NY,4.0,1352937600
A3MUSWDCTZINQZ,B007X909NY,5.0,1351123200
A1QR76SYGTXJN5,B007X90B46,2.0,1350950400
A14Z0Q1DU6CBJJ,B007X90B46,3.0,1349913600
A2IFKH3TJ10387,B007X90B46,3.0,1362009600
ALNFHVS3SC4FV,B007X90B46,3.0,1362355200
AMRZ5G7HF7I03,B007X90B46,4.0,1348272000
A2MVPY9XVYST9H,B007X90B46,4.0,1348963200
ALRCAGJOJ9583,B007X90B46,3.0,1349481600
A1SD1C8XK3Z3V1,B007X90B46,3.0,1351036800
AKCZIJ6ZHE41D,B007X90B46,2.0,1358985600
A33X80DIINN48Y,B007X90B46,3.0,1348617600
A1R2JUOGIYH6HO,B007X90B46,1.0,1349654400
A19JGPUJAX048H,B007X90B46,2.0,1348617600
A1ONZ8JRPLBNUI,B007X90B46,2.0,1352937600
A2JVBJUU2DL0WA,B007X90B46,2.0,1351036800
A1GNYV0RA0EQSS,B007X90B46,2.0,1350259200
ARIDN94LOCQFD,B007X90B46,4.0,1350172800
A19YOYY7FLQMA6,B007X90B46,1.0,1350172800
A3V2EZ6MA32FF6,B007X93IZ0,5.0,1350432000
A1DO6DKWF3CMBD,B007X93IZ0,4.0,1354752000
APPJNVNF4BFLB,B007X93IZ0,2.0,1349395200
A3SMD3T0QTN109,B007X93IZ0,5.0,1350518400
A2RME4353Y911C,B007X93IZ0,4.0,1351123200
A24RCBRDXRXR0Y,B007X93IZ0,4.0,1348617600
AVFJ327UXPXLF,B007X93IZ0,4.0,1350345600
A3ORV1QBL4K9U1,B007X93IZ0,4.0,1356566400
AQSW6WDVCJGB8,B007X93IZ0,3.0,1351036800
AYO1146CBIV5C,B007X93IZ0,4.0,1352764800
A1ODOGXEYECQQ8,B007X93IZ0,4.0,1349913600
AC04O7AYHEKJ5,B007X93IZ0,4.0,1364342400
A2B3A8NQIHITO8,B007X93IZ0,5.0,1362009600
A1VTBADV3JS1EC,B007X93IZ0,5.0,1348790400
A3TPNC3TKGCCEI,B007X93IZ0,5.0,1352937600
A2UT0FWM1DHKFJ,B007X93IZ0,5.0,1350259200
A3SQQYS79AV13M,B007X93IZ0,5.0,1355788800
A13Z96HR8EEF24,B007X93IZ0,4.0,1349222400
A1ITRGMT80D5TK,B007X93IZ0,5.0,1350432000
ANRD6B90QL0FF,B007X93IZ0,4.0,1349481600
A39D7ONPOORMUT,B007X93IZ0,4.0,1348704000
A19JDXB5R33C7R,B007X93IZ0,4.0,1350345600
A2K75QOCP9ZHSL,B007X93L34,4.0,1350864000
A3O28YJBZG1Q0Q,B007X93L34,5.0,1354752000
A3EXW4HNYX7HF5,B007X93L34,5.0,1364428800
A2HOLM5I1ARX9J,B007X93L34,3.0,1349136000
A21VGNU5959O85,B007X93L34,3.0,1350345600
A12PN254PTSGU5,B007X93L34,3.0,1351382400
A1JTTI1KH3DOCY,B007X93L34,4.0,1356739200
A3T6HX48F66512,B007X93L34,3.0,1351641600
A8WEXFRWX1ZHH,B007X93L34,4.0,1358899200
A1KGWUYXUBEMB2,B007X93L34,4.0,1349308800
A3M6KV5PDU46YI,B007X93L34,3.0,1350950400
A27H9DOUGY9FOS,B007X93L34,4.0,1349481600
A2HELIKP5RV27F,B007X93L34,4.0,1350864000
A3IAU6ZPVF2R5K,B007X93L34,5.0,1350432000
A2561PYW9TTMYD,B007X93L34,2.0,1356566400
A23TGI02RB7JC,B007X93L34,5.0,1351036800
AY3EENC2BGTGK,B007X93L34,3.0,1349913600
A1WSQ0QRWQC7VI,B007X93L34,2.0,1356566400
A1XVF5DU3N05OM,B007X93L34,4.0,1349568000
A3212H6SF9W1LV,B007X93L34,4.0,1351641600
A37D2TGTIXRV2N,B007X93L34,2.0,1363737600
A3PIW7ZF4C5ZJL,B007X93L34,4.0,1351036800
A2T04VAIXSKJH2,B007X93L34,3.0,1366070400
A19DW3VKM5KKYB,B007X93L34,5.0,1350518400
A26R7LLAFTPC3U,B007X93L34,3.0,1362614400
A39H1GO9E3YQIB,B007X9DRWO,1.0,1349654400
A2K75QOCP9ZHSL,B007X9DRWO,1.0,1350864000
A1P27BGF8NAI29,B007X9DRWO,4.0,1349308800
A16PUD6V3KAZ0Q,B007X9DRWO,1.0,1348617600
A3F0OFSE2M25U2,B007X9DRWO,1.0,1358726400
A1UHKF1UQ3EGW4,B007X9DRWO,4.0,1349222400
A3U5CZ3PV82JXD,B007X9DRWO,1.0,1350432000
A1IBKN1GXYJ3K4,B007X9DRWO,2.0,1354752000
A3B9C6MZAFC1JX,B007X9DRWO,2.0,1352937600
AO2AQRPPSTABB,B007X9DRWO,2.0,1349568000
A8KM4YOB8FGGH,B007X9DRWO,3.0,1356480000
A1RR36YKJB917S,B007X9DRWO,4.0,1351036800
A11LNY2OLQSUSV,B007X9DRWO,1.0,1352678400
A3KEZLJ59C1JVH,B007X9DRWO,2.0,1349740800
AHRNDSKWH1YBT,B007X9DRWO,3.0,1349308800
A3H0ZQ74ITU83J,B007X9DRWO,3.0,1350777600
A22CW0ZHY3NJH8,B007X9DRWO,4.0,1349654400
A231LBC8EGPO5L,B007X9DRWO,4.0,1350259200
AX7317G153T8W,B007X9DRWO,4.0,1350518400
AVL5IDEE8YA3D,B007X9DRWO,3.0,1350864000
A1ZZR25X0CNOJX,B007X9DRWO,1.0,1349136000
A3Y0IB3VYLD6A,B007X9DRWO,1.0,1352937600
A3DFH4CKPIT0N9,B007X9DRWO,1.0,1351123200
A3K91X9X2ARDOK,B007X9DRWO,1.0,1349654400
A1VLVWTLV3LVHR,B007X9DRWO,3.0,1358985600
A1P27BGF8NAI29,B007XPLI38,4.0,1352419200
A2ZO5SU0ESSB1N,B007XPLI38,4.0,1351296000
A18FUHNBP90IB4,B007XPLI38,4.0,1351814400
A2RVCF21L2NPU5,B007XPLI38,4.0,1352592000
A2K89R0B20LYHB,B007XPLI38,4.0,1358380800
AYOMAHLWRQHUG,B007XPLI38,3.0,1355529600
A34IBXM7E8CPWE,B007XPLI38,4.0,1351036800
A2MVPY9XVYST9H,B007XPLI38,4.0,1365206400
A1S52XH2CS4Y26,B007XPLI38,4.0,1352419200
AOGN1F0Q3HW86,B007XPLI38,2.0,1351728000
AFK893ELKDPY,B007XPLI38,5.0,1351296000
A4KJTS5P78ICU,B007XPLI38,4.0,1358380800
A2HELIKP5RV27F,B007XPLI38,3.0,1358121600
A3Q9HY0LU7MN6E,B007XPLI38,4.0,1353024000
A2ZKQC0XCIIAEM,B007XPLI38,5.0,1351036800
AMKPSJXCQZVW9,B007XPLI38,4.0,1351123200
A12E0Y0J6584RT,B007XPLI38,5.0,1352592000
A2JAEZ0FMAMJVW,B007XPLI56,5.0,1348099200
A1P27BGF8NAI29,B007XPLI56,4.0,1350000000
AYWHCM0TJ4737,B007XPLI56,5.0,1346284800
A1HYH206E18XVC,B007XPLI56,4.0,1350950400
A2VAD79S4A06DD,B007XPLI56,5.0,1346457600
A18FUHNBP90IB4,B007XPLI56,4.0,1346025600
A2MVPY9XVYST9H,B007XPLI56,4.0,1347235200
A1S27P7KJO9I96,B007XPLI56,5.0,1347840000
A2T7GZ74MZI0MN,B007XPLI56,4.0,1356480000
A26SO3TOT2TLJE,B007XPLI56,5.0,1348099200
A1KI3173CO6TK2,B007XPLI56,3.0,1354233600
AYO1146CBIV5C,B007XPLI56,5.0,1348012800
A1LG1DKUZXGJ6J,B007XPLI56,4.0,1346112000
A2RN2AO4BE6F4K,B007XPLI56,5.0,1346803200
APDPA11IZPYLN,B007XPLI56,4.0,1356566400
A2J8DE8R94ZB02,B007XPLI56,4.0,1347840000
A1II2ZRPKZAQQD,B007XVYO3I,4.0,1351296000
AM2IR1V5EU55U,B007XVYO3I,4.0,1348963200
A1GBT4UN2RW7XY,B007XVYO3I,2.0,1348617600
A2QI2NTDTMK2FV,B007XVYO3I,4.0,1351123200
AK1WNXTHNCG5V,B007XVYO3I,5.0,1349568000
A2JKM8KF3296CW,B007XVYO3I,3.0,1348272000
A231LBC8EGPO5L,B007XVYO3I,5.0,1356652800
A12E0Y0J6584RT,B007XVYO3I,5.0,1349654400
A2NXAV1SNXWA9H,B007XVYO3I,4.0,1350432000
A3FQZH8PJB535A,B007XVYO3I,5.0,1350518400
A1NKKF4W2LHF6M,B007XVYOM4,4.0,1350518400
A2IMGHMF0LO151,B007XVYOM4,5.0,1349395200
A1GBT4UN2RW7XY,B007XVYOM4,4.0,1351641600
A1SD1C8XK3Z3V1,B007XVYOM4,5.0,1350259200
A1Y5ERIKQBEMSP,B007XVYOM4,5.0,1351987200
A381MT950I6KRL,B007XVYOM4,4.0,1352851200
AK1WNXTHNCG5V,B007XVYOM4,5.0,1349568000
A2JKM8KF3296CW,B007XVYOM4,3.0,1348272000
A34W59GPOUKU8L,B007XVYOM4,3.0,1350518400
A2J8DE8R94ZB02,B007XVYOM4,3.0,1358035200
A1II2ZRPKZAQQD,B007XVYSYI,4.0,1341014400
A2877AOHJFZI0E,B007XVYSYI,4.0,1341273600
A2CNGARED6OWWU,B007XVYSYI,4.0,1342569600
ATS7LYGLUX34L,B007XVYSYI,3.0,1340755200
A3OJX18B60PJR9,B007XVYSYI,5.0,1342656000
AMRZ5G7HF7I03,B007XVYSYI,4.0,1340755200
AWH2AY17ZU7W2,B007XVYSYI,4.0,1366675200
A3LLP0VSTSABK2,B007XVYSYI,5.0,1341100800
A1NIGUK4M2ST8,B007XVYSYI,4.0,1342569600
A231LBC8EGPO5L,B007XVYSYI,5.0,1340668800
A3CIHP9FFPE9I3,B007XVYSZW,5.0,1346803200
A2OJCTT5WLB2HR,B007XVYSZW,4.0,1342742400
AMRZ5G7HF7I03,B007XVYSZW,4.0,1340755200
A2RKI7RPP5CJMG,B007XVYSZW,3.0,1343001600
A8INT3NMHRUS4,B007XVYSZW,4.0,1342915200
AP8D74QD9LUUL,B007XVYSZW,5.0,1341878400
A231LBC8EGPO5L,B007XVYSZW,5.0,1340668800
A2IJ54FX1L83WK,B007XVYSZW,5.0,1341273600
ARPB88E6F2MFR,B007XVYSZW,4.0,1343692800
A58F10T4OE58C,B007XVYSZW,3.0,1343865600
A2CNGARED6OWWU,B007XVYTNS,3.0,1350432000
A2RVCF21L2NPU5,B007XVYTNS,5.0,1348617600
A3MEMX0XF00TBD,B007XVYTNS,5.0,1351468800
A2MVPY9XVYST9H,B007XVYTNS,4.0,1358380800
ATJE929ETFFNH,B007XVYTNS,4.0,1357171200
A2RKI7RPP5CJMG,B007XVYTNS,4.0,1354924800
AE8AT5NB4DDRM,B007XVYTNS,5.0,1350691200
A3LLP0VSTSABK2,B007XVYTNS,4.0,1349222400
A1NIGUK4M2ST8,B007XVYTNS,5.0,1348963200
AM8J1UVGVYAL4,B007XVYTNS,4.0,1356480000
ALGI34BYWIXZG,B007XVYTNS,5.0,1356048000
A2D4FQHV506EPB,B007Z8U7CG,4.0,1359936000
AQIBFWWA8UWKF,B007Z8U7CG,4.0,1363651200
A1486KL0IOM7VM,B007Z8U7CG,4.0,1367712000
AJ2FDNZ3COBFN,B007Z8U7CG,2.0,1359936000
A1FDVT0DLJWV78,B007Z8U7CG,4.0,1360972800
A31HE83MU98GBV,B007Z8U7CG,4.0,1362355200
A2KIVODZRTGY4U,B007Z8U7CG,5.0,1360886400
A1KGWUYXUBEMB2,B007Z8U7CG,3.0,1360540800
A2BVNVJOFXGZUB,B007Z8U7CG,4.0,1359590400
A3U029B8Z5WGI2,B007Z8U7CG,4.0,1359590400
AVL5IDEE8YA3D,B007Z8U7CG,3.0,1359590400
A12E0Y0J6584RT,B007Z8U7CG,4.0,1360713600
A18LURVBV82KW2,B007Z8U7CG,4.0,1363824000
A2WW57XX2UVLM6,B007Z8U7CG,4.0,1359417600
A3JLOIXFM75QNV,B007Z8U7CG,4.0,1359590400
A2RW587355CMVA,B00804BDBI,3.0,1344988800
A26KXNN6H1IL0I,B00804BDBI,4.0,1356480000
A3S5WYWYKSAI9C,B00804BDBI,3.0,1344902400
A2974R9BTPZPOJ,B00804BDBI,2.0,1344988800
A26DQMYF5E0GL6,B00804BDBI,3.0,1345680000
A28IIVKXOE1ATF,B00804BDBI,5.0,1344297600
A5JLAU2ARJ0BO,B00804BDBI,4.0,1343952000
A31HE83MU98GBV,B00804BDBI,5.0,1345075200
A1DD9MSMEKYOVW,B00804BDBI,5.0,1352851200
A2XA8CW5DF4MNZ,B00804BDBI,5.0,1344902400
A26EQ8U96JA92T,B00804BDBI,4.0,1347753600
AI2XINIZFPBI8,B00804BDBI,5.0,1343260800
A2KFWHHUFVKFXZ,B00804BDBI,4.0,1348617600
A2RHV42BTJSVON,B00804BDBI,4.0,1345507200
A1J6B00Z1D6PS4,B00804BDBI,4.0,1355529600
A3L2KYOYDWSRPL,B00804BDBI,2.0,1347408000
A23TGI02RB7JC,B00804BDBI,4.0,1345075200
AOEUN9718KVRD,B00804BDBI,5.0,1344643200
A2DA2NJZ2RIYAB,B00804BDBI,5.0,1345680000
A11LNY2OLQSUSV,B00804BDBI,5.0,1348444800
A1ONZ8JRPLBNUI,B00804BDBI,4.0,1352073600
A2IJ54FX1L83WK,B00804BDBI,5.0,1343779200
A2ULQOGN59LDNK,B00804BDBI,2.0,1344729600
A33VI944SO2YCN,B00804BDBI,5.0,1345248000
ASY25YMTIC2A9,B00804BDBI,1.0,1343088000
A3DFH4CKPIT0N9,B00804BDBI,2.0,1344988800
AXVKMYWNIHK7W,B00804BDBI,4.0,1345075200
AFZJNYR931ZCN,B00804BDBI,3.0,1343088000
A156P4FPL8OGXB,B00804BDBI,4.0,1343865600
AIPVKMLXTO6H9,B00804BDBI,4.0,1350259200
A2J8DE8R94ZB02,B00804BDBI,5.0,1354579200
A12O5SEIF162P8,B00804BDBI,4.0,1345593600
A1XFI340SHOS5K,B00804BDBI,4.0,1343088000
A3VGAP2KLCBNBB,B00804BDCM,4.0,1347580800
A2GRDQJ4Z7053K,B00804BDCM,5.0,1343088000
AZA55FJD7CCZN,B00804BDCM,5.0,1350518400
A2877AOHJFZI0E,B00804BDCM,5.0,1345593600
A2CNGARED6OWWU,B00804BDCM,5.0,1344988800
A3SMV35531YME,B00804BDCM,4.0,1344211200
A1I7QGUDP043DG,B00804BDCM,5.0,1344297600
A37USOKUTI724H,B00804BDCM,4.0,1346630400
A2E4R7YISIM4QM,B00804BDCM,4.0,1363651200
A2KIVODZRTGY4U,B00804BDCM,5.0,1344384000
A97H5I4P5PCEM,B00804BDCM,5.0,1343865600
A1M5ZT35YX6TIN,B00804BDCM,3.0,1347494400
A1DD9MSMEKYOVW,B00804BDCM,4.0,1353456000
A2XA8CW5DF4MNZ,B00804BDCM,5.0,1343088000
A14X244VGHWPSX,B00804BDCM,5.0,1345680000
A361U4SXK7FCQE,B00804BDCM,4.0,1344816000
A305XM71TF83CY,B00804BDCM,4.0,1343260800
A2KFWHHUFVKFXZ,B00804BDCM,4.0,1348617600
ASHO96ZB8AL1Z,B00804BDCM,5.0,1347235200
ALLHJD3KZF9KC,B00804BDCM,5.0,1343088000
APVK8GGSSUDCE,B00804BDCM,4.0,1348012800
A3212H6SF9W1LV,B00804BDCM,4.0,1343952000
A3QD7VWBD470D2,B00804BDCM,5.0,1345507200
A3K8AU6BAGN60E,B00804BDCM,5.0,1346284800
A1VF5HRCDF99CF,B00804BDCM,5.0,1348617600
A2YV6F6DLENNTM,B00804BDCM,5.0,1344816000
AC04O7AYHEKJ5,B00804BDCM,5.0,1348099200
A276OI0NHBYORX,B00804BDCM,5.0,1346112000
A3PIW7ZF4C5ZJL,B00804BDCM,3.0,1344556800
A12E0Y0J6584RT,B00804BDCM,4.0,1344643200
A2B7BUH8834Y6M,B00804BDCM,5.0,1343692800
A1R1BFJCMWX0Y3,B00804BDCM,4.0,1343520000
A3HPCRD9RX351S,B00804BDCM,4.0,1343779200
A335GUD1YBS31U,B00804BDCM,3.0,1365984000
ACAXV4V8PBCE3,B00804BDCM,4.0,1344729600
AFYQ9V4XBVCJ1,B00804BDCM,5.0,1343865600
AIPVKMLXTO6H9,B00804BDCM,5.0,1343088000
AUJFO0J9A2HGE,B00804BDE0,4.0,1351123200
A3VGAP2KLCBNBB,B00804BDE0,5.0,1351036800
A2GRDQJ4Z7053K,B00804BDE0,3.0,1351296000
A3LWC833HQIG7J,B00804BDE0,5.0,1352332800
A3IKLTT9JQACCI,B00804BDE0,5.0,1351209600
A3AL9NFNWTRV39,B00804BDE0,5.0,1351123200
A3S5WYWYKSAI9C,B00804BDE0,4.0,1352851200
AJ2FDNZ3COBFN,B00804BDE0,5.0,1353196800
A37USOKUTI724H,B00804BDE0,4.0,1352505600
A10Z8FC0SMU5VQ,B00804BDE0,5.0,1351123200
A31HE83MU98GBV,B00804BDE0,5.0,1358208000
A1V3PCKVCJ3TTZ,B00804BDE0,5.0,1351296000
A1M5ZT35YX6TIN,B00804BDE0,5.0,1352764800
ALEUQQE118NEW,B00804BDE0,5.0,1351296000
A1WKEAS58297E5,B00804BDE0,5.0,1360540800
A2QETZZ5EKH5RQ,B00804BDE0,3.0,1351382400
AI2XINIZFPBI8,B00804BDE0,5.0,1352246400
A2KFWHHUFVKFXZ,B00804BDE0,4.0,1354233600
AOEUN9718KVRD,B00804BDE0,4.0,1351641600
A2SLX6UHHYCMCV,B00804BDE0,4.0,1358208000
ADFLBRY00Y70G,B00804BDE0,4.0,1352937600
A3212H6SF9W1LV,B00804BDE0,4.0,1351641600
A3Z9QN0RCOHEY,B00804BDE0,5.0,1353283200
A3FFKU2MTCOBM1,B00804BDE0,5.0,1365206400
A276OI0NHBYORX,B00804BDE0,5.0,1355356800
A12E0Y0J6584RT,B00804BDE0,4.0,1352592000
A11OBEH2ZCVAHX,B00804BDE0,3.0,1351123200
A33B3XCIXB4ZVG,B00804BDE0,5.0,1351123200
A3DFH4CKPIT0N9,B00804BDE0,3.0,1351900800
A2YQ2ZI65F37N8,B00804BDE0,5.0,1352160000
A3V55DVYU80LDS,B00804BDE0,5.0,1362182400
A32QWD5DEY4LDU,B00804BDE0,4.0,1351814400
A2W2E6BPPYZO0T,B00804BDE0,4.0,1352851200
A2D4FQHV506EPB,B00804BDEU,3.0,1356480000
A1X2YRSD648FM3,B00804BDEU,5.0,1353369600
A2CNGARED6OWWU,B00804BDEU,5.0,1352764800
AJ2FDNZ3COBFN,B00804BDEU,3.0,1355097600
A2RVCF21L2NPU5,B00804BDEU,5.0,1348704000
A2PU5IDX61XJ7A,B00804BDEU,5.0,1351123200
ACJT8MUC0LRF0,B00804BDEU,5.0,1351728000
A1TS45JWJVOSSW,B00804BDEU,5.0,1351296000
A5K3CK2PWYQ7O,B00804BDEU,4.0,1353110400
A31HE83MU98GBV,B00804BDEU,5.0,1362355200
A1M5ZT35YX6TIN,B00804BDEU,5.0,1352764800
AYNNJ0DBGL5H7,B00804BDEU,5.0,1361318400
A3HAA7H8PBVM78,B00804BDEU,5.0,1352246400
AQYYUN3T7B0WM,B00804BDEU,4.0,1353283200
A3C2JQC6R2K52C,B00804BDEU,4.0,1352073600
A3L2KYOYDWSRPL,B00804BDEU,4.0,1352851200
A2SLX6UHHYCMCV,B00804BDEU,4.0,1352937600
AVJJ2D4G5I0Z4,B00804BDEU,4.0,1353369600
A1UCPXUBSESD65,B00804BDEU,5.0,1351900800
AY1EF0GOH80EK,B00804BDEU,5.0,1352851200
A3Q9HY0LU7MN6E,B00804BDEU,5.0,1350950400
AZMISC9FAUBIR,B00804BDEU,5.0,1351036800
A2YV6F6DLENNTM,B00804BDEU,2.0,1352419200
A1FXY0GUFHEI59,B00804BDEU,5.0,1350950400
A2KWE2ZM1EEBGJ,B00804BDEU,4.0,1355961600
A1R1BFJCMWX0Y3,B00804BDEU,4.0,1353456000
AGFW667QNHDOY,B00804BDEU,5.0,1353715200
A33VI944SO2YCN,B00804BDEU,5.0,1352592000
A2QKCOX5ACRHC5,B00804BDEU,3.0,1351814400
A3NEAETOSXDBOM,B00804BDEU,5.0,1350950400
A2I4A4WGWII18Z,B00804BDEU,5.0,1351728000
A3FQZH8PJB535A,B00804BDEU,5.0,1352851200
AFICF7DKHTQ87,B00804BDEU,4.0,1351641600
A2RIAXGSBP65BJ,B00804BEB2,4.0,1366156800
A3VGAP2KLCBNBB,B00804BEB2,4.0,1356393600
A2GRDQJ4Z7053K,B00804BEB2,5.0,1351296000
A3V2EZ6MA32FF6,B00804BEB2,5.0,1366156800
A2IG937LQKWO7C,B00804BEB2,4.0,1352332800
A2877AOHJFZI0E,B00804BEB2,4.0,1351123200
A1I7QGUDP043DG,B00804BEB2,5.0,1350864000
A22DRQMROONYOK,B00804BEB2,5.0,1356566400
A2OJCTT5WLB2HR,B00804BEB2,5.0,1351641600
A2974R9BTPZPOJ,B00804BEB2,3.0,1361318400
AKJHHD5VEH7VG,B00804BEB2,3.0,1353888000
A1TS45JWJVOSSW,B00804BEB2,5.0,1351296000
A1S52XH2CS4Y26,B00804BEB2,3.0,1358208000
A31HE83MU98GBV,B00804BEB2,5.0,1362355200
A10YWQ4AAAE29O,B00804BEB2,5.0,1351123200
A336FE20YZZL3A,B00804BEB2,5.0,1358380800
A17V2N0N8CXSA9,B00804BEB2,5.0,1352937600
A215WH6RUDUCMP,B00804BEB2,5.0,1351814400
A33X80DIINN48Y,B00804BEB2,5.0,1352246400
A1F5O1USOUOOXI,B00804BEB2,5.0,1351900800
A3C9YGB4H90PDE,B00804BEB2,4.0,1352937600
AI2XINIZFPBI8,B00804BEB2,5.0,1352246400
A23TGI02RB7JC,B00804BEB2,5.0,1351123200
A3PPXVR5J6U2JD,B00804BEB2,4.0,1365984000
A3QD7VWBD470D2,B00804BEB2,4.0,1352764800
A2YV6F6DLENNTM,B00804BEB2,5.0,1351555200
AC04O7AYHEKJ5,B00804BEB2,5.0,1351468800
A276OI0NHBYORX,B00804BEB2,5.0,1353715200
A2B7BUH8834Y6M,B00804BEB2,5.0,1354665600
A14RYRR7ETV3UY,B00804BEB2,3.0,1352937600
A1VABWDOUQLULZ,B00804BEB2,5.0,1356480000
AGFW667QNHDOY,B00804BEB2,5.0,1359849600
AV1F8VNJPLPTL,B00804BEB2,5.0,1352937600
AUCXT9K30SHYF,B00804BEB2,5.0,1353369600
A3FQZH8PJB535A,B00804BEB2,3.0,1352937600
A3K91X9X2ARDOK,B00804BEB2,5.0,1351641600
A2YQ2ZI65F37N8,B00804BEB2,5.0,1352592000
AIVZMEFEAGF3,B00804BEB2,5.0,1352678400
A12O5SEIF162P8,B00804BEB2,5.0,1351728000
A2V9DTXTQ5YIMK,B0082K8RK0,5.0,1385078400
A16Z2OECAUX8Z4,B0082K8RK0,5.0,1387324800
A3CA3RWZYJDWXE,B0082K8RK0,5.0,1379462400
A2RX62V4E2BF5Z,B0082K8RK0,4.0,1383955200
ALNFHVS3SC4FV,B0082K8RK0,5.0,1382918400
A1TR1R2QKWRSRA,B0082K8RK0,4.0,1386547200
ACJT8MUC0LRF0,B0082K8RK0,5.0,1382572800
A2LW5AL0KQ9P1M,B0082K8RK0,5.0,1384300800
AMS2CPERWN7JV,B0082K8RK0,5.0,1386547200
A2503LT8PZIHAD,B0082K8RK0,3.0,1383436800
A336FE20YZZL3A,B0082K8RK0,5.0,1386028800
A1BKJNAWJT2TG2,B0082K8RK0,5.0,1378771200
A22VNXHU6IZ5MT,B0082K8RK0,5.0,1385510400
AYB4ELCS5AM8P,B0082K8RK0,5.0,1384473600
A6VSWJVTWEOII,B0082K8RK0,4.0,1385337600
A267FU71Z01CIH,B0082K8RK0,4.0,1385337600
A2VYA302TO2K1C,B0082K8RK0,5.0,1383091200
A2CZ98V784SRJ0,B0082K8RK0,3.0,1382659200
A1UQBFCERIP7VJ,B0082K8RK0,5.0,1385078400
AOEUN9718KVRD,B0082K8RK0,4.0,1385251200
A2QDOJFFLFGF18,B0082K8RK0,4.0,1387411200
A376OJHLE6SU9Q,B0082K8RK0,3.0,1385856000
A1QBOC76MIOJYP,B0082K8RK0,2.0,1385769600
AAA0TUKS5VBSA,B0082K8RK0,4.0,1382745600
A231LBC8EGPO5L,B0082K8RK0,5.0,1382832000
A276OI0NHBYORX,B0082K8RK0,4.0,1382486400
ALQ4USPEQ9L5N,B0082K8RK0,3.0,1387065600
AFICF7DKHTQ87,B0082K8RK0,4.0,1383264000
A2G04D4QZAXL15,B0082K8RK0,5.0,1383868800
A2ECTCPBTOGW4H,B0083SSLRU,5.0,1352073600
A1NKKF4W2LHF6M,B0083SSLRU,4.0,1350518400
A3LMPD1ZQTWOC4,B0083SSLRU,5.0,1363132800
A12PN254PTSGU5,B0083SSLRU,4.0,1362009600
AYDC7F9UF6EQX,B0083SSLRU,4.0,1349827200
A3U5CZ3PV82JXD,B0083SSLRU,5.0,1359590400
A37USOKUTI724H,B0083SSLRU,5.0,1352332800
A3M6KV5PDU46YI,B0083SSLRU,4.0,1350950400
AHQ13I9CI4US6,B0083SSLRU,5.0,1352246400
A3RYSRBRTZB0JD,B0083SSLRU,5.0,1351123200
ASJ0MKRFZC47B,B0083SSLRU,5.0,1348617600
ALDV8DDZWWPYE,B0083SSLRU,5.0,1350864000
A3K8AU6BAGN60E,B0083SSLRU,4.0,1350259200
AG71XMQGQ2UTJ,B0083SSLRU,5.0,1351036800
A2IJ54FX1L83WK,B0083SSLRU,4.0,1348617600
A18LURVBV82KW2,B0083SSLRU,4.0,1350864000
A156P4FPL8OGXB,B0083SSLRU,4.0,1349049600
ADZIJQN6MNRAB,B0083SSLRU,4.0,1350259200
A1POFVVXUZR3IQ,B0083SSLRU,4.0,1349136000
AFO678EAGH4Y9,B0083SSLWK,4.0,1353110400
ACREHLVRC4H5B,B0083SSLWK,3.0,1351468800
A2HOLM5I1ARX9J,B0083SSLWK,3.0,1366848000
A3U5CZ3PV82JXD,B0083SSLWK,5.0,1359590400
ATS2855497V0I,B0083SSLWK,3.0,1351555200
A3R5GTYQ50QVMD,B0083SSLWK,4.0,1351900800
A22CW0ZHY3NJH8,B0083SSLWK,4.0,1352937600
AC04O7AYHEKJ5,B0083SSLWK,4.0,1364342400
A2IJ54FX1L83WK,B0083SSLWK,5.0,1351036800
A11I1I9QLMAM1A,B0083SSLWK,4.0,1353024000
A156P4FPL8OGXB,B0083SSLWK,3.0,1351123200
ADZIJQN6MNRAB,B0083SSLWK,5.0,1351900800
A81XIM8XFKWX5,B0083SSLWK,4.0,1352937600
A2ECTCPBTOGW4H,B0083SSMEM,5.0,1352073600
A1UKA7HUAQAMY,B0083SSMEM,4.0,1350518400
A2AYJJAFNSGSU1,B0083SSMEM,3.0,1350864000
A3U5CZ3PV82JXD,B0083SSMEM,5.0,1355788800
A15D2X8MICR2VQ,B0083SSMEM,5.0,1353283200
A3T6HX48F66512,B0083SSMEM,4.0,1357344000
AFK893ELKDPY,B0083SSMEM,5.0,1351296000
AI2XINIZFPBI8,B0083SSMEM,5.0,1350691200
A3FMPT5IH0CJ50,B0083SSMEM,4.0,1356566400
A2561PYW9TTMYD,B0083SSMEM,5.0,1356566400
A3RYSRBRTZB0JD,B0083SSMEM,5.0,1349654400
A3QBCX2QMKJ7AH,B0083SSMEM,5.0,1351036800
ALDV8DDZWWPYE,B0083SSMEM,5.0,1357516800
A3TIJLY4VX8CH3,B0083SSMEM,5.0,1350518400
A2IJ54FX1L83WK,B0083SSMEM,5.0,1350345600
A13WEKTB63G78Y,B0083SSMEM,4.0,1359331200
A3JPFWKS83R49V,B0083TXVLA,4.0,1342483200
A2K89R0B20LYHB,B0083TXVLA,4.0,1341532800
ALNFHVS3SC4FV,B0083TXVLA,5.0,1341446400
A1TR1R2QKWRSRA,B0083TXVLA,4.0,1345420800
A2OJCTT5WLB2HR,B0083TXVLA,5.0,1342656000
A15D2X8MICR2VQ,B0083TXVLA,4.0,1341100800
A14X244VGHWPSX,B0083TXVLA,5.0,1342656000
A34CSXOGVYF94S,B0083TXVLA,1.0,1341532800
A1F5O1USOUOOXI,B0083TXVLA,5.0,1343001600
ABQWMANK4AR63,B0083TXVLA,4.0,1341532800
A2UEB48LAWFUCW,B0083TXVLA,5.0,1342483200
A28OB1QLXN5BM6,B0083TXVLA,3.0,1344816000
A19JGPUJAX048H,B0083TXVLA,4.0,1342483200
A2ZKQC0XCIIAEM,B0083TXVLA,5.0,1341878400
AC04O7AYHEKJ5,B0083TXVLA,4.0,1342656000
AX7317G153T8W,B0083TXVLA,5.0,1341705600
A2IJ54FX1L83WK,B0083TXVLA,3.0,1341273600
A4UGMKUSX9XHI,B0083TXVLA,5.0,1340841600
A2BZ16RKE13PKV,B0083TXVLA,4.0,1343001600
A19DW3VKM5KKYB,B0083TXVLA,3.0,1348099200
A3QD59N3M7O7KB,B0083TXVLA,4.0,1342137600
A2V0I904FH7ABY,B0083TXVLA,4.0,1342656000
A3U0S17XYK8XMJ,B0083TXVW4,4.0,1352937600
AFO678EAGH4Y9,B0083TXVW4,4.0,1348704000
A1RTSVWEXMKAR1,B0083TXVW4,1.0,1353369600
A21VGNU5959O85,B0083TXVW4,4.0,1345507200
A2C1Y5F8DE9H6P,B0083TXVW4,4.0,1348099200
A1UV5NB0DXTSWH,B0083TXVW4,4.0,1345766400
A10ZBR6O8S8OCY,B0083TXVW4,4.0,1351641600
A1TR1R2QKWRSRA,B0083TXVW4,3.0,1345507200
A3V5F050GVZ56Q,B0083TXVW4,4.0,1372723200
A37CXU92U7FYJH,B0083TXVW4,5.0,1359331200
A1KDM0N4UCEPHA,B0083TXVW4,3.0,1352851200
AT1RF4WNPGGLC,B0083TXVW4,5.0,1345680000
AR3EVUQF0AC7R,B0083TXVW4,3.0,1348099200
A3Q9HY0LU7MN6E,B0083TXVW4,4.0,1345766400
A3TPNC3TKGCCEI,B0083TXVW4,5.0,1355011200
AUS5X6IMFLJBD,B0083TXVW4,5.0,1346198400
A3LKLGZZ8OWR51,B0083TXVW4,5.0,1348099200
A2Z2FATA8JNL54,B0083TXVW4,4.0,1347148800
A11EXFO14WEJM1,B0083TXVW4,3.0,1347321600
A33230MIA3W7G4,B0083TXVW4,4.0,1345507200
A3QD59N3M7O7KB,B0083TXVW4,4.0,1346803200
AA98O5326L88T,B0083TXW6E,4.0,1350432000
ADY836HK6QSYR,B0083TXW6E,3.0,1350172800
A1HBC0NBQJHT7X,B0083TXW6E,1.0,1346889600
A3E7E854VCA4E7,B0083TXW6E,3.0,1352505600
AG8E2F0G98ZTB,B0083TXW6E,2.0,1346976000
ARADXCOUVBS09,B0083TXW6E,4.0,1347580800
A1VYFEJM12ZP11,B0083TXW6E,1.0,1345507200
A1VXIY1511XQK2,B0083TXW6E,5.0,1347235200
A37CXU92U7FYJH,B0083TXW6E,2.0,1356393600
ASGI7E0AJ8H5X,B0083TXW6E,3.0,1348444800
AYB4ELCS5AM8P,B0083TXW6E,3.0,1346716800
A2LF16F0KX9L7P,B0083TXW6E,5.0,1346889600
ABQWMANK4AR63,B0083TXW6E,1.0,1347062400
AOAOARIH72UWI,B0083TXW6E,1.0,1347840000
A3QDDEW6RXVEAY,B0083TXW6E,3.0,1347753600
A2S26YGSVXBCFL,B0083TXW6E,1.0,1346284800
AR3EVUQF0AC7R,B0083TXW6E,2.0,1348099200
A37D2TGTIXRV2N,B0083TXW6E,3.0,1347926400
A3Y0IB3VYLD6A,B0083TXW6E,2.0,1358899200
A8QYRG7TW491B,B0083TXW6E,3.0,1350691200
A1ITRGMT80D5TK,B0083TXW6E,3.0,1346025600
A1Q1T811N4IY3Z,B0083TXW6E,3.0,1348012800
A19JDXB5R33C7R,B0083TXW6E,3.0,1348963200
A2JAEZ0FMAMJVW,B0083TXWMI,5.0,1345075200
A3JPFWKS83R49V,B0083TXWMI,4.0,1346198400
AYUF7YETYOLNX,B0083TXWMI,2.0,1344902400
A2IFKH3TJ10387,B0083TXWMI,4.0,1364342400
A18YMFFJW974QS,B0083TXWMI,5.0,1376092800
AOM63D4VL32WM,B0083TXWMI,5.0,1344297600
A1BXVZSQOJE6UE,B0083TXWMI,4.0,1356739200
ATQ22E6YAUNXP,B0083TXWMI,5.0,1343260800
A3U5CZ3PV82JXD,B0083TXWMI,4.0,1345075200
AMS2CPERWN7JV,B0083TXWMI,4.0,1357776000
A194K60CWZ371J,B0083TXWMI,5.0,1344124800
A2IMZNPSJGB2HQ,B0083TXWMI,4.0,1350518400
ATJE929ETFFNH,B0083TXWMI,2.0,1348099200
A2065HBMYDXJ1S,B0083TXWMI,4.0,1345075200
A3C6CZC2JP67VK,B0083TXWMI,4.0,1353456000
A3M6KV5PDU46YI,B0083TXWMI,4.0,1343347200
A2SDRCBPIAXVDW,B0083TXWMI,5.0,1344988800
A1R6DKN9YQ2YU1,B0083TXWMI,5.0,1347494400
A26BDXG9KVH7SU,B0083TXWMI,4.0,1343606400
AT28RL25Q2OLK,B0083TXWMI,5.0,1349568000
A231LBC8EGPO5L,B0083TXWMI,5.0,1344384000
AQ1F3NP2G15S5,B0083TXWMI,4.0,1348531200
AV1F8VNJPLPTL,B0083TXWMI,4.0,1345075200
A19YOYY7FLQMA6,B0083TXWMI,5.0,1344038400
A1KMG1AIUS00DC,B0083TXWMI,4.0,1344729600
AA98O5326L88T,B0083TXWXC,5.0,1343174400
A3TNM3C9ENUCFW,B0083TXWXC,4.0,1343865600
A3N27L13CWJ9HY,B0083TXWXC,5.0,1344816000
A36MP37DITBU6F,B0083TXWXC,5.0,1343260800
AYB4ELCS5AM8P,B0083TXWXC,5.0,1343088000
A2X7NBUETXC19E,B0083TXWXC,4.0,1345680000
A1UUI7PFQ5FU4E,B0083TXWXC,4.0,1344988800
AFHYEO3Y1IIDD,B0083TXWXC,4.0,1343174400
APVK8GGSSUDCE,B0083TXWXC,4.0,1352937600
A3LOGP4VA9DX46,B0083TXWXC,4.0,1345075200
A2Z2FATA8JNL54,B0083TXWXC,4.0,1344643200
A11EXFO14WEJM1,B0083TXWXC,4.0,1344211200
A3SQQYS79AV13M,B0083TXWXC,5.0,1343865600
A1T8N18XKDLJO4,B0083TXX0E,4.0,1348704000
A21VGNU5959O85,B0083TXX0E,4.0,1345507200
A2RVCF21L2NPU5,B0083TXX0E,5.0,1347148800
A2C1Y5F8DE9H6P,B0083TXX0E,4.0,1348099200
A33PBU9EHZ28PC,B0083TXX0E,4.0,1368144000
A3OJX18B60PJR9,B0083TXX0E,4.0,1364342400
A2MVPY9XVYST9H,B0083TXX0E,4.0,1346457600
A83RPS198D04S,B0083TXX0E,3.0,1346976000
A2TS040W2FW5O,B0083TXX0E,4.0,1348012800
A26OPNLJ0JYHPH,B0083TXX0E,2.0,1350518400
AQSW6WDVCJGB8,B0083TXX0E,4.0,1353110400
A3UYBRB74RJFXB,B0083TXX0E,5.0,1345680000
A1MAI0TUIM3R2X,B0083TXX0E,4.0,1345593600
A3TPNC3TKGCCEI,B0083TXX0E,5.0,1355011200
A29VG90T649CSU,B0083TXX0E,5.0,1356048000
AS7SB0A3QKVQV,B0083TXX0E,5.0,1346630400
A2QKCOX5ACRHC5,B0083TXX0E,4.0,1349049600
A3DGJMO6VPG6FJ,B0083TXX0E,4.0,1346284800
A2G04D4QZAXL15,B0083TXX0E,4.0,1346025600
AVHN134ADVP4R,B0083TXXE0,4.0,1350777600
A19D3N662QS9WD,B0083TXXE0,5.0,1343692800
A18YMFFJW974QS,B0083TXXE0,5.0,1360972800
A12PN254PTSGU5,B0083TXXE0,5.0,1351382400
A1FDVT0DLJWV78,B0083TXXE0,3.0,1351123200
A3MEMX0XF00TBD,B0083TXXE0,5.0,1345766400
A2974R9BTPZPOJ,B0083TXXE0,5.0,1344988800
A3N27L13CWJ9HY,B0083TXXE0,4.0,1343260800
A2E4R7YISIM4QM,B0083TXXE0,5.0,1348531200
A3USZS8Q4GOKGE,B0083TXXE0,5.0,1343174400
AKCZIJ6ZHE41D,B0083TXXE0,4.0,1346198400
A2OY6P98P87047,B0083TXXE0,5.0,1343088000
A35LT14WG5BX0T,B0083TXXE0,4.0,1355961600
A1WBEIH7Z37LN9,B0083TXXE0,4.0,1344038400
ADFLBRY00Y70G,B0083TXXE0,4.0,1344988800
A1XVF5DU3N05OM,B0083TXXE0,3.0,1348099200
A2JVBJUU2DL0WA,B0083TXXE0,4.0,1343174400
A9XX8OHS2ZQ2X,B0083TXXE0,5.0,1346630400
AS7SB0A3QKVQV,B0083TXXE0,5.0,1345334400
A3K91X9X2ARDOK,B0083TXXE0,4.0,1345680000
AIVZMEFEAGF3,B0083TXXE0,4.0,1343865600
A2V0I904FH7ABY,B0083TXXE0,5.0,1344556800
A1QR76SYGTXJN5,B0083TXXTA,5.0,1349740800
AYWHCM0TJ4737,B0083TXXTA,5.0,1352851200
A3E7E854VCA4E7,B0083TXXTA,5.0,1354147200
A1WKQ94M45D8MG,B0083TXXTA,5.0,1349049600
A1JTTI1KH3DOCY,B0083TXXTA,3.0,1348099200
A2BFIYZYNK54QX,B0083TXXTA,4.0,1351641600
A3C2JQC6R2K52C,B0083TXXTA,4.0,1346889600
A1I2U8NT5J6P1N,B0083TXXTA,3.0,1348272000
ALDV8DDZWWPYE,B0083TXXTA,5.0,1348099200
A1VTBADV3JS1EC,B0083TXXTA,5.0,1345680000
ATMQEI1LKR6VB,B0083TXXTA,5.0,1365120000
A1KMG1AIUS00DC,B0083TXXTA,5.0,1346025600
A3MUSWDCTZINQZ,B0083TXXTA,4.0,1347321600
ACR4HKUT808U1,B0083TXXTA,5.0,1346716800
AA98O5326L88T,B0083TXXZ4,4.0,1348099200
A1NKKF4W2LHF6M,B0083TXXZ4,4.0,1346457600
AGXV8E7XK9J6H,B0083TXXZ4,3.0,1363824000
AZFHSPEZUPGD2,B0083TXXZ4,5.0,1350086400
AYNNJ0DBGL5H7,B0083TXXZ4,4.0,1348704000
A24RCBRDXRXR0Y,B0083TXXZ4,3.0,1346803200
A32B6XWNR55SRL,B0083TXXZ4,5.0,1345593600
AYB4ELCS5AM8P,B0083TXXZ4,5.0,1345852800
AOAOARIH72UWI,B0083TXXZ4,4.0,1356480000
AIW4CHZOM5W7D,B0083TXXZ4,5.0,1347321600
A2KQT4D0OZR569,B0083TXXZ4,3.0,1366243200
AYO1146CBIV5C,B0083TXXZ4,5.0,1348012800
AC04O7AYHEKJ5,B0083TXXZ4,4.0,1364342400
A1MAI0TUIM3R2X,B0083TXXZ4,4.0,1358899200
A2YQ2ZI65F37N8,B0083TXXZ4,4.0,1345507200
A19JDXB5R33C7R,B0083TXXZ4,5.0,1348876800
A2G04D4QZAXL15,B0083TXXZ4,5.0,1346630400
AA98O5326L88T,B0083TXY08,4.0,1345593600
A1P27BGF8NAI29,B0083TXY08,5.0,1346112000
A2VAD79S4A06DD,B0083TXY08,5.0,1346457600
A3U5CZ3PV82JXD,B0083TXY08,5.0,1355788800
A89ZZKNDFQH23,B0083TXY08,5.0,1350259200
A3M6KV5PDU46YI,B0083TXY08,5.0,1347840000
A1ZU55TM45Y2R8,B0083TXY08,4.0,1346198400
A2X7NBUETXC19E,B0083TXY08,5.0,1345680000
A2RKI7RPP5CJMG,B0083TXY08,4.0,1345593600
A35Y0RSU09ANEN,B0083TXY08,5.0,1345593600
A1NOV41485TE0D,B0083TXY08,5.0,1348012800
A3SQQYS79AV13M,B0083TXY08,5.0,1347753600
A2SD1Z4OROY538,B0083TXY08,2.0,1346112000
A1KXJCXS6HFRQZ,B0083TXY08,5.0,1350950400
ABC68JUCPTVOE,B0083TXZHU,3.0,1343692800
A2RIAXGSBP65BJ,B0083TXZHU,3.0,1345939200
ALUV2YKWZENKK,B0083TXZHU,1.0,1344729600
A2AYJJAFNSGSU1,B0083TXZHU,4.0,1343606400
A2RVCF21L2NPU5,B0083TXZHU,4.0,1344556800
A1TS45JWJVOSSW,B0083TXZHU,2.0,1344643200
ATJE929ETFFNH,B0083TXZHU,3.0,1358380800
A3CLWZGMC7M9Z1,B0083TXZHU,4.0,1348617600
A2XA8CW5DF4MNZ,B0083TXZHU,3.0,1344988800
AKCZIJ6ZHE41D,B0083TXZHU,2.0,1346198400
A37CXU92U7FYJH,B0083TXZHU,2.0,1343001600
A8KM4YOB8FGGH,B0083TXZHU,1.0,1358640000
A3HAA7H8PBVM78,B0083TXZHU,2.0,1345593600
A2CZ98V784SRJ0,B0083TXZHU,5.0,1344038400
AT1RF4WNPGGLC,B0083TXZHU,4.0,1343692800
A1XVF5DU3N05OM,B0083TXZHU,1.0,1356566400
A15CL28ALB7MTZ,B0083TXZHU,4.0,1347840000
ARPB88E6F2MFR,B0083TXZHU,2.0,1343692800
A1E5WXNTI7EO2A,B0083TXZHU,3.0,1344988800
A19YOYY7FLQMA6,B0083TXZHU,3.0,1344038400
A2J8DE8R94ZB02,B0083TXZHU,2.0,1347840000
A15JB2HEZ6RKGW,B0083TXZHU,3.0,1345248000
A2H667ZUNLNTF1,B0083TXZHU,3.0,1344902400
A3O28YJBZG1Q0Q,B0083UHC32,5.0,1382400000
A2ZPZM9RE08JXF,B0083UHC32,4.0,1382486400
A3F2VVIQIY6U64,B0083UHC32,5.0,1384473600
A16EIVIBBXFAQ0,B0083UHC32,3.0,1385856000
AMS2CPERWN7JV,B0083UHC32,4.0,1386547200
ARNEUO7BF3J55,B0083UHC32,4.0,1382313600
A3HETHW2XD3DWH,B0083UHC32,3.0,1382227200
AOGN1F0Q3HW86,B0083UHC32,4.0,1380067200
A215WH6RUDUCMP,B0083UHC32,4.0,1386806400
A2NMQWBDWT3SQF,B0083UHC32,4.0,1384905600
A24ZMNWTW8AQUR,B0083UHC32,3.0,1381968000
A11OBEH2ZCVAHX,B0083UHC32,2.0,1381795200
A1IA0O3OYQO9LV,B0083UHC32,4.0,1383091200
A1HBC0NBQJHT7X,B0083V1IWM,3.0,1360368000
AOXMWBNDZDJ9L,B0083V1IWM,4.0,1362441600
A5K3CK2PWYQ7O,B0083V1IWM,4.0,1358294400
A1S52XH2CS4Y26,B0083V1IWM,3.0,1362009600
A336FE20YZZL3A,B0083V1IWM,5.0,1358380800
A1IH7O6EL7SNBD,B0083V1IWM,5.0,1357257600
A6VSWJVTWEOII,B0083V1IWM,3.0,1357776000
A1QT3N5FUQ4I47,B0083V1IWM,4.0,1358208000
A8IF4ZBZRY86C,B0083V1IWM,4.0,1357084800
A1R8TTMXVXEI6H,B0083V1IWM,2.0,1358380800
A9XX8OHS2ZQ2X,B0083V1IWM,5.0,1356652800
A1R1BFJCMWX0Y3,B0083V1IWM,3.0,1356739200
A58F10T4OE58C,B0083V1IWM,4.0,1359072000
A3Y0IB3VYLD6A,B0083V1IWM,4.0,1358899200
A2QKCOX5ACRHC5,B0083V1IWM,2.0,1356998400
A2SPV96SGOEO2,B0083V1IWM,5.0,1356652800
A2DURJRPTPKUZS,B00840L9EY,4.0,1359331200
A2ZO5SU0ESSB1N,B00840L9EY,5.0,1358985600
A2RVCF21L2NPU5,B00840L9EY,4.0,1361404800
A1UV5NB0DXTSWH,B00840L9EY,4.0,1359504000
A226GFM0Q9L37H,B00840L9EY,4.0,1364774400
A2IVZ0IEQ1VADB,B00840L9EY,5.0,1372291200
A30LAVLDNH4JR0,B00840L9EY,3.0,1366416000
A2IJ54FX1L83WK,B00840L9EY,4.0,1359590400
A3NEAETOSXDBOM,B00840L9EY,4.0,1359936000
A3IMK08UX0I46A,B00840L9EY,4.0,1368662400
A17E3NBADNTI3X,B00840L9EY,3.0,1363824000
A19JDXB5R33C7R,B00840L9EY,4.0,1361836800
A2D4FQHV506EPB,B00840L9NU,4.0,1396396800
A10E3F50DIUJEE,B00840L9NU,4.0,1393459200
A2OJCTT5WLB2HR,B00840L9NU,3.0,1395619200
A215WH6RUDUCMP,B00840L9NU,4.0,1356480000
A361U4SXK7FCQE,B00840L9NU,5.0,1396483200
A1NIGUK4M2ST8,B00840L9NU,4.0,1393804800
A3LN4AOPBIUQWR,B00840L9NU,4.0,1393891200
A23KDA686N6T4Y,B00840L9NU,5.0,1395964800
AQZ4PHIEEV5N5,B00840L9NU,5.0,1397606400
A37D2TGTIXRV2N,B00840L9NU,5.0,1396742400
A2WW57XX2UVLM6,B00840L9NU,3.0,1382486400
A3MUSWDCTZINQZ,B00840L9NU,5.0,1362614400
A3B9C6MZAFC1JX,B00840L9O4,3.0,1366156800
A3BTL4FV6ODKAT,B00840L9O4,4.0,1368662400
AAEHOTZ1GRAUX,B00840L9O4,4.0,1365638400
A2561PYW9TTMYD,B00840L9O4,4.0,1367280000
A5BJMAHZWGJ7N,B00840L9O4,4.0,1359590400
AY3EENC2BGTGK,B00840L9O4,5.0,1360195200
A2V98TS4QDDCG9,B00840L9O4,4.0,1361059200
A1C139F5C7Y38P,B00840L9O4,5.0,1360627200
A3MUSWDCTZINQZ,B00840L9O4,5.0,1362528000
A3SBZAOPPY40IT,B00840L9O4,2.0,1358985600
A3F2VVIQIY6U64,B00840L9XK,4.0,1364169600
A3JPFWKS83R49V,B00840L9XK,4.0,1359590400
A2BN9DIBP9A0XG,B00840L9XK,3.0,1361404800
A5GPH59NDWJRB,B00840L9XK,4.0,1362355200
A23TGI02RB7JC,B00840L9XK,5.0,1369267200
A5BJMAHZWGJ7N,B00840L9XK,4.0,1362441600
A3VS2RYRGDW4HS,B00840L9XK,4.0,1361404800
A1R1BFJCMWX0Y3,B00840L9XK,4.0,1359676800
A3MUSWDCTZINQZ,B00840L9XK,4.0,1361750400
A1XFI340SHOS5K,B00840L9XK,4.0,1358899200
ALUV2YKWZENKK,B00840LATI,4.0,1365120000
A279FUL12R7MBD,B00840LATI,5.0,1364428800
A3JPFWKS83R49V,B00840LATI,4.0,1359936000
ALQMZVXPJ0Y3A,B00840LATI,5.0,1363824000
A2OJCTT5WLB2HR,B00840LATI,4.0,1361404800
A3F43PAJZLOE3I,B00840LATI,5.0,1365292800
A31AVXMESQRQAC,B00840LATI,5.0,1359417600
AONUCJBC85BL,B00840LATI,5.0,1361318400
A3FMPT5IH0CJ50,B00840LATI,3.0,1360627200
A307YFSORUAXSQ,B00840LATI,5.0,1356825600
AFG4HIHMX312C,B00840LATI,4.0,1360800000
A2Q8GFSEUSGJ51,B00840LATI,4.0,1358985600
AVHN134ADVP4R,B0084BPZES,5.0,1345334400
A2DURJRPTPKUZS,B0084BPZES,5.0,1348617600
A2LAS014NSRW72,B0084BPZES,4.0,1346889600
A1II2ZRPKZAQQD,B0084BPZES,4.0,1348876800
AFTFND8CPQ34M,B0084BPZES,5.0,1351036800
ARSQ2F9U315WG,B0084BPZES,5.0,1345680000
A3EK2KTYHJCPB9,B0084BPZES,4.0,1348444800
A3JPFWKS83R49V,B0084BPZES,5.0,1351209600
A2FS38D943KX12,B0084BPZES,5.0,1348012800
A2IFKH3TJ10387,B0084BPZES,5.0,1348099200
ALNFHVS3SC4FV,B0084BPZES,5.0,1358467200
A2OJCTT5WLB2HR,B0084BPZES,5.0,1345593600
AHNHLGKIZ2N3B,B0084BPZES,5.0,1358899200
AY3D7DG5L5WCK,B0084BPZES,5.0,1357084800
A2503LT8PZIHAD,B0084BPZES,4.0,1349568000
A2MOD50IHEDH3G,B0084BPZES,5.0,1354060800
A22VNXHU6IZ5MT,B0084BPZES,5.0,1348012800
A33X80DIINN48Y,B0084BPZES,4.0,1345593600
A2QI2NTDTMK2FV,B0084BPZES,4.0,1368403200
A14X244VGHWPSX,B0084BPZES,5.0,1346025600
A1Z0LTKUA6F94D,B0084BPZES,3.0,1348012800
A1BK60GZ4QME6I,B0084BPZES,5.0,1349049600
A361U4SXK7FCQE,B0084BPZES,4.0,1345680000
A1Y5ERIKQBEMSP,B0084BPZES,5.0,1351987200
A3KCKECEO3E2AN,B0084BPZES,4.0,1365120000
AA8F2HV4DPV2T,B0084BPZES,4.0,1349481600
AK1WNXTHNCG5V,B0084BPZES,5.0,1346544000
A1LG1DKUZXGJ6J,B0084BPZES,5.0,1347580800
A1Q7A78VSQ5GQ4,B0084BPZES,5.0,1346716800
ALDAF4VVLFRHP,B0084BPZES,5.0,1345593600
AQZ4PHIEEV5N5,B0084BPZES,5.0,1352764800
A34W59GPOUKU8L,B0084BPZES,5.0,1348099200
A12E0Y0J6584RT,B0084BPZES,4.0,1346371200
A1R1BFJCMWX0Y3,B0084BPZES,4.0,1349395200
A2NXAV1SNXWA9H,B0084BPZES,5.0,1348012800
A2J8DE8R94ZB02,B0084BPZES,5.0,1351296000
AGHIUO1B3IF8H,B00857SREQ,3.0,1358467200
AQB4DH57MSZSC,B00857SREQ,5.0,1350518400
A3EK2KTYHJCPB9,B00857SREQ,3.0,1349308800
AYUF7YETYOLNX,B00857SREQ,4.0,1354060800
A2RVCF21L2NPU5,B00857SREQ,5.0,1354838400
AOGN1F0Q3HW86,B00857SREQ,4.0,1349049600
A24RCBRDXRXR0Y,B00857SREQ,4.0,1349913600
A1ZU55TM45Y2R8,B00857SREQ,2.0,1350518400
A14X244VGHWPSX,B00857SREQ,4.0,1362009600
A1F5O1USOUOOXI,B00857SREQ,5.0,1351209600
A19YOYY7FLQMA6,B00857SREQ,3.0,1350172800
A25RTRAPQAJBDJ,B00857SREQ,4.0,1366416000
A13Z96HR8EEF24,B00857SREQ,3.0,1349136000
A3G5MOHY1U635N,B00857SRIW,3.0,1355961600
A188JOXWF4EY1R,B00857SRIW,2.0,1351728000
A2ZPZM9RE08JXF,B00857SRIW,3.0,1350432000
A2GA2SO3YK6CXI,B00857SRIW,5.0,1353974400
A2WB4OWBUH2VQX,B00857SRIW,3.0,1359936000
A3AG5QAT8L0I3R,B00857SRIW,3.0,1356566400
A2X7NBUETXC19E,B00857SRIW,4.0,1349740800
AM8J1UVGVYAL4,B00857SRIW,3.0,1355011200
A1ZVFCPHCWFV71,B00857SRIW,3.0,1351123200
A1RF9YK4BK5TRH,B00857SRIW,4.0,1350345600
A9LNWA25IM2DX,B00857SRIW,3.0,1352937600
A27ADCSD15F3GL,B00857SRIW,2.0,1355875200
A2RN2AO4BE6F4K,B00857SRIW,5.0,1349827200
A25QJBK33C4O0R,B00857SRIW,4.0,1348876800
A2D7B5I7ZQ51XL,B00857SRSW,3.0,1356566400
A3MEMX0XF00TBD,B00857SRSW,5.0,1350518400
A2ME89MSWVG9NF,B00857SRSW,4.0,1351036800
A4EUL79IT6AUP,B00857SRSW,4.0,1351641600
AO2AQRPPSTABB,B00857SRSW,5.0,1353715200
A14DNCG5WHM86Z,B00857SRSW,4.0,1368489600
AA8F2HV4DPV2T,B00857SRSW,5.0,1349481600
A186697K4XKXQL,B00857SRSW,5.0,1350345600
AC1YLEFC9AN5X,B00857SRSW,5.0,1352073600
A3Z9QN0RCOHEY,B00857SRSW,5.0,1349308800
AK1WNXTHNCG5V,B00857SRSW,5.0,1352764800
A2JVBJUU2DL0WA,B00857SRSW,5.0,1351036800
A1BA72K4VK1UN1,B00857SRSW,5.0,1350518400
A2OOZZDSOHG4UY,B00857SRSW,5.0,1357257600
A14RYRR7ETV3UY,B00857SRSW,5.0,1361491200
A1ZZR25X0CNOJX,B00857SRSW,5.0,1349481600
A2Q8GFSEUSGJ51,B00857SRSW,5.0,1349222400
A2RIAXGSBP65BJ,B00857SRU0,4.0,1360540800
A1II2ZRPKZAQQD,B00857SRU0,3.0,1349136000
A1DG75OT3Y49EM,B00857SRU0,3.0,1350259200
AYUF7YETYOLNX,B00857SRU0,4.0,1353974400
A1FDVT0DLJWV78,B00857SRU0,5.0,1353888000
A1JTTI1KH3DOCY,B00857SRU0,3.0,1349222400
A3VBXQKRM7A4JR,B00857SRU0,4.0,1349568000
A167KPMW1NBZJW,B00857SRU0,5.0,1349827200
A2X7NBUETXC19E,B00857SRU0,4.0,1351123200
A8INT3NMHRUS4,B00857SRU0,3.0,1354665600
A2QDOJFFLFGF18,B00857SRU0,5.0,1350345600
A3FWVV13DJELLV,B00857SRU0,4.0,1350086400
A3LN4AOPBIUQWR,B00857SRU0,3.0,1351296000
A3TNM3C9ENUCFW,B00857SRVO,4.0,1350000000
APPJNVNF4BFLB,B00857SRVO,4.0,1348790400
A3HETHW2XD3DWH,B00857SRVO,4.0,1356480000
ARADXCOUVBS09,B00857SRVO,4.0,1354492800
AGFGY4EJ37VS2,B00857SRVO,5.0,1349740800
AIW4CHZOM5W7D,B00857SRVO,2.0,1348963200
A28FJ93TJSSQS4,B00857SRVO,5.0,1350950400
A11LNY2OLQSUSV,B00857SRVO,5.0,1352678400
A30LAVLDNH4JR0,B00857SRVO,4.0,1350518400
A199FRO0YFMGED,B00857SRVO,4.0,1350518400
AUS5X6IMFLJBD,B00857SRVO,4.0,1349827200
A384HAQMS7XRZ4,B00857SRVO,5.0,1349654400
A357B3PUHSVQA,B00857SRVO,4.0,1349568000
AFO678EAGH4Y9,B00859GIQ8,4.0,1346025600
AC4XV78EJG1QB,B00859GIQ8,4.0,1345680000
A2I05FGBTCRRB8,B00859GIQ8,4.0,1345680000
A3JPFWKS83R49V,B00859GIQ8,4.0,1350259200
A1UYMXFON06KQ6,B00859GIQ8,4.0,1345507200
A33PBU9EHZ28PC,B00859GIQ8,4.0,1350432000
A1GARI2JT6EAWA,B00859GIQ8,4.0,1363392000
A1VXIY1511XQK2,B00859GIQ8,3.0,1356566400
ATLO3YXU2BC16,B00859GIQ8,4.0,1345680000
A28OB1QLXN5BM6,B00859GIQ8,5.0,1350518400
A2OY6P98P87047,B00859GIQ8,4.0,1345420800
A6VSWJVTWEOII,B00859GIQ8,4.0,1345680000
A1GUX6R8DV3ZLY,B00859GIQ8,5.0,1345680000
A2RHV42BTJSVON,B00859GIQ8,3.0,1360195200
ASJ0MKRFZC47B,B00859GIQ8,4.0,1345680000
ALDV8DDZWWPYE,B00859GIQ8,4.0,1347235200
A2QDOJFFLFGF18,B00859GIQ8,4.0,1345507200
A2B3A8NQIHITO8,B00859GIQ8,5.0,1350777600
A37D2TGTIXRV2N,B00859GIQ8,5.0,1347926400
AFG4HIHMX312C,B00859GIQ8,2.0,1349395200
A3NEAETOSXDBOM,B00859GIQ8,5.0,1346198400
A2I4A4WGWII18Z,B00859GIQ8,5.0,1345852800
A1POFVVXUZR3IQ,B00859GIQ8,5.0,1345507200
A2AYJJAFNSGSU1,B00859GJL2,3.0,1343606400
A1UHKF1UQ3EGW4,B00859GJL2,3.0,1345334400
A33PBU9EHZ28PC,B00859GJL2,3.0,1367798400
A1IBKN1GXYJ3K4,B00859GJL2,4.0,1352937600
ALEUQQE118NEW,B00859GJL2,4.0,1343001600
A33X80DIINN48Y,B00859GJL2,2.0,1343779200
A1VXIY1511XQK2,B00859GJL2,4.0,1346112000
AAEHOTZ1GRAUX,B00859GJL2,3.0,1345075200
A19WEEGB05YAZ3,B00859GJL2,2.0,1343260800
A3IAU6ZPVF2R5K,B00859GJL2,5.0,1353369600
A1NIGUK4M2ST8,B00859GJL2,3.0,1344124800
A2S26YGSVXBCFL,B00859GJL2,2.0,1344211200
A2QDOJFFLFGF18,B00859GJL2,3.0,1345507200
A231LBC8EGPO5L,B00859GJL2,3.0,1344384000
AAU0G40ZN5RIL,B00859GJL2,3.0,1343520000
APDPA11IZPYLN,B00859GJL2,3.0,1356480000
A1GNYV0RA0EQSS,B00859GJL2,2.0,1348012800
AV1F8VNJPLPTL,B00859GJL2,3.0,1345075200
ASY25YMTIC2A9,B00859GJL2,2.0,1345507200
AXVKMYWNIHK7W,B00859GJL2,3.0,1349136000
A81XIM8XFKWX5,B00859GJL2,3.0,1353369600
ANCOMAI0I7LVG,B00859GJWQ,3.0,1346025600
A3RG8DYG8AJ6Z9,B00859GJWQ,5.0,1349568000
A3E7E854VCA4E7,B00859GJWQ,4.0,1352073600
A2AYJJAFNSGSU1,B00859GJWQ,5.0,1345420800
A2QX49LS3Y3ANI,B00859GJWQ,4.0,1346284800
A2MVPY9XVYST9H,B00859GJWQ,3.0,1345420800
A36MP37DITBU6F,B00859GJWQ,5.0,1346025600
A15D2X8MICR2VQ,B00859GJWQ,4.0,1346803200
A2ZB8B7VQONZA6,B00859GJWQ,5.0,1348012800
A3MWP39R0W9TQX,B00859GJWQ,4.0,1350345600
A9NFFAZF3LIB2,B00859GJWQ,5.0,1348790400
A215WH6RUDUCMP,B00859GJWQ,4.0,1345593600
A24U6WGBZ4P74W,B00859GJWQ,4.0,1345593600
A1VXIY1511XQK2,B00859GJWQ,4.0,1356566400
A2UEB48LAWFUCW,B00859GJWQ,4.0,1351468800
A6VSWJVTWEOII,B00859GJWQ,5.0,1345680000
A1NIGUK4M2ST8,B00859GJWQ,4.0,1346630400
A3H0ZQ74ITU83J,B00859GJWQ,4.0,1348185600
A1VTBADV3JS1EC,B00859GJWQ,5.0,1345680000
A3P8ZDHC7XSKSE,B00859GJWQ,3.0,1349136000
AMKPSJXCQZVW9,B00859GJWQ,5.0,1345593600
A2BZ16RKE13PKV,B00859GJWQ,5.0,1345420800
A3UJRNI8UR4871,B00859GJWQ,5.0,1346198400
A1POFVVXUZR3IQ,B00859GJWQ,5.0,1345507200
A3RG8DYG8AJ6Z9,B00859GJZS,5.0,1343692800
A14UOOROH3XRQ9,B00859GJZS,4.0,1345075200
AWH2AY17ZU7W2,B00859GJZS,4.0,1346025600
A3M6KV5PDU46YI,B00859GJZS,4.0,1343347200
A2UEB48LAWFUCW,B00859GJZS,4.0,1351641600
A6VSWJVTWEOII,B00859GJZS,4.0,1343952000
A34W7QA4J5UTOR,B00859GJZS,5.0,1344816000
A10ASLX7DTTB6Z,B00859GJZS,4.0,1346112000
ASHO96ZB8AL1Z,B00859GJZS,4.0,1343260800
ADFLBRY00Y70G,B00859GJZS,4.0,1344988800
A3EZHMGGWY74HY,B00859GJZS,5.0,1343779200
A3V14SK22N2VAI,B00859GJZS,4.0,1348531200
A231LBC8EGPO5L,B00859GJZS,4.0,1343088000
A1VTBADV3JS1EC,B00859GJZS,5.0,1345680000
A1FXY0GUFHEI59,B00859GJZS,3.0,1345852800
A21VQDGHP3T7Y,B00859GJZS,5.0,1343865600
AMKPSJXCQZVW9,B00859GJZS,5.0,1343865600
A2BZ16RKE13PKV,B00859GJZS,5.0,1343260800
A1POFVVXUZR3IQ,B00859GJZS,5.0,1343779200
A2D4FQHV506EPB,B0085CV2RU,5.0,1344211200
AA98O5326L88T,B0085CV2RU,3.0,1344988800
A2LAS014NSRW72,B0085CV2RU,2.0,1344297600
A1II2ZRPKZAQQD,B0085CV2RU,2.0,1345852800
A1DG75OT3Y49EM,B0085CV2RU,3.0,1344124800
A3EXW4HNYX7HF5,B0085CV2RU,4.0,1364428800
A2HC9549CZAKNN,B0085CV2RU,3.0,1358985600
ATS7LYGLUX34L,B0085CV2RU,1.0,1345680000
A34GM17T6WTJDK,B0085CV2RU,3.0,1345075200
A2TTHN1UMO82VY,B0085CV2RU,2.0,1363651200
A36MP37DITBU6F,B0085CV2RU,2.0,1346198400
A9XMQ24ZKXYSN,B0085CV2RU,4.0,1344038400
A2P739KOM4U5JB,B0085CV2RU,1.0,1343779200
A3PJZ8TU8FDQ1K,B0085CV2RU,1.0,1348704000
A1Z0LTKUA6F94D,B0085CV2RU,2.0,1348012800
A1KLPS6P7UR631,B0085CV2RU,4.0,1345680000
A3U029B8Z5WGI2,B0085CV2RU,3.0,1343952000
A4KJTS5P78ICU,B0085CV2RU,1.0,1358380800
A8INT3NMHRUS4,B0085CV2RU,2.0,1347926400
AK1WNXTHNCG5V,B0085CV2RU,2.0,1344816000
A1LG1DKUZXGJ6J,B0085CV2RU,1.0,1343088000
A3LN4AOPBIUQWR,B0085CV2RU,5.0,1355356800
A22CW0ZHY3NJH8,B0085CV2RU,4.0,1344556800
A1E55W6ES0FY17,B0085CV2RU,1.0,1359158400
A2YEOR4XJ8N3QE,B0085CV2RU,3.0,1343260800
A39H1GO9E3YQIB,B0085UA6YM,4.0,1341705600
A1II2ZRPKZAQQD,B0085UA6YM,4.0,1342483200
A1IDAKX7OM3QIE,B0085UA6YM,4.0,1343347200
AQB4DH57MSZSC,B0085UA6YM,4.0,1344470400
A3F2VVIQIY6U64,B0085UA6YM,4.0,1342051200
AW5JSQCHC2ZJO,B0085UA6YM,2.0,1350864000
A19FRW264WZTGP,B0085UA6YM,3.0,1341446400
ATS7LYGLUX34L,B0085UA6YM,4.0,1342310400
ALNFHVS3SC4FV,B0085UA6YM,5.0,1341446400
A1IBKN1GXYJ3K4,B0085UA6YM,5.0,1345680000
AR33KU52LIBF1,B0085UA6YM,5.0,1340841600
A2BN9DIBP9A0XG,B0085UA6YM,3.0,1345507200
A1GBT4UN2RW7XY,B0085UA6YM,2.0,1341446400
A336FE20YZZL3A,B0085UA6YM,5.0,1343260800
A1GWDRBUMQOCRK,B0085UA6YM,3.0,1340668800
A32658HY8IU6UV,B0085UA6YM,4.0,1342483200
A1NIGUK4M2ST8,B0085UA6YM,4.0,1344124800
A1ONZ8JRPLBNUI,B0085UA6YM,4.0,1352073600
AGEKVD8JPZQMT,B0085UA6YM,5.0,1341532800
A3LN4AOPBIUQWR,B0085UA6YM,5.0,1341878400
ALGI34BYWIXZG,B0085UA6YM,4.0,1366070400
A3415H58HNGQFV,B0085UA6YM,5.0,1345593600
A1FXY0GUFHEI59,B0085UA6YM,3.0,1341360000
AFG4HIHMX312C,B0085UA6YM,3.0,1342569600
A29VG90T649CSU,B0085UA6YM,4.0,1358812800
A2B7BUH8834Y6M,B0085UA6YM,4.0,1350518400
A1GNYV0RA0EQSS,B0085UA6YM,5.0,1342656000
A3K91X9X2ARDOK,B0085UA6YM,4.0,1343433600
A2D4FQHV506EPB,B0085UA7UA,4.0,1352073600
A1X2YRSD648FM3,B0085UA7UA,3.0,1353369600
A1P27BGF8NAI29,B0085UA7UA,4.0,1361318400
ANCOMAI0I7LVG,B0085UA7UA,5.0,1368489600
A914TQVHI872U,B0085UA7UA,4.0,1351382400
AM2IR1V5EU55U,B0085UA7UA,5.0,1356393600
AJ2FDNZ3COBFN,B0085UA7UA,4.0,1355097600
A31HE83MU98GBV,B0085UA7UA,5.0,1365120000
A24RCBRDXRXR0Y,B0085UA7UA,4.0,1350950400
A8KM4YOB8FGGH,B0085UA7UA,5.0,1356480000
A4VMQ6ZTSXSSL,B0085UA7UA,5.0,1352332800
A1BAJ6JXU8PSZH,B0085UA7UA,3.0,1354060800
A4BNJSZVARL5W,B0085UA7UA,4.0,1352678400
AQSW6WDVCJGB8,B0085UA7UA,5.0,1353110400
A8IF4ZBZRY86C,B0085UA7UA,5.0,1350950400
A2QDOJFFLFGF18,B0085UA7UA,5.0,1353283200
A17C7XZHFOS12W,B0085UA7UA,3.0,1352937600
A2KWE2ZM1EEBGJ,B0085UA7UA,4.0,1353456000
A1R1BFJCMWX0Y3,B0085UA7UA,4.0,1358640000
A335GUD1YBS31U,B0085UA7UA,4.0,1355961600
A2WFZWRYWLC20S,B0085UA7UA,4.0,1358294400
A3FQZH8PJB535A,B0085UA7UA,4.0,1352851200
A3VGAP2KLCBNBB,B0085UA8ZE,3.0,1342310400
A2D7B5I7ZQ51XL,B0085UA8ZE,3.0,1342656000
A2TTHN1UMO82VY,B0085UA8ZE,2.0,1348012800
A2W4014S06NAIT,B0085UA8ZE,3.0,1343952000
A1VYFEJM12ZP11,B0085UA8ZE,3.0,1350950400
A14X244VGHWPSX,B0085UA8ZE,3.0,1342656000
A4BNJSZVARL5W,B0085UA8ZE,4.0,1343174400
AOEUN9718KVRD,B0085UA8ZE,3.0,1341878400
A3Z9QN0RCOHEY,B0085UA8ZE,4.0,1341964800
AK1WNXTHNCG5V,B0085UA8ZE,5.0,1342483200
A2YV6F6DLENNTM,B0085UA8ZE,3.0,1342396800
A3V14SK22N2VAI,B0085UA8ZE,3.0,1344988800
AX7317G153T8W,B0085UA8ZE,4.0,1342656000
AQ1F3NP2G15S5,B0085UA8ZE,3.0,1364688000
AVL5IDEE8YA3D,B0085UA8ZE,5.0,1340755200
A1FXY0GUFHEI59,B0085UA8ZE,2.0,1341360000
A2KWE2ZM1EEBGJ,B0085UA8ZE,3.0,1341878400
A14RYRR7ETV3UY,B0085UA8ZE,3.0,1341619200
A1R1BFJCMWX0Y3,B0085UA8ZE,2.0,1343520000
A335GUD1YBS31U,B0085UA8ZE,3.0,1343174400
A1KMG1AIUS00DC,B0085UA8ZE,2.0,1341705600
A2V9DTXTQ5YIMK,B0085UA8ZO,4.0,1351036800
A2K75QOCP9ZHSL,B0085UA8ZO,5.0,1356825600
A1X2YRSD648FM3,B0085UA8ZO,5.0,1344384000
ANCOMAI0I7LVG,B0085UA8ZO,4.0,1350172800
AQB4DH57MSZSC,B0085UA8ZO,5.0,1348704000
AJ2FDNZ3COBFN,B0085UA8ZO,5.0,1345593600
AOM63D4VL32WM,B0085UA8ZO,5.0,1344384000
ACJT8MUC0LRF0,B0085UA8ZO,5.0,1343779200
A1VYFEJM12ZP11,B0085UA8ZO,4.0,1346112000
A2K4HN6EECBNR3,B0085UA8ZO,5.0,1343260800
A8KM4YOB8FGGH,B0085UA8ZO,5.0,1344988800
AQYYUN3T7B0WM,B0085UA8ZO,4.0,1343779200
A4VMQ6ZTSXSSL,B0085UA8ZO,5.0,1345075200
A2KFWHHUFVKFXZ,B0085UA8ZO,4.0,1344384000
A4BNJSZVARL5W,B0085UA8ZO,4.0,1347753600
AQSW6WDVCJGB8,B0085UA8ZO,4.0,1345593600
A3UYBRB74RJFXB,B0085UA8ZO,5.0,1345680000
ADFLBRY00Y70G,B0085UA8ZO,4.0,1344988800
A3212H6SF9W1LV,B0085UA8ZO,4.0,1343088000
A2QDOJFFLFGF18,B0085UA8ZO,5.0,1345075200
AY1EF0GOH80EK,B0085UA8ZO,5.0,1345075200
A3LN4AOPBIUQWR,B0085UA8ZO,5.0,1344384000
A6X1O3A5C5FX1,B0085UA8ZO,5.0,1344643200
A3FQZH8PJB535A,B0085UA8ZO,5.0,1344988800
A16YU3GRGCD95S,B0085UA8ZO,5.0,1343433600
A2D4FQHV506EPB,B0085UA9VC,5.0,1344211200
A2V9DTXTQ5YIMK,B0085UA9VC,4.0,1344988800
ANCOMAI0I7LVG,B0085UA9VC,4.0,1344038400
A2I05FGBTCRRB8,B0085UA9VC,5.0,1343779200
A19FRW264WZTGP,B0085UA9VC,3.0,1345075200
AJ2FDNZ3COBFN,B0085UA9VC,5.0,1361404800
A2RVCF21L2NPU5,B0085UA9VC,4.0,1346803200
A1S52XH2CS4Y26,B0085UA9VC,4.0,1345420800
A5JLAU2ARJ0BO,B0085UA9VC,3.0,1343952000
A1VYFEJM12ZP11,B0085UA9VC,5.0,1343520000
A1SB9BNNGKNX2Z,B0085UA9VC,5.0,1344816000
A2O9HU1K7TCF7B,B0085UA9VC,4.0,1352592000
A305XM71TF83CY,B0085UA9VC,3.0,1345075200
A4VMQ6ZTSXSSL,B0085UA9VC,4.0,1345075200
A1QT3N5FUQ4I47,B0085UA9VC,3.0,1347494400
AOEUN9718KVRD,B0085UA9VC,4.0,1343692800
A1UQUDT2Q0YENM,B0085UA9VC,3.0,1355011200
A34W59GPOUKU8L,B0085UA9VC,5.0,1343779200
A1GNYV0RA0EQSS,B0085UA9VC,4.0,1350259200
A33VI944SO2YCN,B0085UA9VC,4.0,1358553600
A2I4A4WGWII18Z,B0085UA9VC,4.0,1343260800
A2WFZWRYWLC20S,B0085UA9VC,4.0,1344729600
A3FQZH8PJB535A,B0085UA9VC,3.0,1344988800
A39H1GO9E3YQIB,B0085UA9WQ,5.0,1344643200
AUJFO0J9A2HGE,B0085UA9WQ,5.0,1345075200
A3VGAP2KLCBNBB,B0085UA9WQ,3.0,1347580800
A3CIHP9FFPE9I3,B0085UA9WQ,4.0,1345075200
A2CNGARED6OWWU,B0085UA9WQ,4.0,1344902400
A19FRW264WZTGP,B0085UA9WQ,5.0,1343692800
A2QX49LS3Y3ANI,B0085UA9WQ,2.0,1344038400
A3E0CV9614GQJV,B0085UA9WQ,5.0,1360627200
ADJ0G262H54GP,B0085UA9WQ,4.0,1343260800
AFK893ELKDPY,B0085UA9WQ,5.0,1343260800
A361U4SXK7FCQE,B0085UA9WQ,4.0,1344816000
A19WEEGB05YAZ3,B0085UA9WQ,4.0,1357516800
A23TGI02RB7JC,B0085UA9WQ,5.0,1343001600
A1W4F91DH3XPB2,B0085UA9WQ,5.0,1361923200
A26BDXG9KVH7SU,B0085UA9WQ,3.0,1348617600
AGEKVD8JPZQMT,B0085UA9WQ,5.0,1344211200
A2ZKQC0XCIIAEM,B0085UA9WQ,5.0,1343520000
A1RF9YK4BK5TRH,B0085UA9WQ,3.0,1343174400
A2BZ16RKE13PKV,B0085UA9WQ,4.0,1357084800
A2GOHBNQ58WOKC,B0085UA9WQ,5.0,1343174400
A1IDAKX7OM3QIE,B0085WX13I,2.0,1361491200
AYB8XLKTYMTTX,B0085WX13I,4.0,1348012800
A3N27L13CWJ9HY,B0085WX13I,5.0,1356307200
A3SMD3T0QTN109,B0085WX13I,5.0,1348099200
A2Y5T1O43P14RP,B0085WX13I,5.0,1345075200
A336FE20YZZL3A,B0085WX13I,5.0,1358380800
A2LF16F0KX9L7P,B0085WX13I,5.0,1346889600
AC1YLEFC9AN5X,B0085WX13I,4.0,1352160000
AM8J1UVGVYAL4,B0085WX13I,3.0,1364256000
AM9APPMIE1BHZ,B0085WX13I,5.0,1348012800
A3MUSWDCTZINQZ,B0085WX13I,4.0,1347926400
A26R7LLAFTPC3U,B0085WX13I,5.0,1348704000
A21YYC2SYN5NDY,B0086USOLS,4.0,1367452800
A1BMG34CO5CMZ5,B0086USOLS,4.0,1350432000
A2VAD79S4A06DD,B0086USOLS,5.0,1349568000
A2FS38D943KX12,B0086USOLS,4.0,1351036800
A2A33KJUP7T2FK,B0086USOLS,5.0,1358640000
ACJT8MUC0LRF0,B0086USOLS,5.0,1350518400
AHNHLGKIZ2N3B,B0086USOLS,4.0,1355270400
A3B9C6MZAFC1JX,B0086USOLS,4.0,1351728000
A2UBSGFCP2QFNV,B0086USOLS,4.0,1351123200
A32B6XWNR55SRL,B0086USOLS,4.0,1349481600
AI2XINIZFPBI8,B0086USOLS,4.0,1350777600
A2V5R832QCSOMX,B0086USOLS,4.0,1364428800
A2WVF9ZQ068DN0,B0086USOLS,3.0,1357689600
A3IAU6ZPVF2R5K,B0086USOLS,5.0,1350432000
A35NOFKHK8P2LU,B0086USOLS,4.0,1350000000
A33B3XCIXB4ZVG,B0086USOLS,3.0,1350259200
A2NVQZ4Y7Y0J1R,B0086USOLS,4.0,1349827200
A5X1B2HBQUR3P,B0086USOLS,4.0,1350518400
A1XWX7QTBR3UPV,B0086USOLS,4.0,1352073600
A3DGJMO6VPG6FJ,B0086USOLS,4.0,1350864000
A3UJRNI8UR4871,B0086USOLS,4.0,1349740800
A2DURJRPTPKUZS,B0087HU37S,1.0,1351123200
A39H1GO9E3YQIB,B0087HU37S,4.0,1351728000
AL3MFYSK9HKCL,B0087HU37S,2.0,1365811200
A1486KL0IOM7VM,B0087HU37S,3.0,1353369600
A3F2VVIQIY6U64,B0087HU37S,3.0,1351987200
AYB8XLKTYMTTX,B0087HU37S,4.0,1352937600
A1IBKN1GXYJ3K4,B0087HU37S,3.0,1358380800
A26DQMYF5E0GL6,B0087HU37S,4.0,1351987200
A194K60CWZ371J,B0087HU37S,3.0,1351036800
A2ZB8B7VQONZA6,B0087HU37S,5.0,1351036800
A3BAE79NXFDXGV,B0087HU37S,4.0,1352764800
A6VSWJVTWEOII,B0087HU37S,3.0,1351036800
AONUCJBC85BL,B0087HU37S,4.0,1352937600
AC1YLEFC9AN5X,B0087HU37S,2.0,1357516800
A1MAI0TUIM3R2X,B0087HU37S,4.0,1353283200
ARIDN94LOCQFD,B0087HU37S,4.0,1352073600
A33230MIA3W7G4,B0087HU37S,3.0,1360108800
AVHN134ADVP4R,B0089RPUHE,5.0,1345075200
A1WP940JZL83T7,B0089RPUHE,5.0,1344124800
A2LAS014NSRW72,B0089RPUHE,5.0,1344297600
A1II2ZRPKZAQQD,B0089RPUHE,5.0,1343692800
AGHIUO1B3IF8H,B0089RPUHE,4.0,1346112000
ARSQ2F9U315WG,B0089RPUHE,4.0,1344729600
A1UYMXFON06KQ6,B0089RPUHE,4.0,1343260800
A33PBU9EHZ28PC,B0089RPUHE,5.0,1347062400
ALNFHVS3SC4FV,B0089RPUHE,5.0,1351036800
A28IIVKXOE1ATF,B0089RPUHE,5.0,1344297600
A2DG63DN704LOI,B0089RPUHE,4.0,1365292800
A397CWU6DM3O5G,B0089RPUHE,5.0,1355788800
A2503LT8PZIHAD,B0089RPUHE,5.0,1347926400
A24RCBRDXRXR0Y,B0089RPUHE,5.0,1344556800
ABMX8XUNPR3LP,B0089RPUHE,5.0,1348617600
AVFJ327UXPXLF,B0089RPUHE,5.0,1352592000
A1BK60GZ4QME6I,B0089RPUHE,4.0,1343952000
AQYYUN3T7B0WM,B0089RPUHE,5.0,1343779200
A28OB1QLXN5BM6,B0089RPUHE,5.0,1357084800
A5H8NA5CJ0FK4,B0089RPUHE,5.0,1361318400
AA8F2HV4DPV2T,B0089RPUHE,5.0,1344470400
A2LXC5ZHHP0WXP,B0089RPUHE,5.0,1345680000
A1Y32FBX45NCNL,B0089RPUHE,4.0,1345075200
A1LG1DKUZXGJ6J,B0089RPUHE,5.0,1343952000
A1ZVFCPHCWFV71,B0089RPUHE,3.0,1348704000
ALDAF4VVLFRHP,B0089RPUHE,5.0,1343779200
AX7317G153T8W,B0089RPUHE,4.0,1345075200
AQZ4PHIEEV5N5,B0089RPUHE,5.0,1344902400
A15CL28ALB7MTZ,B0089RPUHE,5.0,1357171200
A2XSY4L7GDHV4W,B0089RPUHE,5.0,1343865600
A27ADCSD15F3GL,B0089RPUHE,3.0,1358208000
A12E0Y0J6584RT,B0089RPUHE,5.0,1344643200
A2BZ16RKE13PKV,B0089RPUHE,4.0,1344902400
A1R1BFJCMWX0Y3,B0089RPUHE,5.0,1343952000
A1GNYV0RA0EQSS,B0089RPUHE,5.0,1348099200
A1MRRMHGV3PN5W,B0089RPUHE,4.0,1355788800
A2H667ZUNLNTF1,B0089RPUHE,5.0,1344902400
A2DURJRPTPKUZS,B0089RPUHO,5.0,1355875200
A1WP940JZL83T7,B0089RPUHO,5.0,1345680000
A1II2ZRPKZAQQD,B0089RPUHO,5.0,1377475200
A2AYYKD4OODSLY,B0089RPUHO,4.0,1379980800
A1486KL0IOM7VM,B0089RPUHO,4.0,1381968000
A1DG75OT3Y49EM,B0089RPUHO,4.0,1380067200
AFTFND8CPQ34M,B0089RPUHO,5.0,1379376000
A1HYH206E18XVC,B0089RPUHO,5.0,1356912000
A25HYPL2XKQPZB,B0089RPUHO,5.0,1380067200
A2AYJJAFNSGSU1,B0089RPUHO,5.0,1356480000
A2RVCF21L2NPU5,B0089RPUHO,5.0,1344470400
A1UYMXFON06KQ6,B0089RPUHO,5.0,1381968000
A7C77J4MH94B6,B0089RPUHO,5.0,1380326400
A1FDVT0DLJWV78,B0089RPUHO,5.0,1381708800
ALNFHVS3SC4FV,B0089RPUHO,5.0,1379894400
A34GM17T6WTJDK,B0089RPUHO,5.0,1356393600
A2974R9BTPZPOJ,B0089RPUHO,4.0,1379980800
A2ME89MSWVG9NF,B0089RPUHO,4.0,1377302400
A1GARI2JT6EAWA,B0089RPUHO,5.0,1379980800
A2BMZRO0H7TFCS,B0089RPUHO,3.0,1377475200
A3TJSWA0W9ITYE,B0089RPUHO,5.0,1381190400
AG8E2F0G98ZTB,B0089RPUHO,5.0,1378598400
A31HE83MU98GBV,B0089RPUHO,5.0,1379721600
A2503LT8PZIHAD,B0089RPUHO,5.0,1378425600
A24RCBRDXRXR0Y,B0089RPUHO,5.0,1345593600
A1VYFEJM12ZP11,B0089RPUHO,5.0,1377907200
AVFJ327UXPXLF,B0089RPUHO,5.0,1347235200
A3BKNXX8QFIXIV,B0089RPUHO,5.0,1379808000
A8KM4YOB8FGGH,B0089RPUHO,5.0,1381881600
A19WEEGB05YAZ3,B0089RPUHO,4.0,1379721600
A3U029B8Z5WGI2,B0089RPUHO,3.0,1377648000
A8INT3NMHRUS4,B0089RPUHO,5.0,1377302400
AJQDIT55SZ3ZX,B0089RPUHO,5.0,1378080000
A3T7XVG3AXJF61,B0089RPUHO,4.0,1381881600
A1QT3N5FUQ4I47,B0089RPUHO,5.0,1374105600
A3K4AJLVHAH4OZ,B0089RPUHO,5.0,1346544000
A4BNJSZVARL5W,B0089RPUHO,5.0,1380758400
A26SO3TOT2TLJE,B0089RPUHO,4.0,1357776000
A1R6DKN9YQ2YU1,B0089RPUHO,2.0,1356912000
AQSW6WDVCJGB8,B0089RPUHO,5.0,1381968000
AHRNDSKWH1YBT,B0089RPUHO,4.0,1381968000
AC1YLEFC9AN5X,B0089RPUHO,5.0,1349049600
AGEKVD8JPZQMT,B0089RPUHO,4.0,1377302400
A30LAVLDNH4JR0,B0089RPUHO,5.0,1380153600
A3K8AU6BAGN60E,B0089RPUHO,5.0,1380240000
AK1WNXTHNCG5V,B0089RPUHO,5.0,1346544000
A1QBOC76MIOJYP,B0089RPUHO,4.0,1381276800
A2NBCCFDISGUQT,B0089RPUHO,4.0,1379980800
A3Q9HY0LU7MN6E,B0089RPUHO,5.0,1345507200
A3FFKU2MTCOBM1,B0089RPUHO,5.0,1351987200
A3LN4AOPBIUQWR,B0089RPUHO,5.0,1377820800
A2JKM8KF3296CW,B0089RPUHO,4.0,1350604800
A1ZVFCPHCWFV71,B0089RPUHO,5.0,1352937600
A3V14SK22N2VAI,B0089RPUHO,5.0,1379203200
A2ZKQC0XCIIAEM,B0089RPUHO,5.0,1351728000
ALDAF4VVLFRHP,B0089RPUHO,5.0,1354233600
A1JOANG98KBFKU,B0089RPUHO,5.0,1364428800
ARPB88E6F2MFR,B0089RPUHO,5.0,1377648000
A2MW90O3P2GOO5,B0089RPUHO,5.0,1377648000
A12E0Y0J6584RT,B0089RPUHO,5.0,1351987200
A1R1BFJCMWX0Y3,B0089RPUHO,4.0,1378339200
A2Z2FATA8JNL54,B0089RPUHO,5.0,1379462400
A2I4A4WGWII18Z,B0089RPUHO,5.0,1377561600
A1KXJCXS6HFRQZ,B0089RPUHO,3.0,1363737600
A2H667ZUNLNTF1,B0089RPUHO,5.0,1379894400
A3UJRNI8UR4871,B0089RPUHO,5.0,1377648000
A1XFI340SHOS5K,B0089RPUHO,5.0,1377561600
A3EXW4HNYX7HF5,B008B66SBU,5.0,1365120000
ALQY22U9JTNCQ,B008B66SBU,5.0,1363651200
A1UHKF1UQ3EGW4,B008B66SBU,5.0,1358812800
A10ZBR6O8S8OCY,B008B66SBU,5.0,1364169600
A3G2PUQ455XMXJ,B008B66SBU,5.0,1362009600
AVFJ327UXPXLF,B008B66SBU,5.0,1402444800
A3LGT6UZL99IW1,B008B66SBU,4.0,1360022400
AAU0G40ZN5RIL,B008B66SBU,5.0,1359849600
A1UINGIK3UG77D,B008B66SBU,4.0,1358812800
A1Q1T811N4IY3Z,B008B66SBU,4.0,1365984000
A3U0S17XYK8XMJ,B008B68IUY,4.0,1374710400
A3F2VVIQIY6U64,B008B68IUY,4.0,1372896000
A3JPFWKS83R49V,B008B68IUY,4.0,1374019200
A3BTL4FV6ODKAT,B008B68IUY,5.0,1374969600
AG8E2F0G98ZTB,B008B68IUY,5.0,1373587200
A3PE884TA8529G,B008B68IUY,2.0,1376524800
A2065HBMYDXJ1S,B008B68IUY,4.0,1374105600
A3EZHMGGWY74HY,B008B68IUY,4.0,1372809600
A3LN4AOPBIUQWR,B008B68IUY,5.0,1372896000
A231LBC8EGPO5L,B008B68IUY,5.0,1373328000
A277TO3PKKNYDH,B008B68IUY,5.0,1372982400
A3MUSWDCTZINQZ,B008B68IUY,4.0,1373932800
A3U0S17XYK8XMJ,B008B68J1C,5.0,1365120000
A3GK1O5S6188AJ,B008B68J1C,5.0,1363824000
A16Z2OECAUX8Z4,B008B68J1C,5.0,1362441600
A3OXRFCJI67IMN,B008B68J1C,4.0,1363737600
ALQMZVXPJ0Y3A,B008B68J1C,5.0,1363824000
A34GM17T6WTJDK,B008B68J1C,5.0,1362873600
A2MVPY9XVYST9H,B008B68J1C,4.0,1364774400
A3B9C6MZAFC1JX,B008B68J1C,5.0,1366156800
A32B6XWNR55SRL,B008B68J1C,5.0,1361664000
A30IP3E4MDQ36,B008B68J1C,5.0,1363824000
A2065HBMYDXJ1S,B008B68J1C,4.0,1363824000
AX7QMRXX81L9K,B008B68J1C,4.0,1363651200
A277TO3PKKNYDH,B008B68J1C,5.0,1363305600
ADYZOSTF9LZLD,B008B68J1C,4.0,1362960000
A33PVCHCQ2BTN0,B008B68J1C,5.0,1363824000
A13Z96HR8EEF24,B008B68J1C,4.0,1362355200
A3JLOIXFM75QNV,B008B68J1C,4.0,1363219200
A3OXRFCJI67IMN,B008B68J2G,4.0,1363737600
A1Q08H4B9QGT2N,B008B68J2G,4.0,1363651200
A16EIVIBBXFAQ0,B008B68J2G,4.0,1365292800
A3G2PUQ455XMXJ,B008B68J2G,5.0,1371686400
A3B9C6MZAFC1JX,B008B68J2G,5.0,1366156800
A3BTL4FV6ODKAT,B008B68J2G,5.0,1368576000
A30IP3E4MDQ36,B008B68J2G,5.0,1365120000
A2SDRCBPIAXVDW,B008B68J2G,3.0,1366848000
A23TGI02RB7JC,B008B68J2G,5.0,1366934400
A1WSQ0QRWQC7VI,B008B68J2G,4.0,1362873600
A3FWVV13DJELLV,B008B68J2G,4.0,1364256000
A3LN4AOPBIUQWR,B008B68J2G,5.0,1362614400
A2IJ54FX1L83WK,B008B68J2G,5.0,1362960000
A277TO3PKKNYDH,B008B68J2G,4.0,1364169600
A3VS2RYRGDW4HS,B008B68J2G,5.0,1363824000
A8KJS2P6E5DCB,B008B68J2G,4.0,1362009600
A2ZPZM9RE08JXF,B008B68J2Q,4.0,1366156800
A2ZB8B7VQONZA6,B008B68J2Q,5.0,1363564800
A215WH6RUDUCMP,B008B68J2Q,5.0,1363824000
A30IP3E4MDQ36,B008B68J2Q,5.0,1363824000
A5GPH59NDWJRB,B008B68J2Q,4.0,1362355200
A2065HBMYDXJ1S,B008B68J2Q,4.0,1362528000
A1VXIY1511XQK2,B008B68J2Q,5.0,1365120000
A361U4SXK7FCQE,B008B68J2Q,4.0,1362873600
A2RKI7RPP5CJMG,B008B68J2Q,3.0,1365724800
A3EZHMGGWY74HY,B008B68J2Q,4.0,1363737600
A3K8AU6BAGN60E,B008B68J2Q,4.0,1363910400
AK1WNXTHNCG5V,B008B68J2Q,4.0,1362960000
AAU0G40ZN5RIL,B008B68J2Q,4.0,1363392000
A2OOZZDSOHG4UY,B008B68J2Q,5.0,1363132800
A19GJX6TTSK0C0,B008B68J2Q,3.0,1365465600
A3U0S17XYK8XMJ,B008B68J30,5.0,1365120000
A16EIVIBBXFAQ0,B008B68J30,4.0,1365292800
A3CN9CCJUNIPKT,B008B68J30,5.0,1363824000
A30IP3E4MDQ36,B008B68J30,5.0,1363824000
A2RKI7RPP5CJMG,B008B68J30,3.0,1364860800
AG71XMQGQ2UTJ,B008B68J30,4.0,1364947200
A3LN4AOPBIUQWR,B008B68J30,4.0,1362614400
A2ZKQC0XCIIAEM,B008B68J30,5.0,1362528000
A2V98TS4QDDCG9,B008B68J30,5.0,1363564800
AQZ4PHIEEV5N5,B008B68J30,5.0,1363737600
AUS5X6IMFLJBD,B008B68J30,5.0,1362787200
A2OOZZDSOHG4UY,B008B68J30,5.0,1363132800
A3VS2RYRGDW4HS,B008B68J30,4.0,1363824000
A19GJX6TTSK0C0,B008B68J30,4.0,1363824000
A3JLOIXFM75QNV,B008B68J30,4.0,1363737600
AQB4DH57MSZSC,B008CNPHWI,5.0,1357948800
AG2YXYIQ8TLTA,B008CNPHWI,5.0,1356566400
A1X3ESYZ79H59E,B008CNPHWI,4.0,1356480000
A10E3F50DIUJEE,B008CNPHWI,5.0,1349308800
A3G2PUQ455XMXJ,B008CNPHWI,5.0,1352419200
ARNEUO7BF3J55,B008CNPHWI,3.0,1349913600
AY3D7DG5L5WCK,B008CNPHWI,5.0,1349568000
A35IX2GE0VC0JP,B008CNPHWI,3.0,1363824000
ACYR6O588USK,B008CNPHWI,5.0,1352937600
A3CLWZGMC7M9Z1,B008CNPHWI,4.0,1351036800
ALYZJ7W14YS26,B008CNPHWI,4.0,1354060800
A2LO1YE4Q0N4F,B008CNPHWI,5.0,1356480000
A244CRJ2QSVLZ4,B008CNPHWI,4.0,1355097600
AGVDI7RLT24WJ,B008CNPHWI,4.0,1356739200
A2FVD05Z2FYW1P,B008CNPHWI,4.0,1352937600
AORGKBNQZ83O8,B008CNPHWI,4.0,1350518400
AOEUN9718KVRD,B008CNPHWI,5.0,1349136000
AVJJ2D4G5I0Z4,B008CNPHWI,4.0,1349913600
A3EZHMGGWY74HY,B008CNPHWI,5.0,1350691200
A3LN4AOPBIUQWR,B008CNPHWI,3.0,1357084800
A2YV6F6DLENNTM,B008CNPHWI,3.0,1350518400
AQZ4PHIEEV5N5,B008CNPHWI,4.0,1355875200
A2B7BUH8834Y6M,B008CNPHWI,5.0,1354147200
A1GNYV0RA0EQSS,B008CNPHWI,4.0,1352937600
A6X1O3A5C5FX1,B008CNPHWI,3.0,1351900800
A2D4FQHV506EPB,B008CNPIAE,5.0,1350259200
A39H1GO9E3YQIB,B008CNPIAE,4.0,1349654400
A1P27BGF8NAI29,B008CNPIAE,4.0,1355356800
A3VGAP2KLCBNBB,B008CNPIAE,2.0,1352937600
A1486KL0IOM7VM,B008CNPIAE,4.0,1350345600
A3LWC833HQIG7J,B008CNPIAE,4.0,1349568000
AZA55FJD7CCZN,B008CNPIAE,3.0,1350518400
A3SMV35531YME,B008CNPIAE,4.0,1349395200
A21VGNU5959O85,B008CNPIAE,5.0,1348704000
AJ2FDNZ3COBFN,B008CNPIAE,3.0,1350432000
A1UHKF1UQ3EGW4,B008CNPIAE,5.0,1349568000
A1TR1R2QKWRSRA,B008CNPIAE,3.0,1349395200
A277GP2U2TXH51,B008CNPIAE,4.0,1350432000
A3V6QSTG2T9MIO,B008CNPIAE,2.0,1364256000
AGVDI7RLT24WJ,B008CNPIAE,3.0,1365120000
A1C7Y31S5QXNTR,B008CNPIAE,4.0,1349654400
A3M2O06MCHJG18,B008CNPIAE,2.0,1350518400
A3QD7VWBD470D2,B008CNPIAE,3.0,1348531200
AQRN2I355LZ3F,B008CNPIAE,4.0,1350432000
A2KWE2ZM1EEBGJ,B008CNPIAE,3.0,1349395200
A2JE8OS1NN9YDB,B008CNPIAE,5.0,1350345600
A3NEAETOSXDBOM,B008CNPIAE,2.0,1348531200
A1M0OSCFOAMAZO,B008CNPIAE,4.0,1349654400
A1KMG1AIUS00DC,B008CNPIAE,5.0,1349481600
A3GMRYV7VAYK5Q,B008CNRIWA,4.0,1350518400
A17V2N0N8CXSA9,B008CNRIWA,5.0,1350432000
A17771LTRWSKQ5,B008CNRIWA,3.0,1350864000
A2ZJPDH0YP90SD,B008CNRIWA,5.0,1349568000
A2LF16F0KX9L7P,B008CNRIWA,5.0,1350259200
A2UEB48LAWFUCW,B008CNRIWA,5.0,1350950400
A226GFM0Q9L37H,B008CNRIWA,5.0,1368489600
A3UYBRB74RJFXB,B008CNRIWA,5.0,1357516800
AM8J1UVGVYAL4,B008CNRIWA,3.0,1364256000
A1XVF5DU3N05OM,B008CNRIWA,5.0,1360368000
A2XSY4L7GDHV4W,B008CNRIWA,5.0,1350259200
ATMQEI1LKR6VB,B008CNRIWA,4.0,1350518400
A3MUSWDCTZINQZ,B008CNRIWA,3.0,1352764800
A1Q1T811N4IY3Z,B008CNRIWA,4.0,1349740800
A1XFI340SHOS5K,B008CNRIWA,2.0,1348704000
A2RIAXGSBP65BJ,B008CO91JC,4.0,1366156800
A18FUHNBP90IB4,B008CO91JC,4.0,1344211200
A2K89R0B20LYHB,B008CO91JC,4.0,1360627200
A1MZEMD0EDETS6,B008CO91JC,5.0,1344643200
A2QX49LS3Y3ANI,B008CO91JC,4.0,1344297600
A3HETHW2XD3DWH,B008CO91JC,2.0,1348012800
A2KIVODZRTGY4U,B008CO91JC,4.0,1348012800
A2E3NAL9ECE7VS,B008CO91JC,4.0,1344729600
AZ515FFZ7I2P7,B008CO91JC,4.0,1345075200
A2BVNVJOFXGZUB,B008CO91JC,4.0,1343260800
A8KM4YOB8FGGH,B008CO91JC,5.0,1356480000
A2LXC5ZHHP0WXP,B008CO91JC,5.0,1343347200
A2HELIKP5RV27F,B008CO91JC,3.0,1344816000
A3PPXVR5J6U2JD,B008CO91JC,5.0,1346025600
A1NIGUK4M2ST8,B008CO91JC,5.0,1344038400
AGEKVD8JPZQMT,B008CO91JC,4.0,1344211200
AQZ4PHIEEV5N5,B008CO91JC,5.0,1343174400
A23RQRX7LO7NG8,B008CO91JC,5.0,1351036800
A81XIM8XFKWX5,B008CO91JC,5.0,1343692800
A2877AOHJFZI0E,B008D9MT68,4.0,1351987200
A3SMV35531YME,B008D9MT68,5.0,1349395200
A279FUL12R7MBD,B008D9MT68,4.0,1348876800
AM2IR1V5EU55U,B008D9MT68,5.0,1348704000
ATQ22E6YAUNXP,B008D9MT68,5.0,1349222400
A2PU5IDX61XJ7A,B008D9MT68,5.0,1351123200
A336FE20YZZL3A,B008D9MT68,5.0,1350345600
A3M1PLEYNDEYO8,B008D9MT68,5.0,1348704000
A3AGWRMHKLFLWR,B008D9MT68,3.0,1356566400
A381MT950I6KRL,B008D9MT68,4.0,1352246400
A1LUK8APLC16WK,B008D9MT68,5.0,1350172800
A226GFM0Q9L37H,B008D9MT68,5.0,1351382400
A1WSQ0QRWQC7VI,B008D9MT68,4.0,1351900800
A1VF5HRCDF99CF,B008D9MT68,5.0,1366848000
A2YV6F6DLENNTM,B008D9MT68,4.0,1350518400
A3Y0IB3VYLD6A,B008D9MT68,4.0,1358899200
A1IA0O3OYQO9LV,B008D9MT68,3.0,1348531200
A3UJRNI8UR4871,B008D9MT68,4.0,1348531200
AFEYHFH2GH0QZ,B008D9MT7W,4.0,1345593600
A1X2YRSD648FM3,B008D9MT7W,3.0,1348444800
A2ZPZM9RE08JXF,B008D9MT7W,5.0,1345680000
A2U83VDVJMAB2U,B008D9MT7W,5.0,1346630400
A7C77J4MH94B6,B008D9MT7W,4.0,1348704000
A2LW5AL0KQ9P1M,B008D9MT7W,5.0,1346198400
A1P0JSFW184ZXJ,B008D9MT7W,4.0,1350518400
A24U6WGBZ4P74W,B008D9MT7W,4.0,1346198400
AVFJ327UXPXLF,B008D9MT7W,4.0,1350345600
A2UEB48LAWFUCW,B008D9MT7W,5.0,1348012800
A381MT950I6KRL,B008D9MT7W,4.0,1347840000
A1KDM0N4UCEPHA,B008D9MT7W,4.0,1352851200
A2HELIKP5RV27F,B008D9MT7W,5.0,1347062400
ATANE2SC44592,B008D9MT7W,5.0,1356480000
AMYTL79JMGQ6D,B008D9MT7W,5.0,1345939200
A23KDA686N6T4Y,B008D9MT7W,4.0,1347753600
A3TMBYDFP1B9DM,B008D9MT7W,4.0,1356912000
A1ODOGXEYECQQ8,B008D9MT7W,4.0,1346284800
AQ1F3NP2G15S5,B008D9MT7W,5.0,1364428800
A19GJX6TTSK0C0,B008D9MT7W,5.0,1350604800
A1KXJCXS6HFRQZ,B008D9MT7W,5.0,1347753600
A3D5B2CBFNJB0K,B008D9MT7W,5.0,1348099200
A1W415JP5WEAJK,B008DK94VU,4.0,1343433600
A2IG937LQKWO7C,B008DK94VU,4.0,1350518400
AM2IR1V5EU55U,B008DK94VU,4.0,1343433600
AMS2CPERWN7JV,B008DK94VU,4.0,1344643200
A26NMTIHEUM65Z,B008DK94VU,3.0,1343260800
A336FE20YZZL3A,B008DK94VU,5.0,1343260800
A3M1PLEYNDEYO8,B008DK94VU,5.0,1343260800
A3CLWZGMC7M9Z1,B008DK94VU,4.0,1348617600
ALEUQQE118NEW,B008DK94VU,4.0,1343260800
A1NQK5MH9GTJ6S,B008DK94VU,4.0,1343520000
A3BAE79NXFDXGV,B008DK94VU,4.0,1344988800
A1LUK8APLC16WK,B008DK94VU,5.0,1343865600
A1IAQIZSXONWVU,B008DK94VU,4.0,1345075200
ALDAF4VVLFRHP,B008DK94VU,4.0,1343520000
A2B7BUH8834Y6M,B008DK94VU,5.0,1347580800
A1M7Y63Y5GYJI1,B008DK94VU,4.0,1348099200
A2J8DE8R94ZB02,B008DK94VU,2.0,1363737600
A3UJRNI8UR4871,B008DK94VU,5.0,1343347200
A2D4FQHV506EPB,B008DKA3XI,5.0,1350345600
A1F7YU6O5RU432,B008DKA3XI,4.0,1354147200
A3F2VVIQIY6U64,B008DKA3XI,4.0,1363910400
AK8LOFYRZJJW0,B008DKA3XI,5.0,1352851200
A34IBXM7E8CPWE,B008DKA3XI,3.0,1348531200
A194K60CWZ371J,B008DKA3XI,5.0,1348617600
A1S52XH2CS4Y26,B008DKA3XI,5.0,1349481600
A27X7XXOKMK879,B008DKA3XI,4.0,1353974400
A1SB9BNNGKNX2Z,B008DKA3XI,4.0,1349654400
A3NDUBKYPI47N2,B008DKA3XI,3.0,1356652800
A11LNY2OLQSUSV,B008DKA3XI,4.0,1352678400
A3Q9HY0LU7MN6E,B008DKA3XI,5.0,1348444800
AAA0TUKS5VBSA,B008DKA3XI,4.0,1350259200
A2ZKQC0XCIIAEM,B008DKA3XI,5.0,1349222400
A37D2TGTIXRV2N,B008DKA3XI,4.0,1356480000
A27ADCSD15F3GL,B008DKA3XI,3.0,1355875200
A12E0Y0J6584RT,B008DKA3XI,4.0,1349654400
A8KJS2P6E5DCB,B008DKA3XI,4.0,1366848000
A3S5WYWYKSAI9C,B008DS1M44,3.0,1354579200
A2RVCF21L2NPU5,B008DS1M44,4.0,1355788800
A11B61QBGHLQDN,B008DS1M44,3.0,1354838400
A2IMGHMF0LO151,B008DS1M44,5.0,1358121600
A194K60CWZ371J,B008DS1M44,4.0,1354406400
A2P739KOM4U5JB,B008DS1M44,3.0,1355356800
AVFJ327UXPXLF,B008DS1M44,5.0,1358294400
A2QI2NTDTMK2FV,B008DS1M44,5.0,1353283200
A34CSXOGVYF94S,B008DS1M44,2.0,1353196800
A34UVV757IKPVB,B008DS1M44,2.0,1353628800
AK1WNXTHNCG5V,B008DS1M44,5.0,1354060800
A3Q9HY0LU7MN6E,B008DS1M44,5.0,1356480000
A3LN4AOPBIUQWR,B008DS1M44,3.0,1354233600
A2JKM8KF3296CW,B008DS1M44,3.0,1353196800
A2ZKQC0XCIIAEM,B008DS1M44,5.0,1353456000
A33VI944SO2YCN,B008DS1M44,4.0,1356825600
A2NXAV1SNXWA9H,B008DS1M44,3.0,1355875200
A2T04VAIXSKJH2,B008DS1M44,2.0,1366070400
A335GUD1YBS31U,B008DS1M44,3.0,1365984000
A2D4FQHV506EPB,B008EG7KS2,5.0,1348531200
A2D7B5I7ZQ51XL,B008EG7KS2,4.0,1348617600
A2ZPZM9RE08JXF,B008EG7KS2,4.0,1347235200
A3SMV35531YME,B008EG7KS2,5.0,1347667200
A3JPFWKS83R49V,B008EG7KS2,4.0,1346630400
A2BN9DIBP9A0XG,B008EG7KS2,4.0,1348790400
AMS2CPERWN7JV,B008EG7KS2,4.0,1358812800
A2XA8CW5DF4MNZ,B008EG7KS2,5.0,1348099200
A215WH6RUDUCMP,B008EG7KS2,5.0,1346198400
A24U6WGBZ4P74W,B008EG7KS2,5.0,1345593600
A1DB5QPH7WO488,B008EG7KS2,4.0,1351036800
A1BK60GZ4QME6I,B008EG7KS2,5.0,1346112000
A1KLPS6P7UR631,B008EG7KS2,5.0,1345507200
A31AVXMESQRQAC,B008EG7KS2,5.0,1346025600
A3FWVV13DJELLV,B008EG7KS2,5.0,1346544000
AY1EF0GOH80EK,B008EG7KS2,4.0,1356566400
APDPA11IZPYLN,B008EG7KS2,5.0,1348099200
A3IMK08UX0I46A,B008EG7KS2,3.0,1348704000
A3D5B2CBFNJB0K,B008EG7KS2,4.0,1348704000
A3JLOIXFM75QNV,B008EG7KS2,4.0,1363737600
A2G04D4QZAXL15,B008EG7KS2,5.0,1346284800
A2DURJRPTPKUZS,B008EG7KSM,3.0,1347148800
AM2IR1V5EU55U,B008EG7KSM,4.0,1345939200
A2AYJJAFNSGSU1,B008EG7KSM,5.0,1346025600
A1WKQ94M45D8MG,B008EG7KSM,4.0,1352678400
A2LW5AL0KQ9P1M,B008EG7KSM,3.0,1346198400
A2DG63DN704LOI,B008EG7KSM,5.0,1354492800
A2AF0NOCM71J0B,B008EG7KSM,5.0,1347148800
A2UBSGFCP2QFNV,B008EG7KSM,5.0,1358985600
ALEUQQE118NEW,B008EG7KSM,5.0,1345507200
A22S7D0LP8GRDH,B008EG7KSM,2.0,1363996800
A24U6WGBZ4P74W,B008EG7KSM,5.0,1345680000
ABMX8XUNPR3LP,B008EG7KSM,4.0,1348617600
AOEUN9718KVRD,B008EG7KSM,4.0,1347408000
A1VF5HRCDF99CF,B008EG7KSM,5.0,1348617600
AK1WNXTHNCG5V,B008EG7KSM,5.0,1346544000
A1LG1DKUZXGJ6J,B008EG7KSM,5.0,1346112000
ALDAF4VVLFRHP,B008EG7KSM,5.0,1346198400
A1VTBADV3JS1EC,B008EG7KSM,4.0,1350518400
AQRN2I355LZ3F,B008EG7KSM,4.0,1348099200
A2OOZZDSOHG4UY,B008EG7KSM,5.0,1347753600
ALQ4USPEQ9L5N,B008EG7KSM,5.0,1347840000
A3G7BEJJCPD6DS,B008EG7KSM,3.0,1347840000
AMB2Z4FMDBWQY,B008EG7KSM,4.0,1347926400
A3SBZAOPPY40IT,B008EG7KSM,5.0,1345507200
A2ECTCPBTOGW4H,B008EG7KTQ,4.0,1353110400
A21VGNU5959O85,B008EG7KTQ,3.0,1347235200
A1FDVT0DLJWV78,B008EG7KTQ,4.0,1350518400
A28IIVKXOE1ATF,B008EG7KTQ,4.0,1346284800
A3FOSLM5G1BO63,B008EG7KTQ,4.0,1355011200
A2KIVODZRTGY4U,B008EG7KTQ,5.0,1347926400
A17V2N0N8CXSA9,B008EG7KTQ,3.0,1346025600
AX7QMRXX81L9K,B008EG7KTQ,4.0,1350086400
ATANE2SC44592,B008EG7KTQ,5.0,1346198400
A1PI8VBCXXSGC7,B008EG7KTQ,4.0,1347753600
A1C7Y31S5QXNTR,B008EG7KTQ,5.0,1346112000
A35NOFKHK8P2LU,B008EG7KTQ,4.0,1346716800
A1ONZ8JRPLBNUI,B008EG7KTQ,5.0,1352851200
A3FWVV13DJELLV,B008EG7KTQ,5.0,1346544000
A1QBOC76MIOJYP,B008EG7KTQ,5.0,1351900800
AUV3OR951650C,B008EG7KTQ,3.0,1346889600
A2YB7DLC3FOR7W,B008EG7KTQ,4.0,1346025600
A1GNYV0RA0EQSS,B008EG7KTQ,4.0,1347494400
A19YOYY7FLQMA6,B008EG7KTQ,4.0,1346889600
AIVZMEFEAGF3,B008EG7KTQ,4.0,1348012800
A1WP940JZL83T7,B008GS8NSO,5.0,1351555200
AC4XV78EJG1QB,B008GS8NSO,1.0,1355961600
A3OXRFCJI67IMN,B008GS8NSO,4.0,1351814400
AYUF7YETYOLNX,B008GS8NSO,4.0,1353974400
A2AYJJAFNSGSU1,B008GS8NSO,5.0,1350864000
A1JTTI1KH3DOCY,B008GS8NSO,4.0,1351555200
A3B9C6MZAFC1JX,B008GS8NSO,4.0,1351728000
A2RME4353Y911C,B008GS8NSO,3.0,1356652800
A3CU0QL4C4LAA8,B008GS8NSO,4.0,1353369600
A37CXU92U7FYJH,B008GS8NSO,5.0,1356393600
A8KM4YOB8FGGH,B008GS8NSO,4.0,1356480000
A1DY0CRKZEY0FB,B008GS8NSO,2.0,1357948800
A2RKI7RPP5CJMG,B008GS8NSO,4.0,1350950400
A29534U2P9CLNR,B008GS8NSO,4.0,1352937600
A38H4XCCPLRF93,B008GS8NSO,5.0,1352160000
AP8D74QD9LUUL,B008GS8NSO,4.0,1361664000
A1WBEIH7Z37LN9,B008GS8NSO,3.0,1352937600
A1NIGUK4M2ST8,B008GS8NSO,4.0,1351814400
A35Y0RSU09ANEN,B008GS8NSO,5.0,1352764800
A15CL28ALB7MTZ,B008GS8NSO,4.0,1353110400
A3Y0IB3VYLD6A,B008GS8NSO,4.0,1352937600
A13Z96HR8EEF24,B008GS8NSO,4.0,1351641600
A1XFI340SHOS5K,B008GS8NSO,5.0,1351900800
A2K89R0B20LYHB,B008HYGFEG,4.0,1346112000
A3NHUQ33CFH3VM,B008HYGFEG,4.0,1348012800
ABSFFH7ECSE49,B008HYGFEG,4.0,1348185600
A2974R9BTPZPOJ,B008HYGFEG,4.0,1348099200
A2507ZYWGMY9BK,B008HYGFEG,4.0,1350518400
A1M5ZT35YX6TIN,B008HYGFEG,5.0,1347494400
A215WH6RUDUCMP,B008HYGFEG,5.0,1345593600
ABMX8XUNPR3LP,B008HYGFEG,3.0,1348617600
AWH2AY17ZU7W2,B008HYGFEG,4.0,1347408000
AYNRALJ4X1COS,B008HYGFEG,5.0,1346284800
A31AVXMESQRQAC,B008HYGFEG,5.0,1350345600
A3T7XVG3AXJF61,B008HYGFEG,5.0,1353283200
A3M2O06MCHJG18,B008HYGFEG,4.0,1363824000
A1NIGUK4M2ST8,B008HYGFEG,5.0,1346630400
A1ONZ8JRPLBNUI,B008HYGFEG,5.0,1352937600
A2OG83SEU9HL6D,B008HYGFEG,4.0,1349222400
A2XFM8PN6G0B02,B008HYGFEG,3.0,1349481600
A3HPCRD9RX351S,B008HYGFEG,4.0,1346630400
AUCXT9K30SHYF,B008HYGFEG,5.0,1346457600
AFZJNYR931ZCN,B008HYGFEG,4.0,1350432000
AQB4DH57MSZSC,B008HYGFGE,4.0,1344470400
ALNFHVS3SC4FV,B008HYGFGE,5.0,1346025600
A3OJX18B60PJR9,B008HYGFGE,4.0,1362009600
A1TR1R2QKWRSRA,B008HYGFGE,3.0,1345420800
AR33KU52LIBF1,B008HYGFGE,5.0,1343260800
A1KSNK256G46GX,B008HYGFGE,4.0,1343433600
A2MVPY9XVYST9H,B008HYGFGE,4.0,1343692800
A14X244VGHWPSX,B008HYGFGE,5.0,1345680000
A1FWFCJU2G7TRA,B008HYGFGE,4.0,1343433600
A267FU71Z01CIH,B008HYGFGE,4.0,1344556800
A2561PYW9TTMYD,B008HYGFGE,4.0,1344211200
AQSW6WDVCJGB8,B008HYGFGE,5.0,1344902400
A3M2O06MCHJG18,B008HYGFGE,4.0,1343260800
AY1EF0GOH80EK,B008HYGFGE,5.0,1344902400
A1ZVFCPHCWFV71,B008HYGFGE,4.0,1345680000
A1BA72K4VK1UN1,B008HYGFGE,5.0,1345680000
A1EN4XAKX9LK4A,B008HYGFGE,4.0,1344124800
AMKPSJXCQZVW9,B008HYGFGE,4.0,1343260800
ADYZOSTF9LZLD,B008HYGFGE,4.0,1344729600
A2Z2FATA8JNL54,B008HYGFGE,5.0,1344643200
A1KXJCXS6HFRQZ,B008HYGFGE,4.0,1343433600
A2YEOR4XJ8N3QE,B008HYGFGE,4.0,1343692800
A3QD59N3M7O7KB,B008HYGFGE,4.0,1344211200
AUJFO0J9A2HGE,B008HYGFIC,5.0,1351036800
A1II2ZRPKZAQQD,B008HYGFIC,4.0,1351036800
A2D7B5I7ZQ51XL,B008HYGFIC,2.0,1361404800
A3SMV35531YME,B008HYGFIC,4.0,1351036800
A2K89R0B20LYHB,B008HYGFIC,5.0,1356566400
AR33KU52LIBF1,B008HYGFIC,3.0,1352764800
ACVDL5QRCOPE1,B008HYGFIC,5.0,1353974400
A2974R9BTPZPOJ,B008HYGFIC,4.0,1361318400
A35IX2GE0VC0JP,B008HYGFIC,4.0,1368489600
A5JLAU2ARJ0BO,B008HYGFIC,2.0,1353369600
A336FE20YZZL3A,B008HYGFIC,5.0,1351123200
AKMEY1BSHSDG7,B008HYGFIC,5.0,1352073600
AHQ13I9CI4US6,B008HYGFIC,5.0,1352246400
A2KFWHHUFVKFXZ,B008HYGFIC,4.0,1354233600
A1LUK8APLC16WK,B008HYGFIC,5.0,1351555200
A3K8AU6BAGN60E,B008HYGFIC,5.0,1360108800
A2MG95DI29NJTJ,B008HYGFIC,3.0,1356566400
AXVKMYWNIHK7W,B008HYGFIC,4.0,1351209600
AIVZMEFEAGF3,B008HYGFIC,4.0,1352678400
A2GOHBNQ58WOKC,B008HYGFIC,5.0,1354665600
A3I1BJIFFM4S21,B008HYGFJG,3.0,1350518400
A2ME89MSWVG9NF,B008HYGFJG,3.0,1343952000
A2TTHN1UMO82VY,B008HYGFJG,2.0,1363651200
A3FOSLM5G1BO63,B008HYGFJG,4.0,1345161600
A2507ZYWGMY9BK,B008HYGFJG,2.0,1362009600
A336FE20YZZL3A,B008HYGFJG,5.0,1344124800
A24RCBRDXRXR0Y,B008HYGFJG,3.0,1344556800
A34UVV757IKPVB,B008HYGFJG,2.0,1344211200
AI2XINIZFPBI8,B008HYGFJG,3.0,1343260800
AP8D74QD9LUUL,B008HYGFJG,4.0,1345075200
A3M2O06MCHJG18,B008HYGFJG,3.0,1344988800
A3QEIVO8AB3YMU,B008HYGFJG,2.0,1343779200
A1ODOGXEYECQQ8,B008HYGFJG,4.0,1345248000
A2ZKQC0XCIIAEM,B008HYGFJG,5.0,1343865600
A1RF9YK4BK5TRH,B008HYGFJG,3.0,1347667200
A19GJX6TTSK0C0,B008HYGFJG,3.0,1348704000
ARIDN94LOCQFD,B008HYGFJG,3.0,1344902400
A1XFI340SHOS5K,B008HYGFJG,3.0,1343606400
A2RW587355CMVA,B008IZH4JE,2.0,1367971200
A19FRW264WZTGP,B008IZH4JE,4.0,1358812800
A2XYH8IHILWW7X,B008IZH4JE,4.0,1359504000
A15Q9YEG1XPEJN,B008IZH4JE,3.0,1359417600
A1F5O1USOUOOXI,B008IZH4JE,4.0,1359849600
AGVDI7RLT24WJ,B008IZH4JE,2.0,1359849600
A3T7XVG3AXJF61,B008IZH4JE,3.0,1362009600
A3M2O06MCHJG18,B008IZH4JE,3.0,1361923200
ADFLBRY00Y70G,B008IZH4JE,4.0,1361404800
A1Z7Y2GMAP9SRY,B008IZH4JE,3.0,1360800000
ARPB88E6F2MFR,B008IZH4JE,3.0,1363824000
A14RYRR7ETV3UY,B008IZH4JE,2.0,1367539200
A2T04VAIXSKJH2,B008IZH4JE,3.0,1361059200
A2WW57XX2UVLM6,B008IZH4JE,3.0,1359072000
A3K91X9X2ARDOK,B008IZH4JE,3.0,1359676800
A23RQRX7LO7NG8,B008IZH4JE,5.0,1363824000
A19JDXB5R33C7R,B008IZH4JE,3.0,1361577600
AD0WUBKBO21KK,B008KCQRPW,5.0,1352937600
A3I1BJIFFM4S21,B008KCQRPW,5.0,1355011200
A2877AOHJFZI0E,B008KCQRPW,5.0,1351987200
ALQY22U9JTNCQ,B008KCQRPW,4.0,1352937600
A2XYH8IHILWW7X,B008KCQRPW,4.0,1353456000
A36S5U0QOWMOSX,B008KCQRPW,4.0,1356912000
A33PBU9EHZ28PC,B008KCQRPW,4.0,1352505600
ARNEUO7BF3J55,B008KCQRPW,4.0,1351555200
A2Y5T1O43P14RP,B008KCQRPW,4.0,1361318400
A5K3CK2PWYQ7O,B008KCQRPW,4.0,1352592000
A375NF45A1MDWI,B008KCQRPW,5.0,1352160000
A2W4014S06NAIT,B008KCQRPW,4.0,1352419200
A2507ZYWGMY9BK,B008KCQRPW,5.0,1354060800
A336FE20YZZL3A,B008KCQRPW,5.0,1353369600
A14UOOROH3XRQ9,B008KCQRPW,5.0,1351209600
A1V3PCKVCJ3TTZ,B008KCQRPW,4.0,1351641600
A1M5ZT35YX6TIN,B008KCQRPW,3.0,1352678400
ADJ0G262H54GP,B008KCQRPW,5.0,1351123200
A1KGWUYXUBEMB2,B008KCQRPW,5.0,1352851200
A2BVNVJOFXGZUB,B008KCQRPW,5.0,1352419200
AGFGY4EJ37VS2,B008KCQRPW,4.0,1351123200
A3HAA7H8PBVM78,B008KCQRPW,5.0,1352246400
A33HIV8RXRDM88,B008KCQRPW,5.0,1354492800
AA8F2HV4DPV2T,B008KCQRPW,5.0,1352937600
A2QETZZ5EKH5RQ,B008KCQRPW,5.0,1351728000
A3T7XVG3AXJF61,B008KCQRPW,5.0,1359072000
A3K8AU6BAGN60E,B008KCQRPW,4.0,1351641600
A1UCPXUBSESD65,B008KCQRPW,3.0,1351900800
AUV3OR951650C,B008KCQRPW,5.0,1352937600
A2JVBJUU2DL0WA,B008KCQRPW,5.0,1352764800
A35Y0RSU09ANEN,B008KCQRPW,5.0,1352505600
A276OI0NHBYORX,B008KCQRPW,5.0,1352937600
A1FXY0GUFHEI59,B008KCQRPW,5.0,1351900800
A1GUN2J1FDYNF3,B008KCQRPW,5.0,1352851200
A2BZ16RKE13PKV,B008KCQRPW,4.0,1352937600
ARIDN94LOCQFD,B008KCQRPW,4.0,1351468800
A3K91X9X2ARDOK,B008KCQRPW,5.0,1351641600
A3FKPBNI7UWQFW,B008KCQRPW,4.0,1351123200
AA98O5326L88T,B008KGR1YO,4.0,1353974400
A38YS1DNHC3CVC,B008KGR1YO,3.0,1365552000
A1T8N18XKDLJO4,B008KGR1YO,3.0,1358294400
A3E7E854VCA4E7,B008KGR1YO,4.0,1348099200
A1DW1FK1H3F2TM,B008KGR1YO,5.0,1363824000
A27X7XXOKMK879,B008KGR1YO,4.0,1353456000
ALEUQQE118NEW,B008KGR1YO,4.0,1351900800
A24U6WGBZ4P74W,B008KGR1YO,5.0,1351468800
A3BAE79NXFDXGV,B008KGR1YO,4.0,1352764800
A2LXC5ZHHP0WXP,B008KGR1YO,5.0,1352332800
A11LNY2OLQSUSV,B008KGR1YO,4.0,1366761600
AUV3OR951650C,B008KGR1YO,5.0,1358208000
A17M1HL6U2GS7M,B008KGR1YO,4.0,1356912000
A8QYRG7TW491B,B008KGR1YO,4.0,1364342400
AA98O5326L88T,B008KGR2OI,4.0,1363651200
AYWHCM0TJ4737,B008KGR2OI,4.0,1364947200
A1BMG34CO5CMZ5,B008KGR2OI,4.0,1366761600
AG2YXYIQ8TLTA,B008KGR2OI,4.0,1366070400
A1JTTI1KH3DOCY,B008KGR2OI,5.0,1361836800
A2UBSGFCP2QFNV,B008KGR2OI,4.0,1367020800
A2E3NAL9ECE7VS,B008KGR2OI,5.0,1362182400
A2ZJPDH0YP90SD,B008KGR2OI,4.0,1362009600
ALEUQQE118NEW,B008KGR2OI,4.0,1363564800
A13BX9O5UDBILC,B008KGR2OI,4.0,1366243200
A2UEB48LAWFUCW,B008KGR2OI,4.0,1367193600
A23WE733QT4WGJ,B008KGR2OI,4.0,1357430400
AORGKBNQZ83O8,B008KGR2OI,3.0,1368230400
A1LA4K5JF78BER,B008KGR2OI,4.0,1368835200
A3EJ8XHVDC0CWH,B008KGR2OI,5.0,1365724800
A3FWVV13DJELLV,B008KGR2OI,4.0,1365897600
A1BA72K4VK1UN1,B008KGR2OI,3.0,1369267200
AXVKMYWNIHK7W,B008KGR2OI,4.0,1365120000
A3MUSWDCTZINQZ,B008KGR2OI,4.0,1363737600
A3SBZAOPPY40IT,B008KGR2OI,5.0,1362009600
A39H1GO9E3YQIB,B008KGR356,3.0,1354406400
A1WP940JZL83T7,B008KGR356,4.0,1354233600
AL3MFYSK9HKCL,B008KGR356,2.0,1365897600
A3LMPD1ZQTWOC4,B008KGR356,3.0,1364601600
A1II2ZRPKZAQQD,B008KGR356,4.0,1354838400
AYWHCM0TJ4737,B008KGR356,3.0,1365120000
A2ZPZM9RE08JXF,B008KGR356,4.0,1355184000
A3OXRFCJI67IMN,B008KGR356,4.0,1355097600
A34IBXM7E8CPWE,B008KGR356,4.0,1353283200
A15D2X8MICR2VQ,B008KGR356,1.0,1365292800
A375NF45A1MDWI,B008KGR356,3.0,1353196800
A3VBXQKRM7A4JR,B008KGR356,3.0,1354147200
A5JLAU2ARJ0BO,B008KGR356,2.0,1355961600
AR5SY32T76DBM,B008KGR356,4.0,1355875200
A1VYFEJM12ZP11,B008KGR356,3.0,1356480000
A1P0JSFW184ZXJ,B008KGR356,4.0,1355961600
A2RHV42BTJSVON,B008KGR356,5.0,1353888000
AHRNDSKWH1YBT,B008KGR356,3.0,1365206400
A1WSQ0QRWQC7VI,B008KGR356,2.0,1356566400
A3LN4AOPBIUQWR,B008KGR356,4.0,1353715200
A231LBC8EGPO5L,B008KGR356,1.0,1356652800
A2ZKQC0XCIIAEM,B008KGR356,4.0,1354406400
A2NVQZ4Y7Y0J1R,B008KGR356,2.0,1356998400
A32QWD5DEY4LDU,B008KGR356,4.0,1353888000
A3OXRFCJI67IMN,B008LQMESQ,5.0,1351036800
ATS7LYGLUX34L,B008LQMESQ,2.0,1358121600
A1TR1R2QKWRSRA,B008LQMESQ,2.0,1352073600
A1M5ZT35YX6TIN,B008LQMESQ,4.0,1352678400
A1P0JSFW184ZXJ,B008LQMESQ,4.0,1355961600
A1NQK5MH9GTJ6S,B008LQMESQ,4.0,1351900800
A2X7NBUETXC19E,B008LQMESQ,2.0,1351123200
A2OY6P98P87047,B008LQMESQ,4.0,1350864000
A17NX7T7DW6KL2,B008LQMESQ,5.0,1350864000
A3K3SE4RK846WO,B008LQMESQ,3.0,1366243200
A3415H58HNGQFV,B008LQMESQ,4.0,1358380800
AC04O7AYHEKJ5,B008LQMESQ,4.0,1355356800
A2OG83SEU9HL6D,B008LQMESQ,3.0,1350864000
A19GJX6TTSK0C0,B008LQMESQ,4.0,1357084800
A39H1GO9E3YQIB,B008MJ62PI,4.0,1392249600
AFO678EAGH4Y9,B008MJ62PI,3.0,1392163200
ANCOMAI0I7LVG,B008MJ62PI,4.0,1393545600
A2D7B5I7ZQ51XL,B008MJ62PI,4.0,1395187200
A2CNGARED6OWWU,B008MJ62PI,4.0,1392768000
A2HC9549CZAKNN,B008MJ62PI,4.0,1394409600
A3OXRFCJI67IMN,B008MJ62PI,4.0,1392422400
A11SPSEM08VIXX,B008MJ62PI,3.0,1392163200
A2PFCO5ON4N2UP,B008MJ62PI,3.0,1395273600
A1Q08H4B9QGT2N,B008MJ62PI,4.0,1393459200
A3G2PUQ455XMXJ,B008MJ62PI,4.0,1391731200
AQ9JTZBF30IW0,B008MJ62PI,5.0,1395273600
A2QX49LS3Y3ANI,B008MJ62PI,2.0,1392595200
AKJHHD5VEH7VG,B008MJ62PI,4.0,1400976000
A1GARI2JT6EAWA,B008MJ62PI,5.0,1392768000
A2IMZNPSJGB2HQ,B008MJ62PI,4.0,1392854400
A3USZS8Q4GOKGE,B008MJ62PI,4.0,1390953600
A2WB4OWBUH2VQX,B008MJ62PI,4.0,1391817600
A3MWP39R0W9TQX,B008MJ62PI,4.0,1393891200
A1V3PCKVCJ3TTZ,B008MJ62PI,5.0,1391212800
A32B6XWNR55SRL,B008MJ62PI,5.0,1390953600
A3PJZ8TU8FDQ1K,B008MJ62PI,2.0,1395187200
A33X80DIINN48Y,B008MJ62PI,2.0,1393286400
A2065HBMYDXJ1S,B008MJ62PI,3.0,1392336000
A3BH63GKL7MQ2K,B008MJ62PI,3.0,1395273600
A1RR36YKJB917S,B008MJ62PI,4.0,1395187200
A3DZFEICHK5LF2,B008MJ62PI,4.0,1392249600
A1KLPS6P7UR631,B008MJ62PI,5.0,1393459200
A5H8NA5CJ0FK4,B008MJ62PI,4.0,1393372800
A1BAJ6JXU8PSZH,B008MJ62PI,5.0,1392768000
A36EW68H08UOCS,B008MJ62PI,3.0,1393200000
AY3EENC2BGTGK,B008MJ62PI,3.0,1390176000
A3UYBRB74RJFXB,B008MJ62PI,4.0,1392940800
A6B92PTV0Z1SU,B008MJ62PI,5.0,1391385600
A15CL28ALB7MTZ,B008MJ62PI,3.0,1392854400
A23KACXOE9O9TX,B008MJ62PI,4.0,1389744000
A2UT0FWM1DHKFJ,B008MJ62PI,5.0,1391731200
AMKPSJXCQZVW9,B008MJ62PI,2.0,1391040000
ATMQEI1LKR6VB,B008MJ62PI,4.0,1390521600
A1M0OSCFOAMAZO,B008MJ62PI,3.0,1391558400
A19YOYY7FLQMA6,B008MJ62PI,4.0,1392508800
AXVKMYWNIHK7W,B008MJ62PI,5.0,1391472000
ACAXV4V8PBCE3,B008MJ62PI,4.0,1389916800
A1VLVWTLV3LVHR,B008MJ62PI,5.0,1390953600
ADZIJQN6MNRAB,B008MJ62PI,2.0,1390780800
A1XFI340SHOS5K,B008MJ62PI,5.0,1390608000
A2RVCF21L2NPU5,B008MTYW2I,4.0,1353196800
A2W4014S06NAIT,B008MTYW2I,2.0,1365120000
AAEHOTZ1GRAUX,B008MTYW2I,3.0,1358899200
A1F5O1USOUOOXI,B008MTYW2I,3.0,1358208000
A1FJFLAAQD5WH2,B008MTYW2I,3.0,1360022400
A17NX7T7DW6KL2,B008MTYW2I,3.0,1364428800
A2ECM9HLMC242H,B008MTYW2I,4.0,1362096000
A1Z7Y2GMAP9SRY,B008MTYW2I,2.0,1360713600
A2TBAUW2W7J538,B008MTYW2I,1.0,1357516800
A2GH8LYNLQSE3F,B008MTYW2I,4.0,1366070400
A1GNYV0RA0EQSS,B008MTYW2I,1.0,1357171200
AFEYHFH2GH0QZ,B008MTYWGE,4.0,1360195200
A2CNGARED6OWWU,B008MTYWGE,4.0,1358208000
A2974R9BTPZPOJ,B008MTYWGE,4.0,1358380800
A1VYFEJM12ZP11,B008MTYWGE,5.0,1359504000
AGFGY4EJ37VS2,B008MTYWGE,4.0,1357948800
A2QETZZ5EKH5RQ,B008MTYWGE,5.0,1356739200
A9NXTC0HTPSDO,B008MTYWGE,5.0,1356825600
AM8J1UVGVYAL4,B008MTYWGE,5.0,1360972800
AX7317G153T8W,B008MTYWGE,5.0,1361318400
A1NC9AGZOBI0M1,B008MTYWGE,5.0,1360108800
A2WFZWRYWLC20S,B008MTYWGE,5.0,1361923200
A3LWC833HQIG7J,B008MTYWNC,4.0,1357344000
AGXV8E7XK9J6H,B008MTYWNC,5.0,1358380800
A22DRQMROONYOK,B008MTYWNC,5.0,1365379200
A3E0CV9614GQJV,B008MTYWNC,4.0,1360627200
AGVDI7RLT24WJ,B008MTYWNC,3.0,1357689600
A1C7Y31S5QXNTR,B008MTYWNC,5.0,1357171200
A17SZZO9LM3WYC,B008MTYWNC,4.0,1357516800
AGEKVD8JPZQMT,B008MTYWNC,3.0,1357257600
A1Z7Y2GMAP9SRY,B008MTYWNC,4.0,1360800000
ALQ4USPEQ9L5N,B008MTYWNC,5.0,1357171200
A2D7B5I7ZQ51XL,B008N6US3W,4.0,1361404800
A3LWC833HQIG7J,B008N6US3W,1.0,1368230400
A2IG937LQKWO7C,B008N6US3W,3.0,1367452800
A2CNGARED6OWWU,B008N6US3W,3.0,1366070400
A2RX62V4E2BF5Z,B008N6US3W,5.0,1364515200
A1X3ESYZ79H59E,B008N6US3W,4.0,1365552000
ALNFHVS3SC4FV,B008N6US3W,3.0,1365379200
ACJT8MUC0LRF0,B008N6US3W,4.0,1364256000
A2974R9BTPZPOJ,B008N6US3W,3.0,1366502400
A26DQMYF5E0GL6,B008N6US3W,3.0,1368662400
AMS2CPERWN7JV,B008N6US3W,4.0,1366070400
A5K3CK2PWYQ7O,B008N6US3W,3.0,1361059200
A2W4014S06NAIT,B008N6US3W,2.0,1362096000
A2503LT8PZIHAD,B008N6US3W,3.0,1364342400
A97H5I4P5PCEM,B008N6US3W,4.0,1362182400
A2XA8CW5DF4MNZ,B008N6US3W,5.0,1358812800
A3T8WOFS5RD2IR,B008N6US3W,3.0,1368921600
AI2XINIZFPBI8,B008N6US3W,5.0,1362787200
A3IAU6ZPVF2R5K,B008N6US3W,5.0,1365120000
AQSW6WDVCJGB8,B008N6US3W,2.0,1359417600
A3UYBRB74RJFXB,B008N6US3W,1.0,1366243200
A3212H6SF9W1LV,B008N6US3W,2.0,1362009600
A2QDOJFFLFGF18,B008N6US3W,3.0,1365552000
ARPB88E6F2MFR,B008N6US3W,4.0,1365120000
A3LGT6UZL99IW1,B008N6US3W,4.0,1364169600
A2GH8LYNLQSE3F,B008N6US3W,3.0,1366070400
A2OOZZDSOHG4UY,B008N6US3W,3.0,1368662400
AB0TLNLNOAGY4,B008N6US3W,2.0,1366243200
AUV0EFKWA46TX,B008N6US3W,2.0,1386374400
A1R1BFJCMWX0Y3,B008N6US3W,1.0,1361404800
A6X1O3A5C5FX1,B008N6US3W,2.0,1366156800
A2V92F5R7MLCVI,B008N6US3W,2.0,1364774400
A2ECTCPBTOGW4H,B008N6USL4,5.0,1368576000
A1WP940JZL83T7,B008N6USL4,4.0,1358985600
A2CNGARED6OWWU,B008N6USL4,5.0,1361145600
A3AL9NFNWTRV39,B008N6USL4,3.0,1358985600
A2U83VDVJMAB2U,B008N6USL4,4.0,1359331200
A3V5F050GVZ56Q,B008N6USL4,5.0,1359072000
A1DD9MSMEKYOVW,B008N6USL4,5.0,1367366400
A5GPH59NDWJRB,B008N6USL4,4.0,1358899200
A2QI2NTDTMK2FV,B008N6USL4,4.0,1358985600
A2ULQOGN59LDNK,B008N6USL4,5.0,1358985600
A1EN4XAKX9LK4A,B008N6USL4,4.0,1361404800
A2UT0FWM1DHKFJ,B008N6USL4,5.0,1358899200
A33VI944SO2YCN,B008N6USL4,4.0,1363478400
A8KJS2P6E5DCB,B008N6USL4,3.0,1358985600
A1QR76SYGTXJN5,B008OW9SLI,3.0,1383609600
A1BVFLQ89LAI0K,B008OW9SLI,4.0,1388880000
A1II2ZRPKZAQQD,B008OW9SLI,4.0,1385510400
ANCOMAI0I7LVG,B008OW9SLI,4.0,1386201600
A2CNGARED6OWWU,B008OW9SLI,4.0,1389657600
AMB5L7WUBUVDM,B008OW9SLI,4.0,1387238400
A2RX62V4E2BF5Z,B008OW9SLI,3.0,1389398400
A1FK6IQ111SJDR,B008OW9SLI,4.0,1385942400
AYOMAHLWRQHUG,B008OW9SLI,5.0,1390262400
A279A4Y2N1CQ26,B008OW9SLI,4.0,1384905600
A353U0L2HAMSHV,B008OW9SLI,4.0,1392768000
ALNFHVS3SC4FV,B008OW9SLI,3.0,1390521600
A1TR1R2QKWRSRA,B008OW9SLI,4.0,1392768000
ACJT8MUC0LRF0,B008OW9SLI,5.0,1388361600
A2E4R7YISIM4QM,B008OW9SLI,5.0,1391385600
A194K60CWZ371J,B008OW9SLI,4.0,1388620800
A3B9C6MZAFC1JX,B008OW9SLI,3.0,1388534400
A2503LT8PZIHAD,B008OW9SLI,3.0,1390953600
ADJ0G262H54GP,B008OW9SLI,4.0,1387152000
A3RTNA9THAU2OP,B008OW9SLI,3.0,1389744000
A3M6KV5PDU46YI,B008OW9SLI,4.0,1387324800
A3BKNXX8QFIXIV,B008OW9SLI,3.0,1388793600
A30UIZJMFL9PLT,B008OW9SLI,5.0,1386115200
A1Y5ERIKQBEMSP,B008OW9SLI,4.0,1384992000
A3U029B8Z5WGI2,B008OW9SLI,3.0,1390435200
A1ZGHA3IJV01BK,B008OW9SLI,4.0,1388534400
A2RKI7RPP5CJMG,B008OW9SLI,4.0,1384992000
A1EVV74UQYVKRY,B008OW9SLI,4.0,1391126400
AI2XINIZFPBI8,B008OW9SLI,4.0,1388793600
A35LT14WG5BX0T,B008OW9SLI,5.0,1392768000
A2GSY9DM54Y0HS,B008OW9SLI,4.0,1389744000
A1UQBFCERIP7VJ,B008OW9SLI,4.0,1390694400
A2ECM9HLMC242H,B008OW9SLI,4.0,1388361600
AMYTL79JMGQ6D,B008OW9SLI,3.0,1386115200
A1KI3173CO6TK2,B008OW9SLI,2.0,1387324800
A8IF4ZBZRY86C,B008OW9SLI,5.0,1386633600
A1XVF5DU3N05OM,B008OW9SLI,3.0,1384214400
A2QDOJFFLFGF18,B008OW9SLI,4.0,1390262400
A3V14SK22N2VAI,B008OW9SLI,3.0,1385510400
A231LBC8EGPO5L,B008OW9SLI,2.0,1388361600
A6X1O3A5C5FX1,B008OW9SLI,3.0,1391472000
A33VI944SO2YCN,B008OW9SLI,5.0,1391040000
AFICF7DKHTQ87,B008OW9SLI,4.0,1389139200
A2WW57XX2UVLM6,B008OW9SLI,5.0,1390953600
AIPVKMLXTO6H9,B008OW9SLI,3.0,1388188800
A2G04D4QZAXL15,B008OW9SLI,3.0,1389312000
A2VAD79S4A06DD,B008RWVE76,5.0,1353369600
A1Q08H4B9QGT2N,B008RWVE76,4.0,1352937600
A36S5U0QOWMOSX,B008RWVE76,4.0,1356912000
A1DW1FK1H3F2TM,B008RWVE76,5.0,1363824000
A2UBSGFCP2QFNV,B008RWVE76,4.0,1361404800
A1UUI7PFQ5FU4E,B008RWVE76,3.0,1352592000
A226GFM0Q9L37H,B008RWVE76,5.0,1359158400
AK1WNXTHNCG5V,B008RWVE76,5.0,1352764800
A2UT0FWM1DHKFJ,B008RWVE76,5.0,1356307200
ATMQEI1LKR6VB,B008RWVE76,2.0,1365120000
A1ITRGMT80D5TK,B008RWVE76,4.0,1351555200
A2NVQZ4Y7Y0J1R,B008RWVE76,3.0,1367971200
A3EM243NDJ4DF3,B008RWVE76,5.0,1352332800
A3SBZAOPPY40IT,B008RWVE76,5.0,1351728000
A16Z2OECAUX8Z4,B008S8IKWQ,4.0,1387324800
A11OTLEDSW8ZXD,B008S8IKWQ,4.0,1383868800
AN9J46667D80O,B008S8IKWQ,5.0,1380326400
A1U7LS93I03MFW,B008S8IKWQ,4.0,1383955200
A279A4Y2N1CQ26,B008S8IKWQ,4.0,1384128000
ACJT8MUC0LRF0,B008S8IKWQ,5.0,1384646400
ARNEUO7BF3J55,B008S8IKWQ,4.0,1379980800
A3R5GTYQ50QVMD,B008S8IKWQ,5.0,1384214400
AYB4ELCS5AM8P,B008S8IKWQ,5.0,1383782400
A2UEB48LAWFUCW,B008S8IKWQ,4.0,1386892800
A3BAE79NXFDXGV,B008S8IKWQ,5.0,1380326400
A267FU71Z01CIH,B008S8IKWQ,4.0,1385337600
A2VH0UT5EQFB6P,B008S8IKWQ,5.0,1380585600
A2QDOJFFLFGF18,B008S8IKWQ,5.0,1387238400
A376OJHLE6SU9Q,B008S8IKWQ,5.0,1385856000
A112EC059ZZTJF,B008S8IKWQ,5.0,1378857600
A24ZMNWTW8AQUR,B008S8IKWQ,5.0,1378944000
A379IB3EYAEL5,B008S8IKWQ,5.0,1379203200
AFICF7DKHTQ87,B008S8IKWQ,5.0,1384128000
A1ITRGMT80D5TK,B008S8IKWQ,5.0,1384646400
AY6A8KPYCE6B0,B008S8IKWQ,5.0,1383955200
A357B3PUHSVQA,B008S8IKWQ,4.0,1385596800
A3I1BJIFFM4S21,B0091P8K70,3.0,1365206400
A2FWZ58M6IQMD7,B0091P8K70,4.0,1360886400
A2974R9BTPZPOJ,B0091P8K70,5.0,1368144000
A3M1PLEYNDEYO8,B0091P8K70,5.0,1361836800
A14UOOROH3XRQ9,B0091P8K70,4.0,1359417600
A3T8WOFS5RD2IR,B0091P8K70,5.0,1364169600
A3BH63GKL7MQ2K,B0091P8K70,5.0,1368662400
A1QT3N5FUQ4I47,B0091P8K70,4.0,1367366400
A1LUK8APLC16WK,B0091P8K70,5.0,1359590400
A2VJJ2POCLMED7,B0091P8K70,5.0,1365120000
A5BJMAHZWGJ7N,B0091P8K70,5.0,1359590400
A3EJ8XHVDC0CWH,B0091P8K70,5.0,1359417600
AK1WNXTHNCG5V,B0091P8K70,5.0,1360627200
ACAXV4V8PBCE3,B0091P8K70,5.0,1360540800
A3D5B2CBFNJB0K,B0091P8K70,4.0,1362009600
A2JAEZ0FMAMJVW,B0096T8YBI,4.0,1358985600
A1II2ZRPKZAQQD,B0096T8YBI,4.0,1358985600
A3F0OFSE2M25U2,B0096T8YBI,5.0,1359072000
A3TJSWA0W9ITYE,B0096T8YBI,5.0,1358985600
A167KPMW1NBZJW,B0096T8YBI,5.0,1361318400
AHQ13I9CI4US6,B0096T8YBI,4.0,1360713600
A2LXC5ZHHP0WXP,B0096T8YBI,2.0,1359331200
A3K4AJLVHAH4OZ,B0096T8YBI,4.0,1359244800
A3H0ZQ74ITU83J,B0096T8YBI,3.0,1361232000
AT28RL25Q2OLK,B0096T8YBI,4.0,1360713600
A1BA72K4VK1UN1,B0096T8YBI,5.0,1361404800
ALQ4USPEQ9L5N,B0096T8YBI,4.0,1368489600
A19YOYY7FLQMA6,B0096T8YBI,5.0,1360713600
AFZJNYR931ZCN,B0096T8YBI,4.0,1363737600
A3D5B2CBFNJB0K,B0096T8YBI,4.0,1367971200
AP6L54VTCJKCQ,B0096T8YD6,5.0,1358899200
A1DG75OT3Y49EM,B0096T8YD6,4.0,1358985600
A2AYJJAFNSGSU1,B0096T8YD6,4.0,1358812800
A1Q08H4B9QGT2N,B0096T8YD6,4.0,1361404800
A2CRIQOX1SYA3I,B0096T8YD6,3.0,1358985600
A34GM17T6WTJDK,B0096T8YD6,4.0,1367539200
A215WH6RUDUCMP,B0096T8YD6,4.0,1358985600
A1W7R5ZAGVOSVQ,B0096T8YD6,5.0,1361404800
A167KPMW1NBZJW,B0096T8YD6,4.0,1358985600
A19WEEGB05YAZ3,B0096T8YD6,4.0,1358985600
A2HELIKP5RV27F,B0096T8YD6,3.0,1365120000
A3Q9HY0LU7MN6E,B0096T8YD6,3.0,1361145600
A2ZKQC0XCIIAEM,B0096T8YD6,4.0,1358812800
A1YAGM2QOSAAOT,B0096T8YD6,3.0,1364342400
A1Q1T811N4IY3Z,B0096T8YD6,4.0,1365206400
A2JAEZ0FMAMJVW,B0096T8YH2,4.0,1362009600
AQB4DH57MSZSC,B0096T8YH2,4.0,1359590400
A336FE20YZZL3A,B0096T8YH2,1.0,1360800000
A3R7RE5O61M112,B0096T8YH2,4.0,1361404800
A1VXIY1511XQK2,B0096T8YH2,4.0,1365120000
A167KPMW1NBZJW,B0096T8YH2,4.0,1361318400
A2RHV42BTJSVON,B0096T8YH2,4.0,1366243200
A2QDOJFFLFGF18,B0096T8YH2,5.0,1358899200
A1GNYV0RA0EQSS,B0096T8YH2,4.0,1361145600
A2Q8GFSEUSGJ51,B0096T8YH2,3.0,1359676800
AMB2Z4FMDBWQY,B0096T8YH2,4.0,1361404800
A33230MIA3W7G4,B0096T8YH2,3.0,1364342400
A32QWD5DEY4LDU,B0096T8YH2,5.0,1359763200
A3SBZAOPPY40IT,B0096T8YH2,5.0,1360022400
A39H1GO9E3YQIB,B0096TKR04,3.0,1359763200
A2V9DTXTQ5YIMK,B0096TKR04,1.0,1361750400
A2VAD79S4A06DD,B0096TKR04,5.0,1362182400
A2U83VDVJMAB2U,B0096TKR04,4.0,1360195200
A33PBU9EHZ28PC,B0096TKR04,4.0,1363910400
A2OJCTT5WLB2HR,B0096TKR04,2.0,1361404800
A336FE20YZZL3A,B0096TKR04,2.0,1360800000
ATS2855497V0I,B0096TKR04,3.0,1360886400
A3C9YGB4H90PDE,B0096TKR04,3.0,1369267200
ADFLBRY00Y70G,B0096TKR04,4.0,1366243200
A2ZKQC0XCIIAEM,B0096TKR04,3.0,1359849600
A29VG90T649CSU,B0096TKR04,2.0,1360627200
A24ZMNWTW8AQUR,B0096TKR04,3.0,1364256000
A3SBZAOPPY40IT,B0096TKR04,5.0,1360022400
A2RW587355CMVA,B00974C5LM,4.0,1380067200
A3I9XZGYARBLS4,B00974C5LM,5.0,1377302400
A279A4Y2N1CQ26,B00974C5LM,3.0,1385856000
A2KFWHHUFVKFXZ,B00974C5LM,4.0,1379548800
A8IF4ZBZRY86C,B00974C5LM,4.0,1377734400
A2JKM8KF3296CW,B00974C5LM,3.0,1384992000
A1FATTRIXTSTEB,B00974C5LM,5.0,1379289600
A2ZKQC0XCIIAEM,B00974C5LM,4.0,1382745600
A2GH8LYNLQSE3F,B00974C5LM,4.0,1377475200
A2KWE2ZM1EEBGJ,B00974C5LM,4.0,1381795200
A3VS2RYRGDW4HS,B00974C5LM,3.0,1381968000
AUCXT9K30SHYF,B00974C5LM,4.0,1381363200
AVHN134ADVP4R,B009AFNTCC,5.0,1394755200
A2JAEZ0FMAMJVW,B009AFNTCC,5.0,1396396800
A2I05FGBTCRRB8,B009AFNTCC,5.0,1395360000
A2JXCOUGYS5Y4J,B009AFNTCC,5.0,1397606400
A1S7YQQGJPPFLG,B009AFNTCC,5.0,1396569600
A2OJCTT5WLB2HR,B009AFNTCC,5.0,1395878400
A3V5F050GVZ56Q,B009AFNTCC,5.0,1383868800
A3N27L13CWJ9HY,B009AFNTCC,5.0,1393286400
A15D2X8MICR2VQ,B009AFNTCC,4.0,1396137600
A1KGWUYXUBEMB2,B009AFNTCC,4.0,1396310400
A3RTNA9THAU2OP,B009AFNTCC,5.0,1397606400
A2065HBMYDXJ1S,B009AFNTCC,5.0,1395273600
A34CSXOGVYF94S,B009AFNTCC,4.0,1393545600
A167KPMW1NBZJW,B009AFNTCC,4.0,1394755200
A2CZ98V784SRJ0,B009AFNTCC,5.0,1395273600
A32658HY8IU6UV,B009AFNTCC,4.0,1397520000
A26BDXG9KVH7SU,B009AFNTCC,5.0,1393632000
A2RN2AO4BE6F4K,B009AFNTCC,5.0,1394323200
A2I4A4WGWII18Z,B009AFNTCC,4.0,1395187200
ADZIJQN6MNRAB,B009AFNTCC,5.0,1393200000
A3EM243NDJ4DF3,B009AFNTCC,5.0,1394755200
A1XFI340SHOS5K,B009AFNTCC,5.0,1393027200
A1QR76SYGTXJN5,B009B73M0S,5.0,1383782400
A279A4Y2N1CQ26,B009B73M0S,5.0,1383782400
A2E4R7YISIM4QM,B009B73M0S,5.0,1385251200
A3TJSWA0W9ITYE,B009B73M0S,5.0,1385337600
A1M5ZT35YX6TIN,B009B73M0S,4.0,1382832000
A33HIV8RXRDM88,B009B73M0S,5.0,1385424000
AP8D74QD9LUUL,B009B73M0S,5.0,1382918400
AQSW6WDVCJGB8,B009B73M0S,4.0,1387843200
A3K8AU6BAGN60E,B009B73M0S,5.0,1383609600
ATLZNVLYKP9AZ,B009B73M0S,4.0,1384732800
A81XIM8XFKWX5,B009B73M0S,5.0,1383264000
A2DURJRPTPKUZS,B009F7OQ54,3.0,1358899200
A3DIS5O83SQJWW,B009F7OQ54,4.0,1363132800
A1QG13XG3EO2CX,B009F7OQ54,3.0,1363910400
AFTFND8CPQ34M,B009F7OQ54,5.0,1361923200
ATS7LYGLUX34L,B009F7OQ54,4.0,1362268800
A3E0CV9614GQJV,B009F7OQ54,5.0,1360627200
A1GBT4UN2RW7XY,B009F7OQ54,3.0,1361318400
A235NA61RC6YC1,B009F7OQ54,5.0,1361577600
A1SD1C8XK3Z3V1,B009F7OQ54,5.0,1360800000
AVFJ327UXPXLF,B009F7OQ54,4.0,1361145600
A34CSXOGVYF94S,B009F7OQ54,3.0,1360022400
A6VSWJVTWEOII,B009F7OQ54,4.0,1359244800
AA8F2HV4DPV2T,B009F7OQ54,3.0,1363824000
A3FMPT5IH0CJ50,B009F7OQ54,5.0,1360627200
AHRNDSKWH1YBT,B009F7OQ54,3.0,1360713600
AG71XMQGQ2UTJ,B009F7OQ54,2.0,1359504000
AX7317G153T8W,B009F7OQ54,3.0,1361318400
A4UGMKUSX9XHI,B009F7OQ54,5.0,1361318400
A9LNWA25IM2DX,B009F7OQ54,3.0,1362009600
AD34TCPEP7P84,B009F7OQ54,5.0,1360627200
A8KJS2P6E5DCB,B009F7OQ54,4.0,1364428800
A2H667ZUNLNTF1,B009F7OQ54,4.0,1360454400
A1DO6DKWF3CMBD,B009F7ORR6,4.0,1365033600
A2U83VDVJMAB2U,B009F7ORR6,2.0,1360195200
A2BN9DIBP9A0XG,B009F7ORR6,2.0,1359417600
A3TJSWA0W9ITYE,B009F7ORR6,4.0,1359590400
AO1Z0TQWCRGL4,B009F7ORR6,4.0,1359504000
A3JZUGERNK38IW,B009F7ORR6,4.0,1363996800
A19JGPUJAX048H,B009F7ORR6,2.0,1363737600
A3QBCX2QMKJ7AH,B009F7ORR6,4.0,1365120000
A1VTBADV3JS1EC,B009F7ORR6,3.0,1363910400
AAU0G40ZN5RIL,B009F7ORR6,2.0,1359849600
AM9APPMIE1BHZ,B009F7ORR6,4.0,1368576000
A23RQRX7LO7NG8,B009F7ORR6,5.0,1363824000
A3G7BEJJCPD6DS,B009F7ORR6,3.0,1360454400
A32QWD5DEY4LDU,B009F7ORR6,3.0,1358985600
A39H1GO9E3YQIB,B009F7OS52,4.0,1359763200
AYOMAHLWRQHUG,B009F7OS52,4.0,1360368000
A3U5CZ3PV82JXD,B009F7OS52,3.0,1367452800
AWH2AY17ZU7W2,B009F7OS52,4.0,1359590400
A8KM4YOB8FGGH,B009F7OS52,3.0,1368489600
A3QBCX2QMKJ7AH,B009F7OS52,5.0,1363737600
A1E55W6ES0FY17,B009F7OS52,4.0,1369267200
A29VG90T649CSU,B009F7OS52,4.0,1360627200
A2BZ16RKE13PKV,B009F7OS52,4.0,1360022400
A19YOYY7FLQMA6,B009F7OS52,4.0,1360713600
ADZIJQN6MNRAB,B009F7OS52,4.0,1361318400
AMB2Z4FMDBWQY,B009F7OS52,4.0,1360454400
A2V9DTXTQ5YIMK,B009F7OT38,5.0,1365120000
AL3MFYSK9HKCL,B009F7OT38,4.0,1365897600
A1DO6DKWF3CMBD,B009F7OT38,4.0,1369353600
A3F0OFSE2M25U2,B009F7OT38,5.0,1359417600
A381MT950I6KRL,B009F7OT38,4.0,1360972800
A3DZFEICHK5LF2,B009F7OT38,5.0,1362009600
A1NIGUK4M2ST8,B009F7OT38,4.0,1360454400
A1VTBADV3JS1EC,B009F7OT38,5.0,1359417600
A1D1IDI5S9TN9D,B009F7OT38,5.0,1370476800
A21VQDGHP3T7Y,B009F7OT38,5.0,1359504000
A2BZ16RKE13PKV,B009F7OT38,5.0,1360022400
A1KMG1AIUS00DC,B009F7OT38,4.0,1359417600
A33230MIA3W7G4,B009F7OT38,4.0,1361232000
A1Q1T811N4IY3Z,B009F7OT38,4.0,1361923200
A2U83VDVJMAB2U,B009F7OTHY,3.0,1362614400
A3F0OFSE2M25U2,B009F7OTHY,5.0,1364774400
A3JPFWKS83R49V,B009F7OTHY,4.0,1365552000
A279A4Y2N1CQ26,B009F7OTHY,3.0,1365120000
A3U5CZ3PV82JXD,B009F7OTHY,4.0,1365811200
A34IBXM7E8CPWE,B009F7OTHY,3.0,1362441600
A34GM17T6WTJDK,B009F7OTHY,4.0,1361923200
A3BTL4FV6ODKAT,B009F7OTHY,5.0,1368748800
A8KM4YOB8FGGH,B009F7OTHY,4.0,1368489600
A3V6QSTG2T9MIO,B009F7OTHY,3.0,1368576000
A1R2JUOGIYH6HO,B009F7OTHY,4.0,1363824000
A19WEEGB05YAZ3,B009F7OTHY,5.0,1356652800
A2DA2NJZ2RIYAB,B009F7OTHY,5.0,1363910400
A3QBCX2QMKJ7AH,B009F7OTHY,5.0,1365120000
A231LBC8EGPO5L,B009F7OTHY,5.0,1362700800
A2B3A8NQIHITO8,B009F7OTHY,4.0,1363824000
A1VTBADV3JS1EC,B009F7OTHY,4.0,1363910400
A1R1BFJCMWX0Y3,B009F7OTHY,3.0,1363824000
A81XIM8XFKWX5,B009F7OTHY,4.0,1362787200
AMB2Z4FMDBWQY,B009F7OTHY,3.0,1363651200
A1POFVVXUZR3IQ,B009F7OTHY,4.0,1362009600
A1DO6DKWF3CMBD,B009F7OUR8,5.0,1369353600
A2U83VDVJMAB2U,B009F7OUR8,3.0,1362614400
A2AYJJAFNSGSU1,B009F7OUR8,4.0,1362355200
A279A4Y2N1CQ26,B009F7OUR8,3.0,1364688000
A1GARI2JT6EAWA,B009F7OUR8,5.0,1368662400
A3TJSWA0W9ITYE,B009F7OUR8,3.0,1362614400
A2AF0NOCM71J0B,B009F7OUR8,4.0,1363737600
A3F43PAJZLOE3I,B009F7OUR8,5.0,1365206400
A3JZUGERNK38IW,B009F7OUR8,4.0,1365120000
A215WH6RUDUCMP,B009F7OUR8,4.0,1364342400
AKMEY1BSHSDG7,B009F7OUR8,5.0,1362528000
AWH2AY17ZU7W2,B009F7OUR8,4.0,1365120000
AY3EENC2BGTGK,B009F7OUR8,4.0,1362787200
ADFLBRY00Y70G,B009F7OUR8,4.0,1364428800
ASY25YMTIC2A9,B009F7OUR8,4.0,1363046400
ADZIJQN6MNRAB,B009F7OUR8,4.0,1363219200
A33230MIA3W7G4,B009F7OUR8,3.0,1364860800
A39H1GO9E3YQIB,B009F7OV5E,3.0,1363478400
A2AYYKD4OODSLY,B009F7OV5E,4.0,1365120000
A3LWC833HQIG7J,B009F7OV5E,4.0,1363478400
AERBY54RWPSO9,B009F7OV5E,4.0,1364428800
A3JPFWKS83R49V,B009F7OV5E,3.0,1362268800
A2AYJJAFNSGSU1,B009F7OV5E,3.0,1362528000
AJ2FDNZ3COBFN,B009F7OV5E,4.0,1368576000
A2IMGHMF0LO151,B009F7OV5E,3.0,1363651200
A1GARI2JT6EAWA,B009F7OV5E,4.0,1368662400
A3R5GTYQ50QVMD,B009F7OV5E,4.0,1362182400
A1DB5QPH7WO488,B009F7OV5E,2.0,1363651200
A26BDXG9KVH7SU,B009F7OV5E,4.0,1368662400
A3K8AU6BAGN60E,B009F7OV5E,3.0,1365984000
A231LBC8EGPO5L,B009F7OV5E,3.0,1362700800
A1R1BFJCMWX0Y3,B009F7OV5E,3.0,1362787200
A2JE8OS1NN9YDB,B009F7OV5E,3.0,1365552000
AXVKMYWNIHK7W,B009F7OV5E,4.0,1362096000
A3UJRNI8UR4871,B009F7OV5E,4.0,1363824000
ALUV2YKWZENKK,B009F7OWF8,1.0,1366502400
A2FRKEXDXDN1KI,B009F7OWF8,4.0,1362787200
A2TTHN1UMO82VY,B009F7OWF8,5.0,1363737600
A3T6HX48F66512,B009F7OWF8,3.0,1365379200
ALRCAGJOJ9583,B009F7OWF8,4.0,1364083200
A2507ZYWGMY9BK,B009F7OWF8,4.0,1368662400
A2P739KOM4U5JB,B009F7OWF8,5.0,1362528000
A37CXU92U7FYJH,B009F7OWF8,4.0,1363132800
A3BH63GKL7MQ2K,B009F7OWF8,1.0,1366243200
AXUJFOFQZNTN,B009F7OWF8,4.0,1363132800
A1J6B00Z1D6PS4,B009F7OWF8,4.0,1366243200
A1UUI7PFQ5FU4E,B009F7OWF8,2.0,1368403200
A11LNY2OLQSUSV,B009F7OWF8,4.0,1364342400
A136LRUR0RDH9J,B009F7OWF8,3.0,1366070400
A2QDOJFFLFGF18,B009F7OWF8,5.0,1363824000
A199FRO0YFMGED,B009F7OWF8,4.0,1363824000
AX7317G153T8W,B009F7OWF8,4.0,1363737600
A2IJ54FX1L83WK,B009F7OWF8,5.0,1362960000
A1VTBADV3JS1EC,B009F7OWF8,4.0,1366070400
AQRN2I355LZ3F,B009F7OWF8,2.0,1366243200
A2V9DTXTQ5YIMK,B009F7OWYY,3.0,1363478400
AGHIUO1B3IF8H,B009F7OWYY,5.0,1362528000
A3BZUQXA2QHDI2,B009F7OWYY,4.0,1362614400
A2KIVODZRTGY4U,B009F7OWYY,5.0,1368144000
A2E3NAL9ECE7VS,B009F7OWYY,5.0,1362787200
A215WH6RUDUCMP,B009F7OWYY,5.0,1364342400
A2LO1YE4Q0N4F,B009F7OWYY,2.0,1368057600
A226GFM0Q9L37H,B009F7OWYY,5.0,1364774400
ADFLBRY00Y70G,B009F7OWYY,4.0,1364428800
A2YV6F6DLENNTM,B009F7OWYY,4.0,1363824000
ALDAF4VVLFRHP,B009F7OWYY,4.0,1362700800
AC04O7AYHEKJ5,B009F7OWYY,5.0,1364342400
A1FXY0GUFHEI59,B009F7OWYY,3.0,1363219200
ALQ4USPEQ9L5N,B009F7OWYY,5.0,1363651200
A18LURVBV82KW2,B009F7OWYY,5.0,1366848000
A2I05FGBTCRRB8,B009F7OXCA,5.0,1359417600
A7C77J4MH94B6,B009F7OXCA,4.0,1368576000
A15D2X8MICR2VQ,B009F7OXCA,4.0,1358812800
A3MWP39R0W9TQX,B009F7OXCA,4.0,1358812800
A2MOD50IHEDH3G,B009F7OXCA,4.0,1359244800
A1VXIY1511XQK2,B009F7OXCA,5.0,1361836800
A26EQ8U96JA92T,B009F7OXCA,5.0,1373673600
A1ZGHA3IJV01BK,B009F7OXCA,4.0,1361232000
A2V5R832QCSOMX,B009F7OXCA,5.0,1388102400
A2RHV42BTJSVON,B009F7OXCA,5.0,1366588800
A3QDDEW6RXVEAY,B009F7OXCA,3.0,1361923200
A1IAQIZSXONWVU,B009F7OXCA,4.0,1362009600
A2DA2NJZ2RIYAB,B009F7OXCA,5.0,1361404800
A3QBCX2QMKJ7AH,B009F7OXCA,5.0,1361145600
A1NIGUK4M2ST8,B009F7OXCA,5.0,1360454400
A2ZKQC0XCIIAEM,B009F7OXCA,5.0,1360022400
AUS5X6IMFLJBD,B009F7OXCA,3.0,1362787200
A1NC9AGZOBI0M1,B009F7OXCA,3.0,1364860800
A2I4A4WGWII18Z,B009F7OXCA,3.0,1358985600
A1ITRGMT80D5TK,B009F7OXCA,4.0,1358985600
A2ZPZM9RE08JXF,B009F7OXPC,3.0,1361318400
A2XYH8IHILWW7X,B009F7OXPC,2.0,1360713600
A35IX2GE0VC0JP,B009F7OXPC,2.0,1368489600
A1SD1C8XK3Z3V1,B009F7OXPC,3.0,1360800000
A1SB9BNNGKNX2Z,B009F7OXPC,2.0,1360800000
A3BAE79NXFDXGV,B009F7OXPC,4.0,1361232000
A1NRMTQ5SZPZA,B009F7OXPC,2.0,1365120000
A2561PYW9TTMYD,B009F7OXPC,4.0,1367280000
A1WSQ0QRWQC7VI,B009F7OXPC,1.0,1369267200
A1BA72K4VK1UN1,B009F7OXPC,4.0,1362009600
A1RF9YK4BK5TRH,B009F7OXPC,3.0,1363824000
AMKPSJXCQZVW9,B009F7OXPC,4.0,1360540800
A13Z96HR8EEF24,B009F7OXPC,3.0,1359590400
A1XFI340SHOS5K,B009F7OXPC,2.0,1359417600
AD0WUBKBO21KK,B009H0EFGE,5.0,1367884800
AYUF7YETYOLNX,B009H0EFGE,4.0,1357344000
A1UHKF1UQ3EGW4,B009H0EFGE,4.0,1357776000
A2RVCF21L2NPU5,B009H0EFGE,5.0,1361318400
A7C77J4MH94B6,B009H0EFGE,4.0,1363737600
A2IMGHMF0LO151,B009H0EFGE,2.0,1357603200
A97H5I4P5PCEM,B009H0EFGE,3.0,1360972800
A22S7D0LP8GRDH,B009H0EFGE,1.0,1358035200
A4BNJSZVARL5W,B009H0EFGE,5.0,1358121600
A3QDDEW6RXVEAY,B009H0EFGE,3.0,1358985600
A35NOFKHK8P2LU,B009H0EFGE,1.0,1358121600
ADFLBRY00Y70G,B009H0EFGE,4.0,1358380800
A9LNWA25IM2DX,B009H0EFGE,5.0,1361318400
A2SPV96SGOEO2,B009H0EFGE,3.0,1361491200
ANRD6B90QL0FF,B009H0EFGE,3.0,1357257600
AL3MFYSK9HKCL,B009JGR4JQ,4.0,1365897600
A3IKLTT9JQACCI,B009JGR4JQ,5.0,1351555200
A1HBC0NBQJHT7X,B009JGR4JQ,3.0,1362355200
A3JPFWKS83R49V,B009JGR4JQ,4.0,1354579200
AZFHSPEZUPGD2,B009JGR4JQ,5.0,1356739200
A17437N1L775IJ,B009JGR4JQ,4.0,1355097600
A3MEMX0XF00TBD,B009JGR4JQ,5.0,1351728000
A26DQMYF5E0GL6,B009JGR4JQ,2.0,1353628800
A3GS7OZXUEW48R,B009JGR4JQ,5.0,1353283200
A2065HBMYDXJ1S,B009JGR4JQ,4.0,1352937600
AX7QMRXX81L9K,B009JGR4JQ,3.0,1352851200
A6D07P6DHMXIP,B009JGR4JQ,4.0,1351123200
A3QDDEW6RXVEAY,B009JGR4JQ,5.0,1351900800
A1IAQIZSXONWVU,B009JGR4JQ,4.0,1358380800
A26SO3TOT2TLJE,B009JGR4JQ,5.0,1352592000
A4UGMKUSX9XHI,B009JGR4JQ,5.0,1351987200
A2I4A4WGWII18Z,B009JGR4JQ,5.0,1351728000
A8QYRG7TW491B,B009JGR4JQ,4.0,1356393600
A5X1B2HBQUR3P,B009JGR4JQ,4.0,1352505600
A1XWX7QTBR3UPV,B009JGR4JQ,4.0,1352073600
A3DGJMO6VPG6FJ,B009JGR4JQ,3.0,1354147200
AC4XV78EJG1QB,B009NFCZVU,4.0,1362614400
AERBY54RWPSO9,B009NFCZVU,4.0,1368144000
A2VAD79S4A06DD,B009NFCZVU,4.0,1365120000
A39BGN8JA7CIFX,B009NFCZVU,4.0,1363910400
A3JPFWKS83R49V,B009NFCZVU,3.0,1363564800
A1UHKF1UQ3EGW4,B009NFCZVU,4.0,1363824000
A2RVCF21L2NPU5,B009NFCZVU,4.0,1365465600
AOM63D4VL32WM,B009NFCZVU,4.0,1372291200
A3G2PUQ455XMXJ,B009NFCZVU,4.0,1371686400
AXUJFOFQZNTN,B009NFCZVU,4.0,1362614400
A1FWFCJU2G7TRA,B009NFCZVU,4.0,1362528000
A2561PYW9TTMYD,B009NFCZVU,4.0,1367280000
A3QBCX2QMKJ7AH,B009NFCZVU,3.0,1365120000
AY3EENC2BGTGK,B009NFCZVU,4.0,1361923200
ADFLBRY00Y70G,B009NFCZVU,3.0,1361836800
A136LRUR0RDH9J,B009NFCZVU,4.0,1365379200
ALGI34BYWIXZG,B009NFCZVU,5.0,1366070400
A35Y0RSU09ANEN,B009NFCZVU,4.0,1368230400
A2TBAUW2W7J538,B009NFCZVU,3.0,1363564800
A208U42GARHSOR,B009NFCZVU,3.0,1362355200
A17E3NBADNTI3X,B009NFCZVU,2.0,1363824000
A3I9XZGYARBLS4,B009NFFZTO,4.0,1376006400
A19FRW264WZTGP,B009NFFZTO,4.0,1363132800
A1TR1R2QKWRSRA,B009NFFZTO,4.0,1363305600
A2QCE7L6GRE3MT,B009NFFZTO,4.0,1362096000
A194K60CWZ371J,B009NFFZTO,4.0,1363046400
ARADXCOUVBS09,B009NFFZTO,3.0,1361836800
A1KGWUYXUBEMB2,B009NFFZTO,5.0,1363564800
AKCZIJ6ZHE41D,B009NFFZTO,4.0,1363564800
AZ515FFZ7I2P7,B009NFFZTO,4.0,1366243200
A2JKM8KF3296CW,B009NFFZTO,3.0,1361577600
AD34TCPEP7P84,B009NFFZTO,5.0,1369267200
A33VI944SO2YCN,B009NFFZTO,5.0,1365120000
A2V0I904FH7ABY,B009NFFZTO,5.0,1366934400
A3OXHLG6DIBRW8,B009OLANMG,4.0,1388275200
AEL6CQNQXONBX,B009OLANMG,4.0,1388361600
A10ZBR6O8S8OCY,B009OLANMG,4.0,1385510400
A3MEMX0XF00TBD,B009OLANMG,4.0,1377129600
ACJT8MUC0LRF0,B009OLANMG,5.0,1383091200
A2503LT8PZIHAD,B009OLANMG,5.0,1383436800
A3R5GTYQ50QVMD,B009OLANMG,2.0,1385942400
A1M5ZT35YX6TIN,B009OLANMG,4.0,1385596800
A26OPNLJ0JYHPH,B009OLANMG,4.0,1377561600
A5GPH59NDWJRB,B009OLANMG,4.0,1377820800
A1SB9BNNGKNX2Z,B009OLANMG,5.0,1380326400
A1Z0LTKUA6F94D,B009OLANMG,5.0,1377302400
A1EVV74UQYVKRY,B009OLANMG,4.0,1385942400
AP8D74QD9LUUL,B009OLANMG,4.0,1386460800
A1QBOC76MIOJYP,B009OLANMG,1.0,1382918400
A2JKM8KF3296CW,B009OLANMG,3.0,1383523200
A1ODOGXEYECQQ8,B009OLANMG,4.0,1386028800
AVL5IDEE8YA3D,B009OLANMG,5.0,1378857600
AYNTULRNAIPNY,B009OLANMG,3.0,1381968000
A3LGT6UZL99IW1,B009OLANMG,5.0,1385596800
A527VID8R4K67,B009OLANMG,3.0,1382054400
ALQ4USPEQ9L5N,B009OLANMG,5.0,1388361600
A11I1I9QLMAM1A,B009OLANMG,5.0,1386979200
A3HPCRD9RX351S,B009OLANMG,4.0,1387065600
A3FQZH8PJB535A,B009OLANMG,4.0,1380153600
A2WW57XX2UVLM6,B009OLANMG,5.0,1387411200
A1ITRGMT80D5TK,B009OLANMG,4.0,1387670400
A2ECTCPBTOGW4H,B009PLLF9K,3.0,1384905600
A2DURJRPTPKUZS,B009PLLF9K,3.0,1359244800
A1WP940JZL83T7,B009PLLF9K,5.0,1357603200
A2LAS014NSRW72,B009PLLF9K,3.0,1357862400
A1II2ZRPKZAQQD,B009PLLF9K,4.0,1356998400
AGHIUO1B3IF8H,B009PLLF9K,3.0,1358380800
A3RG8DYG8AJ6Z9,B009PLLF9K,5.0,1356393600
A2U83VDVJMAB2U,B009PLLF9K,4.0,1357430400
ALQY22U9JTNCQ,B009PLLF9K,3.0,1366675200
A2AYJJAFNSGSU1,B009PLLF9K,5.0,1356480000
A2RVCF21L2NPU5,B009PLLF9K,4.0,1361577600
A1UYMXFON06KQ6,B009PLLF9K,4.0,1358812800
A1Q08H4B9QGT2N,B009PLLF9K,4.0,1358985600
A1MZEMD0EDETS6,B009PLLF9K,5.0,1363305600
A279A4Y2N1CQ26,B009PLLF9K,3.0,1358726400
A3G2PUQ455XMXJ,B009PLLF9K,4.0,1363910400
A2OJCTT5WLB2HR,B009PLLF9K,5.0,1357171200
A2E4R7YISIM4QM,B009PLLF9K,5.0,1357603200
A3BKNXX8QFIXIV,B009PLLF9K,5.0,1357171200
A14X244VGHWPSX,B009PLLF9K,4.0,1366243200
A1Y5ERIKQBEMSP,B009PLLF9K,4.0,1358208000
A38H4XCCPLRF93,B009PLLF9K,5.0,1357257600
ASJ0MKRFZC47B,B009PLLF9K,5.0,1356739200
AK1WNXTHNCG5V,B009PLLF9K,5.0,1357603200
A3Q9HY0LU7MN6E,B009PLLF9K,5.0,1356912000
A3LN4AOPBIUQWR,B009PLLF9K,5.0,1357084800
ALDAF4VVLFRHP,B009PLLF9K,5.0,1356480000
A1D1IDI5S9TN9D,B009PLLF9K,3.0,1358553600
AAU0G40ZN5RIL,B009PLLF9K,5.0,1357603200
A12E0Y0J6584RT,B009PLLF9K,5.0,1357430400
A1MRRMHGV3PN5W,B009PLLF9K,4.0,1359072000
A30QAOLNZ4415R,B009PLLF9K,3.0,1359849600
A2I4A4WGWII18Z,B009PLLF9K,5.0,1357257600
A2J8DE8R94ZB02,B009PLLF9K,4.0,1358035200
A2H667ZUNLNTF1,B009PLLF9K,5.0,1365984000
A3O28YJBZG1Q0Q,B009Q3J99A,5.0,1370044800
A16Z2OECAUX8Z4,B009Q3J99A,5.0,1377734400
A3I1BJIFFM4S21,B009Q3J99A,5.0,1373932800
AW5JSQCHC2ZJO,B009Q3J99A,5.0,1374105600
A11OTLEDSW8ZXD,B009Q3J99A,5.0,1378339200
A31YSTICHFYN7O,B009Q3J99A,4.0,1374710400
A353U0L2HAMSHV,B009Q3J99A,4.0,1379289600
A25CZCHLNH3OMO,B009Q3J99A,4.0,1373500800
A3VJ27010XUWTF,B009Q3J99A,5.0,1372896000
A2PU5IDX61XJ7A,B009Q3J99A,5.0,1369872000
ACJT8MUC0LRF0,B009Q3J99A,5.0,1375574400
A194K60CWZ371J,B009Q3J99A,5.0,1375228800
A36MP37DITBU6F,B009Q3J99A,5.0,1374969600
A4EBYIKOMYFF9,B009Q3J99A,5.0,1376611200
ACYR6O588USK,B009Q3J99A,3.0,1373414400
A277GP2U2TXH51,B009Q3J99A,4.0,1368921600
A3R5GTYQ50QVMD,B009Q3J99A,4.0,1374710400
AGJRUK27RBVYS,B009Q3J99A,5.0,1370217600
A24RCBRDXRXR0Y,B009Q3J99A,5.0,1375660800
A244CRJ2QSVLZ4,B009Q3J99A,5.0,1375056000
AL4SB31UAZLXL,B009Q3J99A,4.0,1373587200
A1ZU55TM45Y2R8,B009Q3J99A,3.0,1374624000
AYB4ELCS5AM8P,B009Q3J99A,5.0,1375056000
A2UEB48LAWFUCW,B009Q3J99A,5.0,1378598400
A3C9YGB4H90PDE,B009Q3J99A,4.0,1370995200
A1EVV74UQYVKRY,B009Q3J99A,4.0,1375142400
A35LT14WG5BX0T,B009Q3J99A,5.0,1377302400
A1BAJ6JXU8PSZH,B009Q3J99A,4.0,1376956800
A2KQT4D0OZR569,B009Q3J99A,4.0,1375574400
A1UQBFCERIP7VJ,B009Q3J99A,4.0,1375833600
A2QDOJFFLFGF18,B009Q3J99A,5.0,1378857600
AUV3OR951650C,B009Q3J99A,5.0,1374105600
A1MAI0TUIM3R2X,B009Q3J99A,5.0,1371600000
A1R8TTMXVXEI6H,B009Q3J99A,4.0,1374019200
A9XX8OHS2ZQ2X,B009Q3J99A,5.0,1372118400
A344N0X5LIV43M,B009Q3J99A,3.0,1370390400
A2068BC3ZXAVJQ,B009Q3J99A,5.0,1377561600
ATMQEI1LKR6VB,B009Q3J99A,5.0,1370217600
A379IB3EYAEL5,B009Q3J99A,4.0,1373414400
A16YU3GRGCD95S,B009Q3J99A,5.0,1375920000
A1ITRGMT80D5TK,B009Q3J99A,5.0,1374883200
A15JB2HEZ6RKGW,B009Q3J99A,4.0,1372809600
A3DGJMO6VPG6FJ,B009Q3J99A,4.0,1370304000
A357B3PUHSVQA,B009Q3J99A,3.0,1376697600
A21YYC2SYN5NDY,B009Q3JBCK,5.0,1371686400
A16Z2OECAUX8Z4,B009Q3JBCK,5.0,1377734400
A71W7G4TCTH3T,B009Q3JBCK,5.0,1372464000
A3EK2KTYHJCPB9,B009Q3JBCK,3.0,1377302400
A11OTLEDSW8ZXD,B009Q3JBCK,4.0,1378166400
A1U7LS93I03MFW,B009Q3JBCK,4.0,1373932800
A353U0L2HAMSHV,B009Q3JBCK,4.0,1379462400
A3VJ27010XUWTF,B009Q3JBCK,5.0,1370563200
ACJT8MUC0LRF0,B009Q3JBCK,5.0,1375660800
A194K60CWZ371J,B009Q3JBCK,5.0,1375660800
A36MP37DITBU6F,B009Q3JBCK,4.0,1376092800
A4EBYIKOMYFF9,B009Q3JBCK,4.0,1377734400
A3R5GTYQ50QVMD,B009Q3JBCK,4.0,1374624000
AAWUXA65NDMYM,B009Q3JBCK,3.0,1371686400
A24RCBRDXRXR0Y,B009Q3JBCK,5.0,1375660800
A1ZU55TM45Y2R8,B009Q3JBCK,4.0,1374624000
AYB4ELCS5AM8P,B009Q3JBCK,5.0,1375228800
A2UEB48LAWFUCW,B009Q3JBCK,4.0,1379203200
A3C9YGB4H90PDE,B009Q3JBCK,4.0,1374451200
A4SD8F79JBYG2,B009Q3JBCK,5.0,1373932800
A1EVV74UQYVKRY,B009Q3JBCK,4.0,1376352000
A35LT14WG5BX0T,B009Q3JBCK,5.0,1377302400
A2VH0UT5EQFB6P,B009Q3JBCK,5.0,1376524800
A1BAJ6JXU8PSZH,B009Q3JBCK,4.0,1372896000
A2GSY9DM54Y0HS,B009Q3JBCK,5.0,1374710400
A1UQBFCERIP7VJ,B009Q3JBCK,4.0,1375833600
A23TGI02RB7JC,B009Q3JBCK,5.0,1371686400
A35Q0RBM3YNQNF,B009Q3JBCK,5.0,1375142400
ALDV8DDZWWPYE,B009Q3JBCK,5.0,1370217600
A2QDOJFFLFGF18,B009Q3JBCK,5.0,1378944000
A1Q7A78VSQ5GQ4,B009Q3JBCK,5.0,1374105600
A1ODOGXEYECQQ8,B009Q3JBCK,4.0,1374710400
A2JVBJUU2DL0WA,B009Q3JBCK,4.0,1372377600
A3CHIF3EHXCLA5,B009Q3JBCK,4.0,1374710400
A2068BC3ZXAVJQ,B009Q3JBCK,5.0,1377561600
ATMQEI1LKR6VB,B009Q3JBCK,5.0,1370217600
A379IB3EYAEL5,B009Q3JBCK,4.0,1371081600
A11EXFO14WEJM1,B009Q3JBCK,4.0,1372032000
A16YU3GRGCD95S,B009Q3JBCK,5.0,1375920000
A1ITRGMT80D5TK,B009Q3JBCK,4.0,1374969600
A1IA0O3OYQO9LV,B009Q3JBCK,5.0,1370390400
A2V92F5R7MLCVI,B009Q3JBCK,4.0,1377561600
A2G04D4QZAXL15,B009Q3JBCK,5.0,1374710400
A357B3PUHSVQA,B009Q3JBCK,3.0,1376697600
AVHN134ADVP4R,B009Q3JECW,5.0,1371686400
A1QR76SYGTXJN5,B009Q3JECW,4.0,1370995200
AJV985MKGCIQ0,B009Q3JECW,5.0,1370131200
A71W7G4TCTH3T,B009Q3JECW,4.0,1372464000
A1U7LS93I03MFW,B009Q3JECW,4.0,1376524800
A31YSTICHFYN7O,B009Q3JECW,4.0,1372723200
ARNEUO7BF3J55,B009Q3JECW,4.0,1370822400
A1UFLVSJ3IRETQ,B009Q3JECW,4.0,1371168000
A3M1PLEYNDEYO8,B009Q3JECW,5.0,1370044800
A9NFFAZF3LIB2,B009Q3JECW,3.0,1372291200
A3BAE79NXFDXGV,B009Q3JECW,4.0,1371600000
A1J6B00Z1D6PS4,B009Q3JECW,5.0,1370995200
ABLV9L4MQO7ER,B009Q3JECW,4.0,1376352000
AUV3OR951650C,B009Q3JECW,5.0,1371859200
A16QODENBJVUI1,B009Q3JECW,1.0,1379548800
A112EC059ZZTJF,B009Q3JECW,5.0,1375833600
A2068BC3ZXAVJQ,B009Q3JECW,4.0,1372550400
A11EXFO14WEJM1,B009Q3JECW,5.0,1375747200
AFICF7DKHTQ87,B009Q3JECW,5.0,1369526400
A1ITRGMT80D5TK,B009Q3JECW,4.0,1375660800
A2V92F5R7MLCVI,B009Q3JECW,4.0,1377648000
A3IKLTT9JQACCI,B009QZ30EI,5.0,1381276800
A2HC9549CZAKNN,B009QZ30EI,4.0,1381449600
A1MZEMD0EDETS6,B009QZ30EI,4.0,1383004800
A33PBU9EHZ28PC,B009QZ30EI,4.0,1380499200
A3R9X003XW0LNR,B009QZ30EI,5.0,1381276800
A1WKQ94M45D8MG,B009QZ30EI,3.0,1384732800
A194K60CWZ371J,B009QZ30EI,5.0,1380758400
A10YWQ4AAAE29O,B009QZ30EI,4.0,1381536000
A2503LT8PZIHAD,B009QZ30EI,2.0,1380931200
A5GPH59NDWJRB,B009QZ30EI,3.0,1383609600
AJ3K3HKR9UFVN,B009QZ30EI,4.0,1382832000
A1Z0LTKUA6F94D,B009QZ30EI,3.0,1383436800
A2AOZQ3WTNVVOK,B009QZ30EI,4.0,1384992000
A1FJFLAAQD5WH2,B009QZ30EI,4.0,1380844800
A3PPXVR5J6U2JD,B009QZ30EI,3.0,1382572800
AGEKVD8JPZQMT,B009QZ30EI,4.0,1380585600
A17C7XZHFOS12W,B009QZ30EI,3.0,1382572800
AX7317G153T8W,B009QZ30EI,2.0,1383264000
AB0TLNLNOAGY4,B009QZ30EI,3.0,1384387200
A14RYRR7ETV3UY,B009QZ30EI,4.0,1383782400
A3Y0IB3VYLD6A,B009QZ30EI,3.0,1384300800
A1KMG1AIUS00DC,B009QZ30EI,3.0,1380499200
A3QD59N3M7O7KB,B009QZ30EI,3.0,1382313600
A2V9DTXTQ5YIMK,B009QZ30FM,3.0,1383091200
A3JPFWKS83R49V,B009QZ30FM,5.0,1383609600
AIP0VIGQWIW90,B009QZ30FM,5.0,1383782400
A1Q08H4B9QGT2N,B009QZ30FM,4.0,1384387200
A16EIVIBBXFAQ0,B009QZ30FM,5.0,1382486400
A1FDVT0DLJWV78,B009QZ30FM,4.0,1384214400
A194K60CWZ371J,B009QZ30FM,4.0,1380758400
A31HE83MU98GBV,B009QZ30FM,5.0,1383609600
A97H5I4P5PCEM,B009QZ30FM,4.0,1381536000
A6VSWJVTWEOII,B009QZ30FM,5.0,1382313600
A2HELIKP5RV27F,B009QZ30FM,4.0,1382054400
A1C7Y31S5QXNTR,B009QZ30FM,4.0,1381104000
A35NOFKHK8P2LU,B009QZ30FM,5.0,1380931200
A1Z7Y2GMAP9SRY,B009QZ30FM,5.0,1382745600
AB0TLNLNOAGY4,B009QZ30FM,4.0,1384387200
A1M0OSCFOAMAZO,B009QZ30FM,5.0,1380067200
A2DURJRPTPKUZS,B009TN9OW4,3.0,1359331200
A38RMU1Y5TDP9,B009TN9OW4,5.0,1359504000
AJ2FDNZ3COBFN,B009TN9OW4,4.0,1361404800
A7C77J4MH94B6,B009TN9OW4,4.0,1363737600
A2KIVODZRTGY4U,B009TN9OW4,4.0,1361232000
A2E3NAL9ECE7VS,B009TN9OW4,3.0,1360368000
A34W7QA4J5UTOR,B009TN9OW4,4.0,1359936000
A2HELIKP5RV27F,B009TN9OW4,4.0,1360540800
A2AOZQ3WTNVVOK,B009TN9OW4,4.0,1360627200
A1GQRGB8FGSLIZ,B009TN9OW4,4.0,1363737600
A2S26YGSVXBCFL,B009TN9OW4,4.0,1363219200
A2QDOJFFLFGF18,B009TN9OW4,5.0,1360886400
A231LBC8EGPO5L,B009TN9OW4,5.0,1358899200
ALDAF4VVLFRHP,B009TN9OW4,4.0,1359590400
APPCJX62WKIIP,B009TN9OW4,2.0,1365292800
A33B3XCIXB4ZVG,B009TN9OW4,5.0,1359504000
A1MRRMHGV3PN5W,B009TN9OW4,3.0,1361145600
A30QAOLNZ4415R,B009TN9OW4,4.0,1362873600
A33PVCHCQ2BTN0,B009TN9OW4,4.0,1361404800
A3E8AHUAQEX0QH,B009ZTUFP2,4.0,1361404800
AG2YXYIQ8TLTA,B009ZTUFP2,3.0,1368403200
A1BHSP8TPTH8Y5,B009ZTUFP2,4.0,1365465600
A1Q08H4B9QGT2N,B009ZTUFP2,3.0,1366070400
A7OTTM22AV2VR,B009ZTUFP2,2.0,1368576000
A1S27P7KJO9I96,B009ZTUFP2,4.0,1361318400
A2RME4353Y911C,B009ZTUFP2,5.0,1358985600
A1C7Y31S5QXNTR,B009ZTUFP2,5.0,1359158400
APVK8GGSSUDCE,B009ZTUFP2,4.0,1363824000
A1NIGUK4M2ST8,B009ZTUFP2,4.0,1358899200
A1WSQ0QRWQC7VI,B009ZTUFP2,3.0,1369267200
AM8J1UVGVYAL4,B009ZTUFP2,5.0,1360368000
A1VTBADV3JS1EC,B009ZTUFP2,5.0,1363910400
ATMQEI1LKR6VB,B009ZTUFP2,4.0,1363824000
AS7SB0A3QKVQV,B009ZTUFP2,5.0,1367107200
A1WP940JZL83T7,B00A88B16Q,3.0,1369267200
A1ZTE3K3EN4TS3,B00A88B16Q,4.0,1369699200
A3E7E854VCA4E7,B00A88B16Q,3.0,1369785600
A2RVCF21L2NPU5,B00A88B16Q,4.0,1371081600
AN9J46667D80O,B00A88B16Q,3.0,1372118400
ARNEUO7BF3J55,B00A88B16Q,3.0,1369180800
A36MP37DITBU6F,B00A88B16Q,3.0,1369267200
A1O2QIQK2OR5TC,B00A88B16Q,2.0,1387929600
A28OB1QLXN5BM6,B00A88B16Q,5.0,1372032000
AIW4CHZOM5W7D,B00A88B16Q,4.0,1370217600
A3TWBW1B17R151,B00A88B16Q,5.0,1369353600
AXR3CV6A4FMBG,B00A88B16Q,3.0,1370131200
A3UYBRB74RJFXB,B00A88B16Q,5.0,1371513600
A23KACXOE9O9TX,B00A88B16Q,3.0,1370995200
A24ZMNWTW8AQUR,B00A88B16Q,4.0,1370908800
A2WW57XX2UVLM6,B00A88B16Q,4.0,1369440000
A8QYRG7TW491B,B00A88B16Q,4.0,1369094400
A2HHAV29CZ1OIE,B00A88B16Q,5.0,1370908800
A3DGJMO6VPG6FJ,B00A88B16Q,4.0,1371427200
ABC68JUCPTVOE,B00A9JNR8E,5.0,1384214400
A3NOBH42C7UI5M,B00A9JNR8E,5.0,1380672000
A3O28YJBZG1Q0Q,B00A9JNR8E,5.0,1382400000
ALQY22U9JTNCQ,B00A9JNR8E,4.0,1381968000
A11SPSEM08VIXX,B00A9JNR8E,5.0,1382054400
A2FRKEXDXDN1KI,B00A9JNR8E,4.0,1380585600
AMRZ5G7HF7I03,B00A9JNR8E,5.0,1382659200
A1R2JUOGIYH6HO,B00A9JNR8E,4.0,1383523200
A2RKI7RPP5CJMG,B00A9JNR8E,4.0,1381795200
AQSW6WDVCJGB8,B00A9JNR8E,4.0,1384992000
A1BA72K4VK1UN1,B00A9JNR8E,5.0,1384992000
A2T04VAIXSKJH2,B00A9JNR8E,5.0,1384905600
A2JAEZ0FMAMJVW,B00AA7V1N8,5.0,1387152000
A1F7YU6O5RU432,B00AA7V1N8,5.0,1388448000
A36BQWQPYU6FRM,B00AA7V1N8,4.0,1386028800
A1X3ESYZ79H59E,B00AA7V1N8,5.0,1388448000
A13KNCFLH0IH2G,B00AA7V1N8,5.0,1383955200
ACJT8MUC0LRF0,B00AA7V1N8,5.0,1386201600
A4EBYIKOMYFF9,B00AA7V1N8,5.0,1386288000
A2W4014S06NAIT,B00AA7V1N8,5.0,1384992000
A3USZS8Q4GOKGE,B00AA7V1N8,5.0,1383091200
A14UOOROH3XRQ9,B00AA7V1N8,5.0,1383868800
A2P739KOM4U5JB,B00AA7V1N8,4.0,1388102400
ATLO3YXU2BC16,B00AA7V1N8,5.0,1383868800
A1EVV74UQYVKRY,B00AA7V1N8,4.0,1388102400
A1UQBFCERIP7VJ,B00AA7V1N8,5.0,1387497600
A136LRUR0RDH9J,B00AA7V1N8,4.0,1385424000
A3K3SE4RK846WO,B00AA7V1N8,5.0,1385596800
A22CW0ZHY3NJH8,B00AA7V1N8,4.0,1388275200
A3C1QYGEET3BVY,B00AA7V1N8,5.0,1386892800
A6X1O3A5C5FX1,B00AA7V1N8,5.0,1388448000
A5X1B2HBQUR3P,B00AA7V1N8,4.0,1385510400
A188JOXWF4EY1R,B00AASUNMC,4.0,1377475200
A2TXMYYGSZCSZ1,B00AASUNMC,5.0,1379116800
A2D7B5I7ZQ51XL,B00AASUNMC,5.0,1380153600
A2RVCF21L2NPU5,B00AASUNMC,5.0,1371772800
A1VXIY1511XQK2,B00AASUNMC,5.0,1380067200
A167KPMW1NBZJW,B00AASUNMC,5.0,1378857600
A2UEB48LAWFUCW,B00AASUNMC,5.0,1381449600
A31AVXMESQRQAC,B00AASUNMC,5.0,1379116800
A6VSWJVTWEOII,B00AASUNMC,5.0,1379808000
AA8F2HV4DPV2T,B00AASUNMC,4.0,1379548800
ASHO96ZB8AL1Z,B00AASUNMC,4.0,1380844800
A38H4XCCPLRF93,B00AASUNMC,5.0,1377820800
A35NOFKHK8P2LU,B00AASUNMC,4.0,1377734400
A3QEIVO8AB3YMU,B00AASUNMC,3.0,1379894400
AVL5IDEE8YA3D,B00AASUNMC,5.0,1377648000
A23KACXOE9O9TX,B00AASUNMC,4.0,1377216000
A3R33KMESG0XGQ,B00AASUNMC,5.0,1381795200
A3FKPBNI7UWQFW,B00AASUNMC,3.0,1379548800
AA98O5326L88T,B00ABA0ZNG,4.0,1361318400
AQIBFWWA8UWKF,B00ABA0ZNG,2.0,1365811200
AAH603Y3Y8QL7,B00ABA0ZNG,3.0,1361404800
A3E8AHUAQEX0QH,B00ABA0ZNG,4.0,1358985600
A1H88L8X6HM1BQ,B00ABA0ZNG,4.0,1359590400
A2UBSGFCP2QFNV,B00ABA0ZNG,3.0,1366761600
A24RCBRDXRXR0Y,B00ABA0ZNG,3.0,1361923200
A18OUQEK7IZ2F2,B00ABA0ZNG,3.0,1365292800
A22VNXHU6IZ5MT,B00ABA0ZNG,3.0,1361404800
A3BAE79NXFDXGV,B00ABA0ZNG,4.0,1361232000
A2SDRCBPIAXVDW,B00ABA0ZNG,4.0,1361145600
AIW4CHZOM5W7D,B00ABA0ZNG,3.0,1360454400
A17NX7T7DW6KL2,B00ABA0ZNG,3.0,1365120000
A26SO3TOT2TLJE,B00ABA0ZNG,4.0,1360022400
A186697K4XKXQL,B00ABA0ZNG,4.0,1360886400
AT1RF4WNPGGLC,B00ABA0ZNG,4.0,1366243200
AM8J1UVGVYAL4,B00ABA0ZNG,4.0,1363824000
A37D2TGTIXRV2N,B00ABA0ZNG,4.0,1368057600
A33VI944SO2YCN,B00ABA0ZNG,4.0,1368316800
A1MRRMHGV3PN5W,B00ABA0ZNG,3.0,1368576000
A8KJS2P6E5DCB,B00ABA0ZNG,5.0,1360800000
A2NVQZ4Y7Y0J1R,B00ABA0ZNG,3.0,1359849600
A2RIAXGSBP65BJ,B00ABY7VIE,3.0,1377907200
A3NOBH42C7UI5M,B00ABY7VIE,3.0,1375660800
A3BZUQXA2QHDI2,B00ABY7VIE,4.0,1375228800
ALQY22U9JTNCQ,B00ABY7VIE,4.0,1379462400
A336FE20YZZL3A,B00ABY7VIE,4.0,1378512000
A3R5GTYQ50QVMD,B00ABY7VIE,2.0,1380499200
A1DY0CRKZEY0FB,B00ABY7VIE,4.0,1379462400
A22B13EJTZKCTM,B00ABY7VIE,4.0,1378944000
A1BAJ6JXU8PSZH,B00ABY7VIE,4.0,1379203200
AHRNDSKWH1YBT,B00ABY7VIE,3.0,1379548800
A1UQUDT2Q0YENM,B00ABY7VIE,5.0,1379030400
A3L1BNBV4SS1H8,B00ABY7VIE,4.0,1376438400
A17C7XZHFOS12W,B00ABY7VIE,3.0,1376697600
A1MBFUV5DZNEZQ,B00ABY7VIE,5.0,1375228800
AAU0G40ZN5RIL,B00ABY7VIE,5.0,1376006400
A13Z96HR8EEF24,B00ABY7VIE,3.0,1375574400
A156P4FPL8OGXB,B00ABY7VIE,5.0,1375920000
A3NOBH42C7UI5M,B00ABY8340,3.0,1375660800
A26KXNN6H1IL0I,B00ABY8340,3.0,1377993600
AW5JSQCHC2ZJO,B00ABY8340,4.0,1375228800
A1ZTE3K3EN4TS3,B00ABY8340,4.0,1376524800
ATJE929ETFFNH,B00ABY8340,4.0,1375920000
A3T6HX48F66512,B00ABY8340,3.0,1375315200
A4EUL79IT6AUP,B00ABY8340,3.0,1377561600
A26OPNLJ0JYHPH,B00ABY8340,2.0,1378771200
A37R3P5JFNQG8S,B00ABY8340,3.0,1376524800
A2LXC5ZHHP0WXP,B00ABY8340,4.0,1377734400
AY1I85LLDMETC,B00ABY8340,4.0,1379203200
A136LRUR0RDH9J,B00ABY8340,4.0,1375488000
A25TNBMJ4ZO7RD,B00ABY8340,4.0,1377648000
A1UCPXUBSESD65,B00ABY8340,2.0,1375833600
A3CHIF3EHXCLA5,B00ABY8340,3.0,1379548800
A13Z96HR8EEF24,B00ABY8340,3.0,1375574400
A1K84GJLQWFIQ7,B00ABY8368,3.0,1377561600
A3I9XZGYARBLS4,B00ABY8368,5.0,1377302400
AAJIGWE242MSN,B00ABY8368,5.0,1376092800
AEL6CQNQXONBX,B00ABY8368,5.0,1395705600
A3T6HX48F66512,B00ABY8368,3.0,1375315200
A1C4J5MRES1KRK,B00ABY8368,1.0,1376956800
A1DY0CRKZEY0FB,B00ABY8368,4.0,1379462400
AEVO0UWFCAK02,B00ABY8368,3.0,1383436800
AY1I85LLDMETC,B00ABY8368,4.0,1379203200
A3K4AJLVHAH4OZ,B00ABY8368,5.0,1375833600
A1UQUDT2Q0YENM,B00ABY8368,5.0,1379030400
A2TBAUW2W7J538,B00ABY8368,4.0,1378598400
A3V55DVYU80LDS,B00ABY8368,4.0,1376524800
A2RVCF21L2NPU5,B00ABY8372,4.0,1376524800
A2OJCTT5WLB2HR,B00ABY8372,5.0,1376524800
ALRCAGJOJ9583,B00ABY8372,5.0,1383004800
ALYZJ7W14YS26,B00ABY8372,4.0,1381017600
A24RCBRDXRXR0Y,B00ABY8372,4.0,1381968000
A5GPH59NDWJRB,B00ABY8372,4.0,1380412800
A34CSXOGVYF94S,B00ABY8372,5.0,1375574400
AYB4ELCS5AM8P,B00ABY8372,4.0,1381968000
A3BAE79NXFDXGV,B00ABY8372,3.0,1377993600
A35LT14WG5BX0T,B00ABY8372,4.0,1382745600
A2VH0UT5EQFB6P,B00ABY8372,3.0,1380585600
AP8D74QD9LUUL,B00ABY8372,4.0,1381276800
A2S26YGSVXBCFL,B00ABY8372,4.0,1381881600
A2QDOJFFLFGF18,B00ABY8372,5.0,1383782400
A1QBOC76MIOJYP,B00ABY8372,4.0,1382313600
A1Q7A78VSQ5GQ4,B00ABY8372,5.0,1380153600
A17C7XZHFOS12W,B00ABY8372,3.0,1376697600
A16YU3GRGCD95S,B00ABY8372,5.0,1381881600
A1ITRGMT80D5TK,B00ABY8372,4.0,1382572800
A2SD1Z4OROY538,B00ABY8372,2.0,1376611200
AGHIUO1B3IF8H,B00AHAJBQM,4.0,1377820800
A1F7YU6O5RU432,B00AHAJBQM,5.0,1384214400
A16Z2OECAUX8Z4,B00AHAJBQM,4.0,1385856000
A2RX62V4E2BF5Z,B00AHAJBQM,2.0,1384387200
A1X3ESYZ79H59E,B00AHAJBQM,2.0,1387411200
A3NHUQ33CFH3VM,B00AHAJBQM,4.0,1383696000
A279A4Y2N1CQ26,B00AHAJBQM,4.0,1383609600
A353U0L2HAMSHV,B00AHAJBQM,3.0,1387238400
AEL6CQNQXONBX,B00AHAJBQM,4.0,1382745600
ALNFHVS3SC4FV,B00AHAJBQM,5.0,1382918400
A10ZBR6O8S8OCY,B00AHAJBQM,4.0,1385510400
A1TR1R2QKWRSRA,B00AHAJBQM,4.0,1383004800
ACJT8MUC0LRF0,B00AHAJBQM,4.0,1383091200
AMS2CPERWN7JV,B00AHAJBQM,4.0,1386547200
A36MP37DITBU6F,B00AHAJBQM,2.0,1383177600
A2503LT8PZIHAD,B00AHAJBQM,3.0,1383350400
ATS2855497V0I,B00AHAJBQM,4.0,1382745600
A2P739KOM4U5JB,B00AHAJBQM,2.0,1384732800
A1M5ZT35YX6TIN,B00AHAJBQM,3.0,1382832000
A215WH6RUDUCMP,B00AHAJBQM,5.0,1386806400
A3BKNXX8QFIXIV,B00AHAJBQM,4.0,1382918400
A26EQ8U96JA92T,B00AHAJBQM,5.0,1385251200
AYB4ELCS5AM8P,B00AHAJBQM,4.0,1382745600
A2UEB48LAWFUCW,B00AHAJBQM,3.0,1387152000
A6VSWJVTWEOII,B00AHAJBQM,2.0,1385251200
A27H9DOUGY9FOS,B00AHAJBQM,4.0,1383177600
A35LT14WG5BX0T,B00AHAJBQM,4.0,1386028800
ATANE2SC44592,B00AHAJBQM,5.0,1385683200
A2CZ98V784SRJ0,B00AHAJBQM,5.0,1387411200
A1UQBFCERIP7VJ,B00AHAJBQM,5.0,1385596800
AOEUN9718KVRD,B00AHAJBQM,4.0,1384992000
A2QDOJFFLFGF18,B00AHAJBQM,3.0,1387411200
AGEKVD8JPZQMT,B00AHAJBQM,4.0,1382572800
A376OJHLE6SU9Q,B00AHAJBQM,3.0,1384646400
A1QBOC76MIOJYP,B00AHAJBQM,3.0,1385424000
AAA0TUKS5VBSA,B00AHAJBQM,4.0,1383523200
A23KDA686N6T4Y,B00AHAJBQM,5.0,1385251200
A2JKM8KF3296CW,B00AHAJBQM,4.0,1383436800
A1ODOGXEYECQQ8,B00AHAJBQM,4.0,1382745600
A231LBC8EGPO5L,B00AHAJBQM,3.0,1382832000
A2ZKQC0XCIIAEM,B00AHAJBQM,5.0,1383004800
A27BKXQAR305QL,B00AHAJBQM,4.0,1387324800
A1D1IDI5S9TN9D,B00AHAJBQM,2.0,1380153600
ALQ4USPEQ9L5N,B00AHAJBQM,4.0,1387152000
A30QAOLNZ4415R,B00AHAJBQM,2.0,1380326400
A2I4A4WGWII18Z,B00AHAJBQM,3.0,1382572800
A3DFH4CKPIT0N9,B00AHAJBQM,3.0,1382659200
A33PVCHCQ2BTN0,B00AHAJBQM,4.0,1384214400
A1NOV41485TE0D,B00AHAJBQM,5.0,1387238400
AFICF7DKHTQ87,B00AHAJBQM,3.0,1384214400
A16YU3GRGCD95S,B00AHAJBQM,5.0,1382745600
A2V92F5R7MLCVI,B00AHAJBQM,4.0,1383696000
A3QD59N3M7O7KB,B00AHAJBQM,3.0,1383004800
A2G04D4QZAXL15,B00AHAJBQM,5.0,1383782400
AQIBFWWA8UWKF,B00AHAJGXK,4.0,1372291200
A2HOLM5I1ARX9J,B00AHAJGXK,5.0,1369699200
A2AYJJAFNSGSU1,B00AHAJGXK,5.0,1369008000
ALNFHVS3SC4FV,B00AHAJGXK,4.0,1369872000
A2QX49LS3Y3ANI,B00AHAJGXK,4.0,1370217600
A3T6HX48F66512,B00AHAJGXK,4.0,1369353600
AAWUXA65NDMYM,B00AHAJGXK,2.0,1369180800
A3F43PAJZLOE3I,B00AHAJGXK,5.0,1370649600
AKCZIJ6ZHE41D,B00AHAJGXK,4.0,1369180800
A2065HBMYDXJ1S,B00AHAJGXK,4.0,1370822400
A8KM4YOB8FGGH,B00AHAJGXK,4.0,1373846400
A3T7XVG3AXJF61,B00AHAJGXK,5.0,1370304000
AHRNDSKWH1YBT,B00AHAJGXK,5.0,1369872000
ALDV8DDZWWPYE,B00AHAJGXK,5.0,1369008000
A1Z7Y2GMAP9SRY,B00AHAJGXK,5.0,1370304000
A307YFSORUAXSQ,B00AHAJGXK,4.0,1369267200
A2YV6F6DLENNTM,B00AHAJGXK,5.0,1370390400
A1M7Y63Y5GYJI1,B00AHAJGXK,5.0,1373500800
A81XIM8XFKWX5,B00AHAJGXK,5.0,1369440000
A1QG13XG3EO2CX,B00AJCNO7A,5.0,1363910400
A2877AOHJFZI0E,B00AJCNO7A,4.0,1363737600
A19FRW264WZTGP,B00AJCNO7A,4.0,1363132800
A36BQWQPYU6FRM,B00AJCNO7A,4.0,1363824000
A375NF45A1MDWI,B00AJCNO7A,4.0,1362268800
A4EBYIKOMYFF9,B00AJCNO7A,5.0,1362960000
AO2AQRPPSTABB,B00AJCNO7A,4.0,1371513600
AZ515FFZ7I2P7,B00AJCNO7A,4.0,1363737600
AORGKBNQZ83O8,B00AJCNO7A,5.0,1363824000
A3QEIVO8AB3YMU,B00AJCNO7A,5.0,1362441600
A1W4F91DH3XPB2,B00AJCNO7A,5.0,1365811200
A2JKM8KF3296CW,B00AJCNO7A,4.0,1362441600
A1JOANG98KBFKU,B00AJCNO7A,4.0,1365638400
A14RYRR7ETV3UY,B00AJCNO7A,4.0,1363824000
A19JDXB5R33C7R,B00AJCNO7A,5.0,1366588800
ANCOMAI0I7LVG,B00AJE1CY0,5.0,1374105600
A1T8N18XKDLJO4,B00AJE1CY0,5.0,1374019200
AYDC7F9UF6EQX,B00AJE1CY0,4.0,1372377600
A2FWZ58M6IQMD7,B00AJE1CY0,5.0,1375488000
A10Z8FC0SMU5VQ,B00AJE1CY0,5.0,1372032000
A35IX2GE0VC0JP,B00AJE1CY0,5.0,1375660800
A8WEXFRWX1ZHH,B00AJE1CY0,4.0,1372982400
A3M1PLEYNDEYO8,B00AJE1CY0,5.0,1373155200
ALEUQQE118NEW,B00AJE1CY0,5.0,1372464000
A3A8FMW6BDJ166,B00AJE1CY0,5.0,1374278400
ABMX8XUNPR3LP,B00AJE1CY0,4.0,1376956800
A3BH63GKL7MQ2K,B00AJE1CY0,4.0,1381968000
A2KFWHHUFVKFXZ,B00AJE1CY0,5.0,1372550400
A9NXTC0HTPSDO,B00AJE1CY0,4.0,1379721600
A3UYBRB74RJFXB,B00AJE1CY0,3.0,1376438400
A3EJ8XHVDC0CWH,B00AJE1CY0,5.0,1372723200
A28UMA3GW9L124,B00AJE1CY0,4.0,1376438400
A3LOGP4VA9DX46,B00AJE1CY0,4.0,1374192000
ARPB88E6F2MFR,B00AJE1CY0,5.0,1374019200
A1RDHBBZE1NPS3,B00AJE1CY0,5.0,1374192000
APDPA11IZPYLN,B00AJE1CY0,5.0,1376352000
AGFW667QNHDOY,B00AJE1CY0,5.0,1372809600
A15JB2HEZ6RKGW,B00AJE1CY0,4.0,1374451200
AIVZMEFEAGF3,B00AJE1CY0,4.0,1376524800
A2W2E6BPPYZO0T,B00AJE1CY0,4.0,1374019200
A2AYJJAFNSGSU1,B00AMEINDA,5.0,1388016000
A2RVCF21L2NPU5,B00AMEINDA,5.0,1381881600
A1MZEMD0EDETS6,B00AMEINDA,5.0,1383004800
AAJIGWE242MSN,B00AMEINDA,2.0,1379894400
A2CRIQOX1SYA3I,B00AMEINDA,5.0,1382486400
A1FDVT0DLJWV78,B00AMEINDA,5.0,1384992000
A167KPMW1NBZJW,B00AMEINDA,5.0,1383523200
A33HIV8RXRDM88,B00AMEINDA,5.0,1383696000
A32658HY8IU6UV,B00AMEINDA,4.0,1381795200
A2V98TS4QDDCG9,B00AMEINDA,4.0,1381968000
A26R7LLAFTPC3U,B00AMEINDA,4.0,1384992000
A188JOXWF4EY1R,B00ANKD7V6,4.0,1386806400
A71W7G4TCTH3T,B00ANKD7V6,3.0,1383004800
ABSFFH7ECSE49,B00ANKD7V6,4.0,1386288000
A25CZCHLNH3OMO,B00ANKD7V6,4.0,1380758400
A194K60CWZ371J,B00ANKD7V6,5.0,1383350400
A31HE83MU98GBV,B00ANKD7V6,4.0,1385337600
A27X7XXOKMK879,B00ANKD7V6,3.0,1383177600
A9NFFAZF3LIB2,B00ANKD7V6,4.0,1386115200
ALEUQQE118NEW,B00ANKD7V6,4.0,1382745600
A2BVNVJOFXGZUB,B00ANKD7V6,4.0,1385856000
A1PI8VBCXXSGC7,B00ANKD7V6,4.0,1385856000
A24ZMNWTW8AQUR,B00ANKD7V6,4.0,1384300800
A2RN2AO4BE6F4K,B00ANKD7V6,5.0,1381881600
ADYZOSTF9LZLD,B00ANKD7V6,5.0,1383004800
AGFW667QNHDOY,B00ANKD7V6,4.0,1381968000
A2I05FGBTCRRB8,B00ANLNU30,3.0,1381622400
ADY836HK6QSYR,B00ANLNU30,2.0,1380067200
A1UV5NB0DXTSWH,B00ANLNU30,4.0,1387411200
ALNFHVS3SC4FV,B00ANLNU30,4.0,1384128000
AR33KU52LIBF1,B00ANLNU30,4.0,1383264000
AQ9JTZBF30IW0,B00ANLNU30,3.0,1387584000
A2QX49LS3Y3ANI,B00ANLNU30,2.0,1383177600
A28IIVKXOE1ATF,B00ANLNU30,5.0,1380067200
A2503LT8PZIHAD,B00ANLNU30,2.0,1387065600
A2TS040W2FW5O,B00ANLNU30,2.0,1386028800
A27H9DOUGY9FOS,B00ANLNU30,4.0,1384128000
A2VJJ2POCLMED7,B00ANLNU30,2.0,1384300800
A3FWVV13DJELLV,B00ANLNU30,3.0,1385251200
A105S56ODHGJEK,B00ANLNU30,2.0,1387324800
AUS5X6IMFLJBD,B00ANLNU30,3.0,1384473600
A3BVDW4DOLJAN0,B00ANLNU30,5.0,1381104000
A2SPV96SGOEO2,B00ANLNU30,4.0,1385942400
AIVZMEFEAGF3,B00ANLNU30,3.0,1387411200
A19JDXB5R33C7R,B00ANLNU30,4.0,1384473600
A1WP940JZL83T7,B00ANLNU44,5.0,1380153600
A2I05FGBTCRRB8,B00ANLNU44,5.0,1381622400
ADY836HK6QSYR,B00ANLNU44,3.0,1384819200
AQB4DH57MSZSC,B00ANLNU44,4.0,1383436800
A16EIVIBBXFAQ0,B00ANLNU44,5.0,1384041600
A7OTTM22AV2VR,B00ANLNU44,2.0,1384992000
A3CN9CCJUNIPKT,B00ANLNU44,4.0,1384992000
A194K60CWZ371J,B00ANLNU44,5.0,1381708800
A35IX2GE0VC0JP,B00ANLNU44,4.0,1384128000
A17V2N0N8CXSA9,B00ANLNU44,5.0,1382572800
A34CSXOGVYF94S,B00ANLNU44,3.0,1382832000
A22B13EJTZKCTM,B00ANLNU44,4.0,1384300800
A27H9DOUGY9FOS,B00ANLNU44,5.0,1382659200
A17NX7T7DW6KL2,B00ANLNU44,3.0,1381968000
A2VJJ2POCLMED7,B00ANLNU44,4.0,1384214400
A1GQRGB8FGSLIZ,B00ANLNU44,4.0,1381881600
A1ZVFCPHCWFV71,B00ANLNU44,4.0,1382832000
A3BVDW4DOLJAN0,B00ANLNU44,5.0,1379894400
A2HHAV29CZ1OIE,B00ANLNU44,5.0,1382572800
AIVZMEFEAGF3,B00ANLNU44,4.0,1384992000
A2V92F5R7MLCVI,B00ANLNU44,5.0,1380758400
A1NKKF4W2LHF6M,B00ANLNU4Y,5.0,1381881600
A30H2335OM7RD6,B00ANLNU4Y,4.0,1380499200
A1HYH206E18XVC,B00ANLNU4Y,3.0,1380412800
A16PUD6V3KAZ0Q,B00ANLNU4Y,2.0,1381881600
A3E8AHUAQEX0QH,B00ANLNU4Y,3.0,1379376000
A3F0OFSE2M25U2,B00ANLNU4Y,3.0,1379548800
A1MZEMD0EDETS6,B00ANLNU4Y,5.0,1381795200
A89ZZKNDFQH23,B00ANLNU4Y,3.0,1378857600
A3VBXQKRM7A4JR,B00ANLNU4Y,3.0,1380153600
A3T6HX48F66512,B00ANLNU4Y,4.0,1381017600
A3GS7OZXUEW48R,B00ANLNU4Y,5.0,1378512000
A2ZJPDH0YP90SD,B00ANLNU4Y,5.0,1378166400
A1VYFEJM12ZP11,B00ANLNU4Y,3.0,1377907200
A3C9YGB4H90PDE,B00ANLNU4Y,3.0,1381190400
A2NMQWBDWT3SQF,B00ANLNU4Y,4.0,1379548800
A2GSY9DM54Y0HS,B00ANLNU4Y,5.0,1381276800
A3JEPPCGV55FAQ,B00ANLNU4Y,5.0,1381968000
AD34TCPEP7P84,B00ANLNU4Y,3.0,1380153600
ARIDN94LOCQFD,B00ANLNU4Y,2.0,1377561600
A2Q8GFSEUSGJ51,B00ANLNU4Y,2.0,1377993600
A3SQQYS79AV13M,B00ANLNU4Y,4.0,1378166400
A3SBZAOPPY40IT,B00ANLNU4Y,3.0,1380758400
A1WP940JZL83T7,B00AO0BQAY,5.0,1380153600
A3IKLTT9JQACCI,B00AO0BQAY,5.0,1380931200
A2877AOHJFZI0E,B00AO0BQAY,5.0,1379980800
A1FK6IQ111SJDR,B00AO0BQAY,4.0,1380153600
A15D2X8MICR2VQ,B00AO0BQAY,4.0,1384560000
A277GP2U2TXH51,B00AO0BQAY,4.0,1385078400
A33X80DIINN48Y,B00AO0BQAY,5.0,1384041600
A2SDRCBPIAXVDW,B00AO0BQAY,5.0,1387324800
A29534U2P9CLNR,B00AO0BQAY,4.0,1384732800
A3EZHMGGWY74HY,B00AO0BQAY,5.0,1384819200
A3FWVV13DJELLV,B00AO0BQAY,4.0,1386460800
A3TMBYDFP1B9DM,B00AO0BQAY,5.0,1384905600
A2B3A8NQIHITO8,B00AO0BQAY,5.0,1384819200
A1RF9YK4BK5TRH,B00AO0BQAY,4.0,1387238400
A2H667ZUNLNTF1,B00AO0BQAY,5.0,1386547200
A3SBZAOPPY40IT,B00AO0BQAY,5.0,1384732800
A2CNGARED6OWWU,B00AOG41SW,3.0,1368576000
A33PBU9EHZ28PC,B00AOG41SW,3.0,1368230400
A2FRKEXDXDN1KI,B00AOG41SW,3.0,1362787200
A28IIVKXOE1ATF,B00AOG41SW,3.0,1362528000
A4EBYIKOMYFF9,B00AOG41SW,3.0,1362960000
A1GBT4UN2RW7XY,B00AOG41SW,2.0,1365465600
A14DNCG5WHM86Z,B00AOG41SW,1.0,1391644800
AWH2AY17ZU7W2,B00AOG41SW,3.0,1365897600
A1R2JUOGIYH6HO,B00AOG41SW,2.0,1363824000
A27H9DOUGY9FOS,B00AOG41SW,1.0,1366848000
A1WBEIH7Z37LN9,B00AOG41SW,2.0,1362009600
AQSW6WDVCJGB8,B00AOG41SW,3.0,1368662400
AM8J1UVGVYAL4,B00AOG41SW,1.0,1363910400
AC04O7AYHEKJ5,B00AOG41SW,4.0,1366070400
AQRN2I355LZ3F,B00AOG41SW,3.0,1366243200
A9XX8OHS2ZQ2X,B00AOG41SW,3.0,1367193600
A11OBEH2ZCVAHX,B00AOG41SW,3.0,1361836800
A2G04D4QZAXL15,B00AOG41SW,2.0,1362873600
A2V9DTXTQ5YIMK,B00AOHDC5Y,5.0,1382572800
A16Z2OECAUX8Z4,B00AOHDC5Y,5.0,1385856000
A2RX62V4E2BF5Z,B00AOHDC5Y,5.0,1377302400
AJ2FDNZ3COBFN,B00AOHDC5Y,5.0,1383782400
A279A4Y2N1CQ26,B00AOHDC5Y,4.0,1382918400
ALNFHVS3SC4FV,B00AOHDC5Y,5.0,1384300800
A10ZBR6O8S8OCY,B00AOHDC5Y,5.0,1385251200
ACJT8MUC0LRF0,B00AOHDC5Y,5.0,1383177600
A2LW5AL0KQ9P1M,B00AOHDC5Y,4.0,1384473600
AMS2CPERWN7JV,B00AOHDC5Y,5.0,1385683200
A3USZS8Q4GOKGE,B00AOHDC5Y,5.0,1376956800
A2KIVODZRTGY4U,B00AOHDC5Y,4.0,1380067200
A1M5ZT35YX6TIN,B00AOHDC5Y,5.0,1382832000
A3T8WOFS5RD2IR,B00AOHDC5Y,4.0,1378339200
AI2XINIZFPBI8,B00AOHDC5Y,5.0,1379203200
A35LT14WG5BX0T,B00AOHDC5Y,5.0,1386201600
A5BJMAHZWGJ7N,B00AOHDC5Y,5.0,1376870400
A2QDOJFFLFGF18,B00AOHDC5Y,5.0,1383868800
A1QBOC76MIOJYP,B00AOHDC5Y,5.0,1386460800
A3LN4AOPBIUQWR,B00AOHDC5Y,4.0,1383004800
A2JKM8KF3296CW,B00AOHDC5Y,4.0,1382745600
A3JHC8O59WDHFZ,B00AOHDC5Y,4.0,1383868800
A2WFZWRYWLC20S,B00AOHDC5Y,5.0,1380067200
AVHN134ADVP4R,B00AOHDC6I,5.0,1363824000
A1WP940JZL83T7,B00AOHDC6I,5.0,1361923200
A1II2ZRPKZAQQD,B00AOHDC6I,4.0,1365120000
A3RG8DYG8AJ6Z9,B00AOHDC6I,5.0,1363737600
AFTFND8CPQ34M,B00AOHDC6I,5.0,1369785600
ALQY22U9JTNCQ,B00AOHDC6I,4.0,1366675200
A2AYJJAFNSGSU1,B00AOHDC6I,5.0,1361923200
A1UHKF1UQ3EGW4,B00AOHDC6I,5.0,1362009600
A2RVCF21L2NPU5,B00AOHDC6I,5.0,1366156800
A1UYMXFON06KQ6,B00AOHDC6I,4.0,1364256000
A1MZEMD0EDETS6,B00AOHDC6I,5.0,1367280000
A279A4Y2N1CQ26,B00AOHDC6I,3.0,1365292800
A28IIVKXOE1ATF,B00AOHDC6I,4.0,1362009600
A28J8ZFUBAC40Q,B00AOHDC6I,3.0,1362614400
A3A8FMW6BDJ166,B00AOHDC6I,5.0,1364428800
ABMX8XUNPR3LP,B00AOHDC6I,5.0,1367020800
AWH2AY17ZU7W2,B00AOHDC6I,5.0,1363996800
A3BKNXX8QFIXIV,B00AOHDC6I,5.0,1362960000
A14X244VGHWPSX,B00AOHDC6I,4.0,1366243200
AGFGY4EJ37VS2,B00AOHDC6I,3.0,1363824000
A1BK60GZ4QME6I,B00AOHDC6I,4.0,1365724800
A1Y5ERIKQBEMSP,B00AOHDC6I,4.0,1368576000
A1IH7O6EL7SNBD,B00AOHDC6I,5.0,1363046400
AA8F2HV4DPV2T,B00AOHDC6I,3.0,1368576000
A1QT3N5FUQ4I47,B00AOHDC6I,5.0,1368489600
A3K4AJLVHAH4OZ,B00AOHDC6I,5.0,1362873600
A19JGPUJAX048H,B00AOHDC6I,4.0,1368662400
ASJ0MKRFZC47B,B00AOHDC6I,4.0,1362614400
AC1YLEFC9AN5X,B00AOHDC6I,4.0,1362355200
A1LG1DKUZXGJ6J,B00AOHDC6I,5.0,1362009600
A3LN4AOPBIUQWR,B00AOHDC6I,5.0,1362614400
A1ZVFCPHCWFV71,B00AOHDC6I,4.0,1371686400
ALDAF4VVLFRHP,B00AOHDC6I,5.0,1362009600
A2B3A8NQIHITO8,B00AOHDC6I,5.0,1365292800
A34W59GPOUKU8L,B00AOHDC6I,5.0,1363824000
A1JOANG98KBFKU,B00AOHDC6I,4.0,1365638400
ARPB88E6F2MFR,B00AOHDC6I,5.0,1367366400
A1E5WXNTI7EO2A,B00AOHDC6I,5.0,1361923200
ALQ4USPEQ9L5N,B00AOHDC6I,5.0,1368403200
A2NXAV1SNXWA9H,B00AOHDC6I,3.0,1363737600
A2I4A4WGWII18Z,B00AOHDC6I,5.0,1361836800
A2H667ZUNLNTF1,B00AOHDC6I,5.0,1365984000
A3F2VVIQIY6U64,B00ARQW0LY,3.0,1376870400
AJ2FDNZ3COBFN,B00ARQW0LY,4.0,1382054400
A7C77J4MH94B6,B00ARQW0LY,4.0,1379548800
A279A4Y2N1CQ26,B00ARQW0LY,4.0,1375660800
A2GA2SO3YK6CXI,B00ARQW0LY,5.0,1376092800
A3TJSWA0W9ITYE,B00ARQW0LY,5.0,1377820800
A4EBYIKOMYFF9,B00ARQW0LY,5.0,1376784000
A31HE83MU98GBV,B00ARQW0LY,4.0,1375747200
A10YWQ4AAAE29O,B00ARQW0LY,4.0,1374969600
A2KIVODZRTGY4U,B00ARQW0LY,4.0,1379462400
A2OY6P98P87047,B00ARQW0LY,5.0,1374624000
AHQ13I9CI4US6,B00ARQW0LY,3.0,1375833600
AHRNDSKWH1YBT,B00ARQW0LY,3.0,1379548800
A1NIGUK4M2ST8,B00ARQW0LY,4.0,1376092800
A2V98TS4QDDCG9,B00ARQW0LY,5.0,1379376000
AQ1F3NP2G15S5,B00ARQW0LY,4.0,1377129600
AVL5IDEE8YA3D,B00ARQW0LY,3.0,1375056000
A3P8ZDHC7XSKSE,B00ARQW0LY,3.0,1374969600
A21VQDGHP3T7Y,B00ARQW0LY,5.0,1377043200
AV1F8VNJPLPTL,B00ARQW0LY,3.0,1376524800
A3NEAETOSXDBOM,B00ARQW0LY,4.0,1375660800
A2WW57XX2UVLM6,B00ARQW0LY,4.0,1375660800
A3D5B2CBFNJB0K,B00ARQW0LY,4.0,1375747200
A3LMPD1ZQTWOC4,B00ARQW0M8,5.0,1375401600
A1486KL0IOM7VM,B00ARQW0M8,4.0,1374624000
AERBY54RWPSO9,B00ARQW0M8,5.0,1373846400
A13KNCFLH0IH2G,B00ARQW0M8,4.0,1373673600
A1KSNK256G46GX,B00ARQW0M8,4.0,1375315200
A1BKJNAWJT2TG2,B00ARQW0M8,3.0,1374710400
A3MWP39R0W9TQX,B00ARQW0M8,3.0,1374105600
A3F43PAJZLOE3I,B00ARQW0M8,5.0,1374710400
A3A8FMW6BDJ166,B00ARQW0M8,5.0,1374278400
A3RTNA9THAU2OP,B00ARQW0M8,5.0,1374105600
A1RR36YKJB917S,B00ARQW0M8,5.0,1374105600
A1GUX6R8DV3ZLY,B00ARQW0M8,3.0,1373932800
A38H4XCCPLRF93,B00ARQW0M8,4.0,1372723200
A2BZ16RKE13PKV,B00ARQW0M8,5.0,1376524800
A30QAOLNZ4415R,B00ARQW0M8,3.0,1376179200
AUCXT9K30SHYF,B00ARQW0M8,4.0,1372723200
A2WW57XX2UVLM6,B00ARQW0M8,3.0,1387238400
A1KMG1AIUS00DC,B00ARQW0M8,4.0,1373241600
A17E3NBADNTI3X,B00ARQW0M8,3.0,1376524800
ABC68JUCPTVOE,B00ARQW0N2,4.0,1392854400
A39Q9G7J70A056,B00ARQW0N2,4.0,1392854400
A2I05FGBTCRRB8,B00ARQW0N2,4.0,1389484800
A30H2335OM7RD6,B00ARQW0N2,3.0,1391731200
A1DG75OT3Y49EM,B00ARQW0N2,3.0,1392163200
AYB8XLKTYMTTX,B00ARQW0N2,3.0,1390608000
A1BHSP8TPTH8Y5,B00ARQW0N2,3.0,1392854400
A1FDVT0DLJWV78,B00ARQW0N2,4.0,1392768000
ALNFHVS3SC4FV,B00ARQW0N2,4.0,1377216000
A15D2X8MICR2VQ,B00ARQW0N2,2.0,1390953600
A1KGWUYXUBEMB2,B00ARQW0N2,4.0,1392076800
A1VYFEJM12ZP11,B00ARQW0N2,4.0,1389052800
AKCZIJ6ZHE41D,B00ARQW0N2,4.0,1391904000
A5GPH59NDWJRB,B00ARQW0N2,4.0,1392249600
A34CSXOGVYF94S,B00ARQW0N2,4.0,1391385600
A2LF16F0KX9L7P,B00ARQW0N2,3.0,1389657600
A23WE733QT4WGJ,B00ARQW0N2,5.0,1392768000
A2VH0UT5EQFB6P,B00ARQW0N2,3.0,1390780800
A3Q9HY0LU7MN6E,B00ARQW0N2,5.0,1389657600
A23KDA686N6T4Y,B00ARQW0N2,3.0,1390521600
A3LOGP4VA9DX46,B00ARQW0N2,3.0,1390694400
ARPB88E6F2MFR,B00ARQW0N2,5.0,1390435200
A2RN2AO4BE6F4K,B00ARQW0N2,5.0,1389830400
A1ITRGMT80D5TK,B00ARQW0N2,4.0,1391385600
A384HAQMS7XRZ4,B00ARQW0N2,4.0,1389398400
A2NVQZ4Y7Y0J1R,B00ARQW0N2,4.0,1392854400
A3R01WHD75L6FG,B00ARQW0N2,3.0,1392854400
A81XIM8XFKWX5,B00ARQW0N2,4.0,1390608000
AVHN134ADVP4R,B00ARQW0NM,4.0,1379721600
AA98O5326L88T,B00ARQW0NM,4.0,1381276800
A38YS1DNHC3CVC,B00ARQW0NM,4.0,1379548800
A2RVCF21L2NPU5,B00ARQW0NM,4.0,1383868800
A2C1Y5F8DE9H6P,B00ARQW0NM,3.0,1379548800
A31YSTICHFYN7O,B00ARQW0NM,4.0,1379548800
A1RTSVWEXMKAR1,B00ARQW0NM,5.0,1381968000
A9XMQ24ZKXYSN,B00ARQW0NM,5.0,1377648000
A2DG63DN704LOI,B00ARQW0NM,4.0,1381536000
AOI2MD752ZWFU,B00ARQW0NM,4.0,1378252800
A3TWBW1B17R151,B00ARQW0NM,2.0,1379894400
A2WVF9ZQ068DN0,B00ARQW0NM,3.0,1379894400
A1UQUDT2Q0YENM,B00ARQW0NM,5.0,1381708800
AT1RF4WNPGGLC,B00ARQW0NM,3.0,1379030400
A2QDOJFFLFGF18,B00ARQW0NM,5.0,1381968000
A3FWVV13DJELLV,B00ARQW0NM,4.0,1381276800
A105S56ODHGJEK,B00ARQW0NM,3.0,1380067200
A3CHIF3EHXCLA5,B00ARQW0NM,3.0,1382486400
AD34TCPEP7P84,B00ARQW0NM,5.0,1381968000
A1MRRMHGV3PN5W,B00ARQW0NM,3.0,1379462400
A2T04VAIXSKJH2,B00ARQW0NM,4.0,1379548800
A1ITRGMT80D5TK,B00ARQW0NM,4.0,1379548800
A28J8ZFUBAC40Q,B00ARQW0X2,2.0,1378771200
AGFGY4EJ37VS2,B00ARQW0X2,5.0,1377734400
A1Y5ERIKQBEMSP,B00ARQW0X2,5.0,1381968000
A35NOFKHK8P2LU,B00ARQW0X2,2.0,1377734400
A3PPXVR5J6U2JD,B00ARQW0X2,4.0,1377388800
AT1RF4WNPGGLC,B00ARQW0X2,5.0,1378684800
A1WSQ0QRWQC7VI,B00ARQW0X2,3.0,1381968000
A3415H58HNGQFV,B00ARQW0X2,5.0,1378252800
A105S56ODHGJEK,B00ARQW0X2,2.0,1380067200
A1MAI0TUIM3R2X,B00ARQW0X2,5.0,1384905600
AUS5X6IMFLJBD,B00ARQW0X2,4.0,1381622400
A344N0X5LIV43M,B00ARQW0X2,4.0,1377388800
A2PNTEDGMOLMOY,B00ARQW0X2,4.0,1379548800
A2SD1Z4OROY538,B00ARQW0X2,3.0,1380153600
A3V55DVYU80LDS,B00ARQW0X2,5.0,1378944000
A33230MIA3W7G4,B00ARQW0X2,4.0,1381881600
A3DGJMO6VPG6FJ,B00ARQW0X2,3.0,1378080000
A2GRDQJ4Z7053K,B00ARQW0YG,4.0,1372896000
A3F2VVIQIY6U64,B00ARQW0YG,5.0,1375488000
A16PUD6V3KAZ0Q,B00ARQW0YG,4.0,1376438400
A2UYWE97KME0M,B00ARQW0YG,5.0,1372291200
A16EIVIBBXFAQ0,B00ARQW0YG,4.0,1376352000
A2PU5IDX61XJ7A,B00ARQW0YG,5.0,1374105600
A2LW5AL0KQ9P1M,B00ARQW0YG,4.0,1372723200
A36MP37DITBU6F,B00ARQW0YG,4.0,1373068800
AG8E2F0G98ZTB,B00ARQW0YG,5.0,1373587200
A17771LTRWSKQ5,B00ARQW0YG,4.0,1373328000
A2VRAT69JDAD3W,B00ARQW0YG,4.0,1372636800
A1P0JSFW184ZXJ,B00ARQW0YG,4.0,1383264000
A26EQ8U96JA92T,B00ARQW0YG,4.0,1375228800
A1RR36YKJB917S,B00ARQW0YG,5.0,1375142400
A28OB1QLXN5BM6,B00ARQW0YG,4.0,1373414400
A2OY6P98P87047,B00ARQW0YG,5.0,1373846400
A2LXC5ZHHP0WXP,B00ARQW0YG,5.0,1375142400
A2HELIKP5RV27F,B00ARQW0YG,4.0,1373846400
A398R165PXFOSS,B00ARQW0YG,3.0,1377129600
A1VF5HRCDF99CF,B00ARQW0YG,5.0,1379462400
A25C5MVVCIYT5D,B00ARQW0YG,5.0,1375574400
A1PTBXZG04GT29,B00ARQW0YG,5.0,1385424000
ALGI34BYWIXZG,B00ARQW0YG,5.0,1374710400
A1RF9YK4BK5TRH,B00ARQW0YG,4.0,1376438400
A1D1IDI5S9TN9D,B00ARQW0YG,3.0,1375660800
A33VI944SO2YCN,B00ARQW0YG,5.0,1375574400
A3G7BEJJCPD6DS,B00ARQW0YG,5.0,1376697600
A21YYC2SYN5NDY,B00ARQW0Z0,4.0,1378166400
A3IKLTT9JQACCI,B00ARQW0Z0,4.0,1373673600
A2RVCF21L2NPU5,B00ARQW0Z0,4.0,1375574400
A1FK6IQ111SJDR,B00ARQW0Z0,4.0,1373500800
A1DY0CRKZEY0FB,B00ARQW0Z0,3.0,1376438400
A29534U2P9CLNR,B00ARQW0Z0,3.0,1373587200
A1C7Y31S5QXNTR,B00ARQW0Z0,4.0,1372636800
ALLHJD3KZF9KC,B00ARQW0Z0,5.0,1376524800
A23TGI02RB7JC,B00ARQW0Z0,5.0,1377648000
A226GFM0Q9L37H,B00ARQW0Z0,4.0,1375660800
A3L1BNBV4SS1H8,B00ARQW0Z0,4.0,1372982400
A231LBC8EGPO5L,B00ARQW0Z0,4.0,1373414400
A1RDHBBZE1NPS3,B00ARQW0Z0,4.0,1374192000
A24ZMNWTW8AQUR,B00ARQW0Z0,4.0,1374019200
A2BZ16RKE13PKV,B00ARQW0Z0,5.0,1376524800
A18LURVBV82KW2,B00ARQW0Z0,4.0,1374105600
AD34TCPEP7P84,B00ARQW0Z0,4.0,1376524800
A208U42GARHSOR,B00ARQW0Z0,2.0,1372723200
A19YOYY7FLQMA6,B00ARQW0Z0,5.0,1372809600
AXVKMYWNIHK7W,B00ARQW0Z0,5.0,1373932800
A2GOHBNQ58WOKC,B00ARQW0Z0,5.0,1375920000
A3R01WHD75L6FG,B00ARQW0Z0,4.0,1373328000
A2K75QOCP9ZHSL,B00ARQW1C2,4.0,1372809600
AKHFY3VCNZL2W,B00ARQW1C2,1.0,1373068800
A5JLAU2ARJ0BO,B00ARQW1C2,2.0,1372982400
AI2XINIZFPBI8,B00ARQW1C2,3.0,1372464000
ABSYIF0ONC2AF,B00ARQW1C2,5.0,1374969600
A3LLP0VSTSABK2,B00ARQW1C2,3.0,1373241600
A2C264HY1HHZVX,B00ARQW1C2,4.0,1374710400
A3R33KMESG0XGQ,B00ARQW1C2,2.0,1375920000
A1GUN2J1FDYNF3,B00ARQW1C2,5.0,1374624000
A3JEPPCGV55FAQ,B00ARQW1C2,5.0,1374105600
A2WFZWRYWLC20S,B00ARQW1C2,4.0,1376438400
AYWHCM0TJ4737,B00ARQW1DQ,5.0,1378080000
A914TQVHI872U,B00ARQW1DQ,1.0,1376092800
A2CNGARED6OWWU,B00ARQW1DQ,5.0,1376352000
A3R9X003XW0LNR,B00ARQW1DQ,5.0,1378080000
A3E0CV9614GQJV,B00ARQW1DQ,5.0,1375142400
A2W4014S06NAIT,B00ARQW1DQ,4.0,1375833600
A2UBSGFCP2QFNV,B00ARQW1DQ,5.0,1377561600
A1VYFEJM12ZP11,B00ARQW1DQ,4.0,1375315200
A2701UXI8QGRHE,B00ARQW1DQ,5.0,1377561600
A1KDM0N4UCEPHA,B00ARQW1DQ,4.0,1379462400
ATANE2SC44592,B00ARQW1DQ,5.0,1377648000
A2VJJ2POCLMED7,B00ARQW1DQ,5.0,1379548800
A3Z9QN0RCOHEY,B00ARQW1DQ,5.0,1375660800
A2C264HY1HHZVX,B00ARQW1DQ,4.0,1380412800
A2ULQOGN59LDNK,B00ARQW1DQ,5.0,1375401600
A3R33KMESG0XGQ,B00ARQW1DQ,4.0,1379462400
A58F10T4OE58C,B00ARQW1DQ,3.0,1379548800
A2YQ2ZI65F37N8,B00ARQW1DQ,3.0,1375228800
A1KMG1AIUS00DC,B00ARQW1DQ,5.0,1376611200
A2GOHBNQ58WOKC,B00ARQW1DQ,5.0,1378339200
A1POFVVXUZR3IQ,B00ARQW1DQ,4.0,1375228800
A2D4FQHV506EPB,B00ARQW1E0,5.0,1375747200
A2DURJRPTPKUZS,B00ARQW1E0,3.0,1372896000
AGHIUO1B3IF8H,B00ARQW1E0,4.0,1375401600
A16PUD6V3KAZ0Q,B00ARQW1E0,2.0,1376438400
A25HYPL2XKQPZB,B00ARQW1E0,4.0,1376438400
A7C77J4MH94B6,B00ARQW1E0,4.0,1376870400
A1FDVT0DLJWV78,B00ARQW1E0,4.0,1376006400
AY3D7DG5L5WCK,B00ARQW1E0,5.0,1372723200
AWH2AY17ZU7W2,B00ARQW1E0,4.0,1374019200
A14X244VGHWPSX,B00ARQW1E0,4.0,1374105600
A1DB5QPH7WO488,B00ARQW1E0,3.0,1375833600
A34W7QA4J5UTOR,B00ARQW1E0,4.0,1372809600
A10ASLX7DTTB6Z,B00ARQW1E0,4.0,1376438400
A1UUI7PFQ5FU4E,B00ARQW1E0,4.0,1374019200
A32658HY8IU6UV,B00ARQW1E0,4.0,1374019200
A1NIGUK4M2ST8,B00ARQW1E0,4.0,1372464000
ALDAF4VVLFRHP,B00ARQW1E0,5.0,1372723200
AQZ4PHIEEV5N5,B00ARQW1E0,5.0,1376784000
A37D2TGTIXRV2N,B00ARQW1E0,4.0,1374105600
A276OI0NHBYORX,B00ARQW1E0,4.0,1373241600
APPCJX62WKIIP,B00ARQW1E0,4.0,1374537600
AFICF7DKHTQ87,B00ARQW1E0,3.0,1374883200
A384HAQMS7XRZ4,B00ARQW1E0,4.0,1373414400
A3MUSWDCTZINQZ,B00ARQW1E0,4.0,1373932800
A81XIM8XFKWX5,B00ARQW1E0,4.0,1373846400
A2G04D4QZAXL15,B00ARQW1E0,4.0,1373414400
A1WP940JZL83T7,B00ARQW1MM,5.0,1362614400
A71W7G4TCTH3T,B00ARQW1MM,2.0,1363564800
A16EIVIBBXFAQ0,B00ARQW1MM,5.0,1362528000
AQ9JTZBF30IW0,B00ARQW1MM,5.0,1363564800
A2QX49LS3Y3ANI,B00ARQW1MM,4.0,1362873600
A10Z8FC0SMU5VQ,B00ARQW1MM,5.0,1362096000
A1RTSVWEXMKAR1,B00ARQW1MM,5.0,1363219200
A28IIVKXOE1ATF,B00ARQW1MM,5.0,1363651200
A26NMTIHEUM65Z,B00ARQW1MM,4.0,1366070400
A277GP2U2TXH51,B00ARQW1MM,4.0,1365206400
A3JZUGERNK38IW,B00ARQW1MM,4.0,1369180800
A244CRJ2QSVLZ4,B00ARQW1MM,4.0,1363564800
AIW4CHZOM5W7D,B00ARQW1MM,5.0,1362614400
A1I2U8NT5J6P1N,B00ARQW1MM,4.0,1363651200
A3QDDEW6RXVEAY,B00ARQW1MM,4.0,1367280000
A36EW68H08UOCS,B00ARQW1MM,4.0,1362960000
A1IAQIZSXONWVU,B00ARQW1MM,5.0,1369440000
A26SO3TOT2TLJE,B00ARQW1MM,4.0,1365811200
A37D2TGTIXRV2N,B00ARQW1MM,5.0,1363737600
APPCJX62WKIIP,B00ARQW1MM,4.0,1362009600
A14RYRR7ETV3UY,B00ARQW1MM,4.0,1367539200
A2QKCOX5ACRHC5,B00ARQW1MM,3.0,1364256000
A3MUSWDCTZINQZ,B00ARQW1MM,4.0,1363737600
A32QWD5DEY4LDU,B00ARQW1MM,4.0,1365033600
A1Q1T811N4IY3Z,B00ARQW1MM,4.0,1366848000
ABC68JUCPTVOE,B00ARQW1O0,4.0,1379548800
AL3MFYSK9HKCL,B00ARQW1O0,3.0,1377820800
AFTFND8CPQ34M,B00ARQW1O0,4.0,1377043200
A3IKLTT9JQACCI,B00ARQW1O0,4.0,1376438400
A2CNGARED6OWWU,B00ARQW1O0,4.0,1376092800
A2974R9BTPZPOJ,B00ARQW1O0,4.0,1376352000
A375NF45A1MDWI,B00ARQW1O0,4.0,1375228800
A2TVH2OBNXYXHV,B00ARQW1O0,3.0,1375747200
A2TS040W2FW5O,B00ARQW1O0,3.0,1378166400
AEVO0UWFCAK02,B00ARQW1O0,4.0,1375142400
AX7QMRXX81L9K,B00ARQW1O0,3.0,1379376000
A2HELIKP5RV27F,B00ARQW1O0,3.0,1377734400
A3IAU6ZPVF2R5K,B00ARQW1O0,5.0,1375315200
A23TGI02RB7JC,B00ARQW1O0,5.0,1377648000
ABLV9L4MQO7ER,B00ARQW1O0,4.0,1378857600
A2VHCA21QKNEKE,B00ARQW1O0,4.0,1378684800
A11LNY2OLQSUSV,B00ARQW1O0,5.0,1379203200
AT1RF4WNPGGLC,B00ARQW1O0,4.0,1375315200
A3FWVV13DJELLV,B00ARQW1O0,4.0,1378252800
A3LN4AOPBIUQWR,B00ARQW1O0,4.0,1375142400
AZMISC9FAUBIR,B00ARQW1O0,5.0,1375142400
A3LOGP4VA9DX46,B00ARQW1O0,3.0,1379289600
AMKPSJXCQZVW9,B00ARQW1O0,4.0,1375228800
A2KWE2ZM1EEBGJ,B00ARQW1O0,3.0,1376697600
A1E5WXNTI7EO2A,B00ARQW1O0,3.0,1376092800
AUCXT9K30SHYF,B00ARQW1O0,5.0,1375574400
AYWHCM0TJ4737,B00ARSDSZY,5.0,1378080000
AN9J46667D80O,B00ARSDSZY,4.0,1378425600
A3VJ27010XUWTF,B00ARSDSZY,3.0,1381017600
A3GS7OZXUEW48R,B00ARSDSZY,5.0,1378512000
A3GMRYV7VAYK5Q,B00ARSDSZY,3.0,1377561600
A1UUI7PFQ5FU4E,B00ARSDSZY,3.0,1377475200
A36EW68H08UOCS,B00ARSDSZY,5.0,1385078400
A2VHCA21QKNEKE,B00ARSDSZY,3.0,1381017600
A35Q0RBM3YNQNF,B00ARSDSZY,4.0,1380067200
A2A4M3EDEUKG3L,B00ARSDSZY,4.0,1382572800
A379IB3EYAEL5,B00ARSDSZY,3.0,1379808000
A3IMK08UX0I46A,B00ARSDSZY,5.0,1381968000
A2D4FQHV506EPB,B00ARSDZIE,5.0,1387065600
A2V9DTXTQ5YIMK,B00ARSDZIE,5.0,1385078400
A1W415JP5WEAJK,B00ARSDZIE,5.0,1382659200
A1F7YU6O5RU432,B00ARSDZIE,5.0,1384041600
A16Z2OECAUX8Z4,B00ARSDZIE,5.0,1385856000
A2RX62V4E2BF5Z,B00ARSDZIE,4.0,1382745600
A3NHUQ33CFH3VM,B00ARSDZIE,5.0,1383264000
A353U0L2HAMSHV,B00ARSDZIE,5.0,1387238400
ALNFHVS3SC4FV,B00ARSDZIE,5.0,1385596800
A1TR1R2QKWRSRA,B00ARSDZIE,4.0,1386979200
ACJT8MUC0LRF0,B00ARSDZIE,5.0,1382572800
AMS2CPERWN7JV,B00ARSDZIE,5.0,1387238400
AY3D7DG5L5WCK,B00ARSDZIE,5.0,1382745600
A36MP37DITBU6F,B00ARSDZIE,5.0,1383177600
A1DW1FK1H3F2TM,B00ARSDZIE,5.0,1382918400
A2503LT8PZIHAD,B00ARSDZIE,5.0,1383350400
A215WH6RUDUCMP,B00ARSDZIE,5.0,1386806400
A22VNXHU6IZ5MT,B00ARSDZIE,4.0,1385510400
A3BKNXX8QFIXIV,B00ARSDZIE,4.0,1382918400
A26EQ8U96JA92T,B00ARSDZIE,5.0,1384732800
AYB4ELCS5AM8P,B00ARSDZIE,5.0,1385251200
A3U029B8Z5WGI2,B00ARSDZIE,5.0,1382918400
A6VSWJVTWEOII,B00ARSDZIE,4.0,1383004800
A27H9DOUGY9FOS,B00ARSDZIE,4.0,1383177600
A2R1HUYHXV7H18,B00ARSDZIE,5.0,1386115200
A35LT14WG5BX0T,B00ARSDZIE,5.0,1387238400
A2CZ98V784SRJ0,B00ARSDZIE,5.0,1387411200
A1PI8VBCXXSGC7,B00ARSDZIE,5.0,1385424000
A1UQBFCERIP7VJ,B00ARSDZIE,5.0,1385078400
AOEUN9718KVRD,B00ARSDZIE,5.0,1384300800
A2QDOJFFLFGF18,B00ARSDZIE,5.0,1387238400
AGEKVD8JPZQMT,B00ARSDZIE,5.0,1382572800
A3FWVV13DJELLV,B00ARSDZIE,4.0,1385856000
A376OJHLE6SU9Q,B00ARSDZIE,5.0,1382832000
AAA0TUKS5VBSA,B00ARSDZIE,5.0,1382745600
A2JKM8KF3296CW,B00ARSDZIE,5.0,1383004800
A231LBC8EGPO5L,B00ARSDZIE,5.0,1383436800
A2ZKQC0XCIIAEM,B00ARSDZIE,4.0,1383004800
ALQ4USPEQ9L5N,B00ARSDZIE,5.0,1387065600
A1NOV41485TE0D,B00ARSDZIE,5.0,1385942400
AFICF7DKHTQ87,B00ARSDZIE,4.0,1383177600
A2V92F5R7MLCVI,B00ARSDZIE,4.0,1383004800
A2G04D4QZAXL15,B00ARSDZIE,5.0,1382918400
A357B3PUHSVQA,B00ARSDZIE,4.0,1382659200
ADLVFFE4VBT8,B00ARWCFFO,5.0,1380153600
A16Z2OECAUX8Z4,B00ARWCFFO,5.0,1383264000
A1X3ESYZ79H59E,B00ARWCFFO,5.0,1383782400
A3NHUQ33CFH3VM,B00ARWCFFO,4.0,1380672000
AYOMAHLWRQHUG,B00ARWCFFO,3.0,1380153600
AK8LOFYRZJJW0,B00ARWCFFO,4.0,1377993600
A194K60CWZ371J,B00ARWCFFO,5.0,1381104000
A2503LT8PZIHAD,B00ARWCFFO,2.0,1380931200
ATS2855497V0I,B00ARWCFFO,4.0,1380412800
A215WH6RUDUCMP,B00ARWCFFO,5.0,1383091200
A244CRJ2QSVLZ4,B00ARWCFFO,4.0,1380412800
A5GPH59NDWJRB,B00ARWCFFO,4.0,1383782400
A3M6KV5PDU46YI,B00ARWCFFO,4.0,1379635200
A1ZPY91VE3IDN1,B00ARWCFFO,4.0,1380067200
AYB4ELCS5AM8P,B00ARWCFFO,4.0,1380153600
A2UEB48LAWFUCW,B00ARWCFFO,4.0,1382400000
A3VI2VETB90ZG5,B00ARWCFFO,5.0,1380240000
A27H9DOUGY9FOS,B00ARWCFFO,2.0,1381449600
A4VMQ6ZTSXSSL,B00ARWCFFO,3.0,1379462400
A2R1HUYHXV7H18,B00ARWCFFO,5.0,1380499200
A1UQBFCERIP7VJ,B00ARWCFFO,4.0,1380326400
A11LNY2OLQSUSV,B00ARWCFFO,3.0,1382832000
A3ORV1QBL4K9U1,B00ARWCFFO,4.0,1383177600
A2QDOJFFLFGF18,B00ARWCFFO,5.0,1383782400
A1QBOC76MIOJYP,B00ARWCFFO,5.0,1383264000
AAA0TUKS5VBSA,B00ARWCFFO,4.0,1380672000
A2JKM8KF3296CW,B00ARWCFFO,3.0,1380067200
A21VQDGHP3T7Y,B00ARWCFFO,4.0,1379548800
A3R5GTYQ50QVMD,B00ARWCFFO,5.0,1380499200
A1E5WXNTI7EO2A,B00ARWCFFO,4.0,1381708800
A2G4LKK57XMBL3,B00ARWCFFO,5.0,1376265600
A11I1I9QLMAM1A,B00ARWCFFO,5.0,1380240000
A1ITRGMT80D5TK,B00ARWCFFO,4.0,1380672000
A2PD27UKAD3Q00,B00ARWCFFO,5.0,1380326400
A2V92F5R7MLCVI,B00ARWCFFO,4.0,1381190400
A357B3PUHSVQA,B00ARWCFFO,3.0,1382400000
A1UFLVSJ3IRETQ,B00ATWSQQ4,4.0,1381968000
ALRCAGJOJ9583,B00ATWSQQ4,5.0,1381363200
A3GMRYV7VAYK5Q,B00ATWSQQ4,5.0,1384041600
ATLO3YXU2BC16,B00ATWSQQ4,5.0,1383436800
A3C9YGB4H90PDE,B00ATWSQQ4,4.0,1383696000
A3U029B8Z5WGI2,B00ATWSQQ4,4.0,1381968000
AI2XINIZFPBI8,B00ATWSQQ4,5.0,1383868800
A3OIQ3T0OIKY66,B00ATWSQQ4,5.0,1385683200
A1BAJ6JXU8PSZH,B00ATWSQQ4,5.0,1387238400
A2GSY9DM54Y0HS,B00ATWSQQ4,5.0,1384992000
A3QDDEW6RXVEAY,B00ATWSQQ4,5.0,1385942400
A35Q0RBM3YNQNF,B00ATWSQQ4,4.0,1384819200
A1UQUDT2Q0YENM,B00ATWSQQ4,5.0,1386201600
A199FRO0YFMGED,B00ATWSQQ4,5.0,1384387200
A2RN2AO4BE6F4K,B00ATWSQQ4,5.0,1384992000
A2GRDQJ4Z7053K,B00ATWSQR8,5.0,1383091200
A2IG937LQKWO7C,B00ATWSQR8,5.0,1380931200
A2CNGARED6OWWU,B00ATWSQR8,5.0,1387238400
A2HC9549CZAKNN,B00ATWSQR8,5.0,1385856000
ACJT8MUC0LRF0,B00ATWSQR8,5.0,1386028800
A2P739KOM4U5JB,B00ATWSQR8,5.0,1388188800
A29JUMRL1US6YP,B00ATWSQR8,4.0,1388448000
AKMEY1BSHSDG7,B00ATWSQR8,5.0,1384473600
A14DNCG5WHM86Z,B00ATWSQR8,5.0,1386806400
A1UQBFCERIP7VJ,B00ATWSQR8,5.0,1386460800
A2OOZZDSOHG4UY,B00ATWSQR8,5.0,1387152000
A3VS2RYRGDW4HS,B00ATWSQR8,4.0,1386028800
A2OG83SEU9HL6D,B00ATWSQR8,5.0,1383609600
AD34TCPEP7P84,B00ATWSQR8,5.0,1388448000
A30QAOLNZ4415R,B00ATWSQR8,3.0,1385251200
ABYLSNI0MGXZB,B00ATWSQR8,5.0,1384992000
A3MUSWDCTZINQZ,B00ATWSQR8,4.0,1387324800
A2I05FGBTCRRB8,B00ATWSRDG,5.0,1383955200
A2877AOHJFZI0E,B00ATWSRDG,5.0,1384128000
A3HUC8541SJ6UT,B00ATWSRDG,4.0,1385942400
AMB5L7WUBUVDM,B00ATWSRDG,4.0,1383696000
AUEW0SKOB1XYF,B00ATWSRDG,5.0,1384905600
APPJNVNF4BFLB,B00ATWSRDG,4.0,1383436800
A10Z8FC0SMU5VQ,B00ATWSRDG,5.0,1383264000
AOI2MD752ZWFU,B00ATWSRDG,5.0,1383782400
A3OIQ3T0OIKY66,B00ATWSRDG,4.0,1381968000
A35Q0RBM3YNQNF,B00ATWSRDG,5.0,1384905600
A25TNBMJ4ZO7RD,B00ATWSRDG,4.0,1381363200
A15CL28ALB7MTZ,B00ATWSRDG,5.0,1386720000
A1MBFUV5DZNEZQ,B00ATWSRDG,5.0,1383868800
A3V55DVYU80LDS,B00ATWSRDG,5.0,1384992000
A19JDXB5R33C7R,B00ATWSRDG,5.0,1383264000
A2CNGARED6OWWU,B00ATWSRG8,5.0,1387411200
A21VGNU5959O85,B00ATWSRG8,5.0,1388448000
A2RX62V4E2BF5Z,B00ATWSRG8,5.0,1386806400
ACJT8MUC0LRF0,B00ATWSRG8,5.0,1385769600
A4EBYIKOMYFF9,B00ATWSRG8,3.0,1387843200
A2KIVODZRTGY4U,B00ATWSRG8,5.0,1384473600
A2P739KOM4U5JB,B00ATWSRG8,4.0,1388188800
A1WKEAS58297E5,B00ATWSRG8,5.0,1385510400
A2PM5Z249OVPEN,B00ATWSRG8,5.0,1384387200
A1GUX6R8DV3ZLY,B00ATWSRG8,5.0,1381881600
A1UQBFCERIP7VJ,B00ATWSRG8,5.0,1387584000
A231LBC8EGPO5L,B00ATWSRG8,5.0,1382832000
A3C1QYGEET3BVY,B00ATWSRG8,5.0,1385510400
A14RYRR7ETV3UY,B00ATWSRG8,5.0,1384646400
ALQ4USPEQ9L5N,B00ATWSRG8,5.0,1388361600
ABYLSNI0MGXZB,B00ATWSRG8,5.0,1383177600
A3FQZH8PJB535A,B00ATWSRG8,5.0,1387324800
A2WW57XX2UVLM6,B00ATWSRG8,5.0,1387411200
A3LMPD1ZQTWOC4,B00ATWUBIU,1.0,1382832000
AQB4DH57MSZSC,B00ATWUBIU,2.0,1386201600
A1DO6DKWF3CMBD,B00ATWUBIU,5.0,1384128000
AG2YXYIQ8TLTA,B00ATWUBIU,5.0,1383696000
A1S7YQQGJPPFLG,B00ATWUBIU,5.0,1387324800
AOXMWBNDZDJ9L,B00ATWUBIU,4.0,1388534400
A1UYMXFON06KQ6,B00ATWUBIU,4.0,1387238400
A1FDVT0DLJWV78,B00ATWUBIU,5.0,1387238400
A13KNCFLH0IH2G,B00ATWUBIU,5.0,1382659200
A2QCE7L6GRE3MT,B00ATWUBIU,4.0,1386201600
A375NF45A1MDWI,B00ATWUBIU,4.0,1384128000
A30UIZJMFL9PLT,B00ATWUBIU,5.0,1386115200
A3QCC7PV6EG4YC,B00ATWUBIU,4.0,1383609600
A22B13EJTZKCTM,B00ATWUBIU,3.0,1385856000
A1BAJ6JXU8PSZH,B00ATWUBIU,3.0,1382572800
A4BNJSZVARL5W,B00ATWUBIU,5.0,1384646400
A1UQUDT2Q0YENM,B00ATWUBIU,4.0,1386633600
A2T04VAIXSKJH2,B00ATWUBIU,4.0,1387324800
A188JOXWF4EY1R,B00ATWUBJ4,4.0,1386806400
ADY836HK6QSYR,B00ATWUBJ4,3.0,1385942400
ALUV2YKWZENKK,B00ATWUBJ4,2.0,1383264000
AG2YXYIQ8TLTA,B00ATWUBJ4,4.0,1386201600
A36BQWQPYU6FRM,B00ATWUBJ4,4.0,1384214400
A1S7YQQGJPPFLG,B00ATWUBJ4,5.0,1387324800
A1FDVT0DLJWV78,B00ATWUBJ4,5.0,1387238400
A27X7XXOKMK879,B00ATWUBJ4,4.0,1385856000
A18OUQEK7IZ2F2,B00ATWUBJ4,3.0,1381968000
ABQWMANK4AR63,B00ATWUBJ4,4.0,1383955200
A3QCC7PV6EG4YC,B00ATWUBJ4,3.0,1383609600
A10ASLX7DTTB6Z,B00ATWUBJ4,4.0,1387324800
A28FJ93TJSSQS4,B00ATWUBJ4,5.0,1386028800
AIXDV2Z2NEYP6,B00ATWUBJ4,4.0,1389830400
A2T04VAIXSKJH2,B00ATWUBJ4,4.0,1387324800
A2HHAV29CZ1OIE,B00ATWUBJ4,3.0,1385078400
A3U52V5ZAHZZKU,B00ATWUBJ4,5.0,1383264000
AQIBFWWA8UWKF,B00ATWUDGU,5.0,1387152000
A1DRKVXO300RUE,B00ATWUDGU,5.0,1388361600
A2D7B5I7ZQ51XL,B00ATWUDGU,4.0,1386633600
A1486KL0IOM7VM,B00ATWUDGU,4.0,1387324800
A25CZCHLNH3OMO,B00ATWUDGU,4.0,1384214400
A37USOKUTI724H,B00ATWUDGU,5.0,1383091200
A2BN9DIBP9A0XG,B00ATWUDGU,5.0,1386460800
A14DNCG5WHM86Z,B00ATWUDGU,5.0,1381622400
A26EQ8U96JA92T,B00ATWUDGU,4.0,1380931200
A3T7XVG3AXJF61,B00ATWUDGU,5.0,1383523200
A1UQUDT2Q0YENM,B00ATWUDGU,5.0,1386115200
A3Z9QN0RCOHEY,B00ATWUDGU,5.0,1383264000
A2C264HY1HHZVX,B00ATWUDGU,4.0,1388620800
A27BKXQAR305QL,B00ATWUDGU,4.0,1387238400
AB0TLNLNOAGY4,B00ATWUDGU,3.0,1386806400
A3NEAETOSXDBOM,B00ATWUDGU,5.0,1383091200
A2CNGARED6OWWU,B00ATWUE1O,5.0,1384387200
AIP0VIGQWIW90,B00ATWUE1O,5.0,1385942400
A18YMFFJW974QS,B00ATWUE1O,5.0,1382140800
A279A4Y2N1CQ26,B00ATWUE1O,5.0,1386028800
A2E4R7YISIM4QM,B00ATWUE1O,4.0,1386201600
A194K60CWZ371J,B00ATWUE1O,5.0,1375401600
A2065HBMYDXJ1S,B00ATWUE1O,4.0,1383868800
A1KLPS6P7UR631,B00ATWUE1O,5.0,1383004800
A5H8NA5CJ0FK4,B00ATWUE1O,4.0,1386201600
A3FMPT5IH0CJ50,B00ATWUE1O,5.0,1383264000
A3OIQ3T0OIKY66,B00ATWUE1O,5.0,1383609600
A28FJ93TJSSQS4,B00ATWUE1O,5.0,1386028800
AORGKBNQZ83O8,B00ATWUE1O,5.0,1387411200
A35NOFKHK8P2LU,B00ATWUE1O,4.0,1383264000
A3QEIVO8AB3YMU,B00ATWUE1O,3.0,1384819200
A1ODOGXEYECQQ8,B00ATWUE1O,5.0,1383091200
ARPB88E6F2MFR,B00ATWUE1O,4.0,1382486400
APPCJX62WKIIP,B00ATWUE1O,4.0,1383523200
A6X1O3A5C5FX1,B00ATWUE1O,5.0,1387238400
A1KXJCXS6HFRQZ,B00ATWUE1O,3.0,1389830400
A3D5B2CBFNJB0K,B00ATWUE1O,4.0,1384819200
A33B3XCIXB4ZVG,B00ATWUE2S,4.0,1383523200
AYWHCM0TJ4737,B00ATWUE2S,5.0,1383177600
A188JOXWF4EY1R,B00ATWUE2S,4.0,1385424000
A2QX49LS3Y3ANI,B00ATWUE2S,3.0,1384128000
A15D2X8MICR2VQ,B00ATWUE2S,4.0,1386633600
A3GS7OZXUEW48R,B00ATWUE2S,5.0,1384646400
A4EUL79IT6AUP,B00ATWUE2S,4.0,1385769600
A2ZJPDH0YP90SD,B00ATWUE2S,5.0,1382745600
A18OUQEK7IZ2F2,B00ATWUE2S,4.0,1383436800
A30UIZJMFL9PLT,B00ATWUE2S,5.0,1386115200
A3QCC7PV6EG4YC,B00ATWUE2S,4.0,1386374400
A37R3P5JFNQG8S,B00ATWUE2S,4.0,1384387200
AA8F2HV4DPV2T,B00ATWUE2S,4.0,1386633600
A1EVV74UQYVKRY,B00ATWUE2S,4.0,1384387200
A1BAJ6JXU8PSZH,B00ATWUE2S,4.0,1387238400
ATECU14VUIOJ0,B00ATWUE2S,5.0,1383004800
A3TMBYDFP1B9DM,B00ATWUE2S,5.0,1380153600
APPCJX62WKIIP,B00ATWUE2S,4.0,1383523200
A3V55DVYU80LDS,B00ATWUE2S,5.0,1383609600
A1UKA7HUAQAMY,B00AW6XYLE,4.0,1377129600
A2ZPZM9RE08JXF,B00AW6XYLE,4.0,1377043200
AW5JSQCHC2ZJO,B00AW6XYLE,4.0,1375660800
AIP0VIGQWIW90,B00AW6XYLE,5.0,1375315200
A3U5CZ3PV82JXD,B00AW6XYLE,4.0,1376438400
AR33KU52LIBF1,B00AW6XYLE,4.0,1376524800
A2974R9BTPZPOJ,B00AW6XYLE,4.0,1379030400
A2LW5AL0KQ9P1M,B00AW6XYLE,3.0,1375574400
A2WB4OWBUH2VQX,B00AW6XYLE,4.0,1377475200
A2XA8CW5DF4MNZ,B00AW6XYLE,5.0,1376092800
AGJRUK27RBVYS,B00AW6XYLE,5.0,1376352000
A1KGWUYXUBEMB2,B00AW6XYLE,4.0,1376438400
A1SB9BNNGKNX2Z,B00AW6XYLE,5.0,1376956800
A2X7NBUETXC19E,B00AW6XYLE,4.0,1376956800
A29534U2P9CLNR,B00AW6XYLE,4.0,1376006400
A1FJFLAAQD5WH2,B00AW6XYLE,5.0,1375056000
AVJJ2D4G5I0Z4,B00AW6XYLE,5.0,1375833600
AM8J1UVGVYAL4,B00AW6XYLE,4.0,1379289600
A3R5GTYQ50QVMD,B00AW6XYLE,5.0,1375142400
A16QODENBJVUI1,B00AW6XYLE,5.0,1379462400
A344N0X5LIV43M,B00AW6XYLE,3.0,1375660800
A3IMK08UX0I46A,B00AW6XYLE,4.0,1377993600
A3MUSWDCTZINQZ,B00AW6XYLE,4.0,1378080000
A2K75QOCP9ZHSL,B00AWNUHA8,3.0,1392854400
A1P27BGF8NAI29,B00AWNUHA8,3.0,1389312000
A3CIHP9FFPE9I3,B00AWNUHA8,4.0,1391212800
A2LAS014NSRW72,B00AWNUHA8,2.0,1389312000
AFTFND8CPQ34M,B00AWNUHA8,4.0,1395187200
A2HC9549CZAKNN,B00AWNUHA8,4.0,1391817600
A2K89R0B20LYHB,B00AWNUHA8,4.0,1392854400
A3NHUQ33CFH3VM,B00AWNUHA8,2.0,1388966400
A18YMFFJW974QS,B00AWNUHA8,3.0,1392508800
A2I3TKKHF6INI6,B00AWNUHA8,3.0,1391558400
ALNFHVS3SC4FV,B00AWNUHA8,4.0,1382918400
AMRZ5G7HF7I03,B00AWNUHA8,4.0,1391731200
A2ME89MSWVG9NF,B00AWNUHA8,4.0,1387670400
A2MVPY9XVYST9H,B00AWNUHA8,3.0,1389398400
A2503LT8PZIHAD,B00AWNUHA8,3.0,1391472000
A26OPNLJ0JYHPH,B00AWNUHA8,3.0,1390780800
A1KGWUYXUBEMB2,B00AWNUHA8,2.0,1390780800
A361U4SXK7FCQE,B00AWNUHA8,4.0,1392768000
AOI2MD752ZWFU,B00AWNUHA8,3.0,1390262400
A3U029B8Z5WGI2,B00AWNUHA8,3.0,1391731200
A8INT3NMHRUS4,B00AWNUHA8,4.0,1390867200
A2WVF9ZQ068DN0,B00AWNUHA8,2.0,1390867200
A3LLP0VSTSABK2,B00AWNUHA8,4.0,1389571200
AHRNDSKWH1YBT,B00AWNUHA8,4.0,1392854400
AVJJ2D4G5I0Z4,B00AWNUHA8,4.0,1388880000
A1NIGUK4M2ST8,B00AWNUHA8,4.0,1389571200
A2NXAV1SNXWA9H,B00AWNUHA8,2.0,1389744000
A3V55DVYU80LDS,B00AWNUHA8,4.0,1389830400
A2H667ZUNLNTF1,B00AWNUHA8,4.0,1392768000
A2TXMYYGSZCSZ1,B00AWNUHB2,5.0,1373760000
A2RVCF21L2NPU5,B00AWNUHB2,5.0,1383955200
A2I3TKKHF6INI6,B00AWNUHB2,4.0,1374019200
AK8LOFYRZJJW0,B00AWNUHB2,4.0,1375574400
A2QX49LS3Y3ANI,B00AWNUHB2,3.0,1374192000
A2LW5AL0KQ9P1M,B00AWNUHB2,3.0,1372896000
A2BN9DIBP9A0XG,B00AWNUHB2,5.0,1373328000
A3FOSLM5G1BO63,B00AWNUHB2,3.0,1381795200
A2UBSGFCP2QFNV,B00AWNUHB2,5.0,1374019200
AKCZIJ6ZHE41D,B00AWNUHB2,3.0,1375056000
A8KM4YOB8FGGH,B00AWNUHB2,4.0,1376352000
A3T7XVG3AXJF61,B00AWNUHB2,5.0,1374624000
ASHO96ZB8AL1Z,B00AWNUHB2,5.0,1374105600
ABLV9L4MQO7ER,B00AWNUHB2,5.0,1376438400
AQ1F3NP2G15S5,B00AWNUHB2,2.0,1375142400
A1RDHBBZE1NPS3,B00AWNUHB2,5.0,1390435200
A3LKLGZZ8OWR51,B00AWNUHB2,5.0,1374105600
AIVZMEFEAGF3,B00AWNUHB2,4.0,1374451200
A2PD27UKAD3Q00,B00AWNUHB2,5.0,1372723200
A19JDXB5R33C7R,B00AWNUHB2,4.0,1374364800
A16PUD6V3KAZ0Q,B00AYDLM6Y,1.0,1384905600
A2AYJJAFNSGSU1,B00AYDLM6Y,4.0,1382400000
A1UHKF1UQ3EGW4,B00AYDLM6Y,3.0,1386892800
A16EIVIBBXFAQ0,B00AYDLM6Y,3.0,1389744000
A7OTTM22AV2VR,B00AYDLM6Y,5.0,1387411200
A2QCE7L6GRE3MT,B00AYDLM6Y,3.0,1385510400
A5JLAU2ARJ0BO,B00AYDLM6Y,2.0,1388361600
A2KIVODZRTGY4U,B00AYDLM6Y,3.0,1388102400
A3GS7OZXUEW48R,B00AYDLM6Y,4.0,1385856000
A3DZFEICHK5LF2,B00AYDLM6Y,5.0,1385769600
A2GSY9DM54Y0HS,B00AYDLM6Y,4.0,1389744000
A3ORV1QBL4K9U1,B00AYDLM6Y,3.0,1386806400
A3TMBYDFP1B9DM,B00AYDLM6Y,5.0,1382572800
A24ZMNWTW8AQUR,B00AYDLM6Y,3.0,1386633600
AZKGCE3LNX7WB,B00AYDLM6Y,5.0,1389830400
A156P4FPL8OGXB,B00AYDLM6Y,5.0,1382400000
A20L63B48RPSOH,B00AYDLM6Y,4.0,1387411200
A3TPNC3TKGCCEI,B00B1D7ANK,4.0,1379289600
AUEW0SKOB1XYF,B00B1D7ANK,5.0,1379980800
A14Z0Q1DU6CBJJ,B00B1D7ANK,4.0,1377648000
A31YSTICHFYN7O,B00B1D7ANK,4.0,1378252800
A1KGWUYXUBEMB2,B00B1D7ANK,4.0,1380499200
A32B6XWNR55SRL,B00B1D7ANK,5.0,1377734400
A1SB9BNNGKNX2Z,B00B1D7ANK,5.0,1376870400
A3EZHMGGWY74HY,B00B1D7ANK,5.0,1380499200
A3BVDW4DOLJAN0,B00B1D7ANK,5.0,1377820800
ABYLSNI0MGXZB,B00B1D7ANK,5.0,1379635200
A13Z96HR8EEF24,B00B1D7ANK,4.0,1377561600
A1VLVWTLV3LVHR,B00B1D7ANK,5.0,1378166400
A15JB2HEZ6RKGW,B00B1D7ANK,4.0,1377993600
A1XWX7QTBR3UPV,B00B1D7ANK,5.0,1378166400
A2ZPZM9RE08JXF,B00B1D7CRE,4.0,1382486400
A2AYYKD4OODSLY,B00B1D7CRE,4.0,1381968000
AYUF7YETYOLNX,B00B1D7CRE,5.0,1385424000
AUEW0SKOB1XYF,B00B1D7CRE,5.0,1384905600
A2C1Y5F8DE9H6P,B00B1D7CRE,5.0,1388016000
A31YSTICHFYN7O,B00B1D7CRE,4.0,1381968000
A1SB9BNNGKNX2Z,B00B1D7CRE,5.0,1381622400
AAA0TUKS5VBSA,B00B1D7CRE,5.0,1382313600
AAU0G40ZN5RIL,B00B1D7CRE,5.0,1380585600
A3LKLGZZ8OWR51,B00B1D7CRE,5.0,1380844800
A2GOHBNQ58WOKC,B00B1D7CRE,5.0,1383436800
A3R01WHD75L6FG,B00B1D7CRE,5.0,1380240000
A1WP940JZL83T7,B00B1Z6AQ6,4.0,1383091200
A2RIAXGSBP65BJ,B00B1Z6AQ6,3.0,1383955200
A1DRKVXO300RUE,B00B1Z6AQ6,4.0,1388361600
AFTFND8CPQ34M,B00B1Z6AQ6,4.0,1385424000
AZA55FJD7CCZN,B00B1Z6AQ6,3.0,1386720000
A2IG937LQKWO7C,B00B1Z6AQ6,4.0,1385769600
A1GBT4UN2RW7XY,B00B1Z6AQ6,3.0,1383091200
A15Q9YEG1XPEJN,B00B1Z6AQ6,5.0,1380499200
A336FE20YZZL3A,B00B1Z6AQ6,5.0,1386633600
A3M6KV5PDU46YI,B00B1Z6AQ6,4.0,1383091200
AGFGY4EJ37VS2,B00B1Z6AQ6,3.0,1383955200
A1F5O1USOUOOXI,B00B1Z6AQ6,4.0,1386460800
A3QCC7PV6EG4YC,B00B1Z6AQ6,3.0,1386374400
A3U029B8Z5WGI2,B00B1Z6AQ6,3.0,1382918400
ABSYIF0ONC2AF,B00B1Z6AQ6,3.0,1383782400
A3K4AJLVHAH4OZ,B00B1Z6AQ6,5.0,1383696000
A4BNJSZVARL5W,B00B1Z6AQ6,5.0,1387065600
A15JB2HEZ6RKGW,B00B1Z6AQ6,3.0,1383091200
AQB4DH57MSZSC,B00B1Z6DRM,3.0,1386201600
A1BMG34CO5CMZ5,B00B1Z6DRM,3.0,1387324800
A1H88L8X6HM1BQ,B00B1Z6DRM,3.0,1382745600
ABSFFH7ECSE49,B00B1Z6DRM,4.0,1386288000
A1UFLVSJ3IRETQ,B00B1Z6DRM,4.0,1387411200
A1GWDRBUMQOCRK,B00B1Z6DRM,5.0,1379894400
A2HELIKP5RV27F,B00B1Z6DRM,4.0,1386633600
A2GSY9DM54Y0HS,B00B1Z6DRM,5.0,1381104000
ALDV8DDZWWPYE,B00B1Z6DRM,4.0,1384732800
A344N0X5LIV43M,B00B1Z6DRM,3.0,1383782400
APDPA11IZPYLN,B00B1Z6DRM,3.0,1386806400
ATMQEI1LKR6VB,B00B1Z6DRM,5.0,1382140800
AD34TCPEP7P84,B00B1Z6DRM,5.0,1386115200
A2H667ZUNLNTF1,B00B1Z6DRM,5.0,1386633600
A20L63B48RPSOH,B00B1Z6DRM,4.0,1387411200
A1DRKVXO300RUE,B00B1Z6EI0,4.0,1388361600
A3LWC833HQIG7J,B00B1Z6EI0,4.0,1384646400
A3U4GW06XNSI2Q,B00B1Z6EI0,5.0,1382745600
AIP0VIGQWIW90,B00B1Z6EI0,4.0,1385942400
ABSFFH7ECSE49,B00B1Z6EI0,5.0,1386288000
A1FDV3WPOHREY9,B00B1Z6EI0,5.0,1380672000
A3VGAP2KLCBNBB,B00B1Z6EI0,4.0,1386115200
A1BKJNAWJT2TG2,B00B1Z6EI0,4.0,1384992000
A3CLWZGMC7M9Z1,B00B1Z6EI0,5.0,1384905600
A27X7XXOKMK879,B00B1Z6EI0,4.0,1383264000
A1WKEAS58297E5,B00B1Z6EI0,4.0,1383782400
A3T7XVG3AXJF61,B00B1Z6EI0,3.0,1385424000
A2GSY9DM54Y0HS,B00B1Z6EI0,5.0,1381276800
A1KI3173CO6TK2,B00B1Z6EI0,3.0,1387324800
A45S6D1P309G9,B00B1Z6EI0,4.0,1385337600
A2IJ54FX1L83WK,B00B1Z6EI0,4.0,1383350400
A3VS2RYRGDW4HS,B00B1Z6EI0,3.0,1386028800
AIVZMEFEAGF3,B00B1Z6EI0,3.0,1387411200
AD0WUBKBO21KK,B00B1Z6EPS,4.0,1381968000
A18YMFFJW974QS,B00B1Z6EPS,4.0,1382140800
A279A4Y2N1CQ26,B00B1Z6EPS,4.0,1384041600
A3MEMX0XF00TBD,B00B1Z6EPS,5.0,1383350400
A2W4014S06NAIT,B00B1Z6EPS,2.0,1380672000
A1GBT4UN2RW7XY,B00B1Z6EPS,4.0,1383177600
A15Q9YEG1XPEJN,B00B1Z6EPS,4.0,1380499200
A1V3PCKVCJ3TTZ,B00B1Z6EPS,4.0,1383264000
A9NFFAZF3LIB2,B00B1Z6EPS,5.0,1380758400
A1SB9BNNGKNX2Z,B00B1Z6EPS,5.0,1385078400
A31AVXMESQRQAC,B00B1Z6EPS,5.0,1382832000
AI2XINIZFPBI8,B00B1Z6EPS,5.0,1380844800
A3C2JQC6R2K52C,B00B1Z6EPS,5.0,1380758400
AOEUN9718KVRD,B00B1Z6EPS,4.0,1383350400
AYNTULRNAIPNY,B00B1Z6EPS,1.0,1387324800
A2WFZWRYWLC20S,B00B1Z6EPS,4.0,1384041600
A2YQ2ZI65F37N8,B00B1Z6EPS,5.0,1384646400
A12O5SEIF162P8,B00B1Z6EPS,5.0,1380412800
ABC68JUCPTVOE,B00B1Z6EXU,5.0,1381968000
A1NKKF4W2LHF6M,B00B1Z6EXU,3.0,1384992000
A2CRIQOX1SYA3I,B00B1Z6EXU,5.0,1383523200
A2QX49LS3Y3ANI,B00B1Z6EXU,3.0,1383523200
A3E0CV9614GQJV,B00B1Z6EXU,5.0,1381881600
AHNHLGKIZ2N3B,B00B1Z6EXU,4.0,1384992000
A3GS7OZXUEW48R,B00B1Z6EXU,4.0,1382227200
A8KM4YOB8FGGH,B00B1Z6EXU,5.0,1384992000
A1R2JUOGIYH6HO,B00B1Z6EXU,4.0,1383177600
A381MT950I6KRL,B00B1Z6EXU,3.0,1382572800
A18GJ9MYYO6GCQ,B00B1Z6EXU,5.0,1380499200
A1NIGUK4M2ST8,B00B1Z6EXU,5.0,1382313600
A3EZHMGGWY74HY,B00B1Z6EXU,4.0,1382659200
A3TPNC3TKGCCEI,B00B1Z6EXU,5.0,1382400000
A9XX8OHS2ZQ2X,B00B1Z6EXU,5.0,1381622400
A2MG95DI29NJTJ,B00B1Z6EXU,3.0,1384992000
A81XIM8XFKWX5,B00B1Z6EXU,5.0,1381363200
A3IKLTT9JQACCI,B00B1Z6F52,5.0,1377907200
ADJ0G262H54GP,B00B1Z6F52,5.0,1379289600
A3F43PAJZLOE3I,B00B1Z6F52,4.0,1379635200
A2LO1YE4Q0N4F,B00B1Z6F52,4.0,1380067200
A2H1W8V6R9TJ9E,B00B1Z6F52,2.0,1382054400
A381MT950I6KRL,B00B1Z6F52,4.0,1379548800
ALLHJD3KZF9KC,B00B1Z6F52,5.0,1380153600
A1ZVFCPHCWFV71,B00B1Z6F52,1.0,1379462400
AT28RL25Q2OLK,B00B1Z6F52,5.0,1377993600
A231LBC8EGPO5L,B00B1Z6F52,4.0,1377734400
AYNTULRNAIPNY,B00B1Z6F52,4.0,1379548800
A1KMG1AIUS00DC,B00B1Z6F52,4.0,1377388800
AIPVKMLXTO6H9,B00B1Z6F52,5.0,1379203200
A2YEOR4XJ8N3QE,B00B1Z6F52,4.0,1377129600
A1POFVVXUZR3IQ,B00B1Z6F52,5.0,1377648000
ADLVFFE4VBT8,B00B1Z6FCU,5.0,1384905600
A3NOBH42C7UI5M,B00B1Z6FCU,4.0,1384473600
A21VGNU5959O85,B00B1Z6FCU,5.0,1385424000
A279A4Y2N1CQ26,B00B1Z6FCU,4.0,1385856000
A2CRIQOX1SYA3I,B00B1Z6FCU,4.0,1386374400
A1FDVT0DLJWV78,B00B1Z6FCU,4.0,1387238400
A3HETHW2XD3DWH,B00B1Z6FCU,5.0,1383955200
AO1Z0TQWCRGL4,B00B1Z6FCU,4.0,1383177600
A3QCC7PV6EG4YC,B00B1Z6FCU,4.0,1383609600
AA8F2HV4DPV2T,B00B1Z6FCU,3.0,1386633600
AIW4CHZOM5W7D,B00B1Z6FCU,5.0,1382227200
A10ASLX7DTTB6Z,B00B1Z6FCU,4.0,1387324800
A1FJFLAAQD5WH2,B00B1Z6FCU,4.0,1384473600
A1NIGUK4M2ST8,B00B1Z6FCU,5.0,1384819200
A25TNBMJ4ZO7RD,B00B1Z6FCU,3.0,1385337600
ALGI34BYWIXZG,B00B1Z6FCU,4.0,1388448000
A1JOANG98KBFKU,B00B1Z6FCU,4.0,1386115200
A23KACXOE9O9TX,B00B1Z6FCU,3.0,1383609600
A2MG95DI29NJTJ,B00B1Z6FCU,3.0,1384992000
AS7SB0A3QKVQV,B00B1Z6FCU,5.0,1383350400
A8QYRG7TW491B,B00B1Z6FCU,4.0,1386115200
A384HAQMS7XRZ4,B00B1Z6FCU,5.0,1381190400
A39H1GO9E3YQIB,B00B1Z6FKW,3.0,1383436800
A1NKKF4W2LHF6M,B00B1Z6FKW,3.0,1382572800
A2TXMYYGSZCSZ1,B00B1Z6FKW,5.0,1383004800
A2U83VDVJMAB2U,B00B1Z6FKW,4.0,1383609600
ALQY22U9JTNCQ,B00B1Z6FKW,5.0,1384992000
A1I7QGUDP043DG,B00B1Z6FKW,5.0,1380844800
A1TR1R2QKWRSRA,B00B1Z6FKW,4.0,1387238400
AQ9JTZBF30IW0,B00B1Z6FKW,4.0,1387584000
A3GS7OZXUEW48R,B00B1Z6FKW,4.0,1384560000
A35HOUWHAYZZN6,B00B1Z6FKW,4.0,1381968000
A31AVXMESQRQAC,B00B1Z6FKW,5.0,1383264000
A3QBCX2QMKJ7AH,B00B1Z6FKW,5.0,1384732800
A1FATTRIXTSTEB,B00B1Z6FKW,3.0,1379980800
ALDAF4VVLFRHP,B00B1Z6FKW,5.0,1383868800
A23KACXOE9O9TX,B00B1Z6FKW,3.0,1383523200
ASY25YMTIC2A9,B00B1Z6FKW,4.0,1387152000
A81XIM8XFKWX5,B00B1Z6FKW,4.0,1383264000
A3SBZAOPPY40IT,B00B1Z6FKW,5.0,1380758400
A3NOBH42C7UI5M,B00B1Z6FW0,3.0,1383350400
A2TXMYYGSZCSZ1,B00B1Z6FW0,5.0,1386028800
A3O28YJBZG1Q0Q,B00B1Z6FW0,4.0,1387584000
A3U4GW06XNSI2Q,B00B1Z6FW0,3.0,1384646400
AAJIGWE242MSN,B00B1Z6FW0,4.0,1387324800
A1FDVT0DLJWV78,B00B1Z6FW0,4.0,1387238400
AQ9JTZBF30IW0,B00B1Z6FW0,2.0,1387584000
A15Q9YEG1XPEJN,B00B1Z6FW0,4.0,1384214400
A27X7XXOKMK879,B00B1Z6FW0,2.0,1383350400
A3M6KV5PDU46YI,B00B1Z6FW0,3.0,1383091200
A1GHZY5ZMRVN8Q,B00B1Z6FW0,5.0,1383696000
A3PPXVR5J6U2JD,B00B1Z6FW0,3.0,1387324800
A1Q7A78VSQ5GQ4,B00B1Z6FW0,5.0,1385164800
A2B3A8NQIHITO8,B00B1Z6FW0,3.0,1380844800
AB0TLNLNOAGY4,B00B1Z6FW0,2.0,1386806400
A33PVCHCQ2BTN0,B00B1Z6FW0,5.0,1384905600
A8QYRG7TW491B,B00B1Z6FW0,4.0,1386115200
A81XIM8XFKWX5,B00B1Z6FW0,4.0,1383264000
A3SBZAOPPY40IT,B00B1Z6FW0,5.0,1380758400
A1XWX7QTBR3UPV,B00B1Z6FW0,5.0,1383696000
AA98O5326L88T,B00B1Z6G1U,4.0,1385424000
A2RIAXGSBP65BJ,B00B1Z6G1U,3.0,1382140800
ADY836HK6QSYR,B00B1Z6G1U,4.0,1384819200
AQ9JTZBF30IW0,B00B1Z6G1U,3.0,1384992000
A36MP37DITBU6F,B00B1Z6G1U,4.0,1383436800
A1GBT4UN2RW7XY,B00B1Z6G1U,2.0,1380153600
A3MWP39R0W9TQX,B00B1Z6G1U,5.0,1384387200
A2ZJPDH0YP90SD,B00B1Z6G1U,1.0,1380326400
A1Y5ERIKQBEMSP,B00B1Z6G1U,3.0,1384992000
A3TWBW1B17R151,B00B1Z6G1U,1.0,1381795200
A1WBEIH7Z37LN9,B00B1Z6G1U,5.0,1381017600
A27BKXQAR305QL,B00B1Z6G1U,4.0,1381363200
A3V55DVYU80LDS,B00B1Z6G1U,4.0,1382572800
A81XIM8XFKWX5,B00B1Z6G1U,3.0,1383264000
A26R7LLAFTPC3U,B00B1Z6G1U,2.0,1384992000
A2DURJRPTPKUZS,B00B28GVLG,4.0,1383177600
AW5JSQCHC2ZJO,B00B28GVLG,5.0,1383523200
A71W7G4TCTH3T,B00B28GVLG,4.0,1383523200
AM2IR1V5EU55U,B00B28GVLG,5.0,1381536000
A3F0OFSE2M25U2,B00B28GVLG,5.0,1382918400
AIP0VIGQWIW90,B00B28GVLG,5.0,1385942400
AYDC7F9UF6EQX,B00B28GVLG,5.0,1383609600
A89ZZKNDFQH23,B00B28GVLG,4.0,1385510400
A1WKQ94M45D8MG,B00B28GVLG,5.0,1385424000
AKJHHD5VEH7VG,B00B28GVLG,5.0,1388448000
A1TS45JWJVOSSW,B00B28GVLG,5.0,1383177600
A5K3CK2PWYQ7O,B00B28GVLG,5.0,1384387200
A3VBXQKRM7A4JR,B00B28GVLG,4.0,1383696000
A1SD1C8XK3Z3V1,B00B28GVLG,5.0,1384819200
A17V2N0N8CXSA9,B00B28GVLG,5.0,1384992000
AGJRUK27RBVYS,B00B28GVLG,5.0,1383868800
A18OUQEK7IZ2F2,B00B28GVLG,4.0,1386201600
A3RTNA9THAU2OP,B00B28GVLG,5.0,1387324800
AVFJ327UXPXLF,B00B28GVLG,5.0,1382572800
A13BX9O5UDBILC,B00B28GVLG,4.0,1383350400
A3BAE79NXFDXGV,B00B28GVLG,4.0,1385683200
A18GJ9MYYO6GCQ,B00B28GVLG,5.0,1383004800
A31AVXMESQRQAC,B00B28GVLG,5.0,1381968000
A2LXC5ZHHP0WXP,B00B28GVLG,5.0,1385078400
A2GSY9DM54Y0HS,B00B28GVLG,5.0,1384992000
A3QDDEW6RXVEAY,B00B28GVLG,4.0,1386633600
A3RYSRBRTZB0JD,B00B28GVLG,5.0,1381363200
A398R165PXFOSS,B00B28GVLG,5.0,1385164800
AYO1146CBIV5C,B00B28GVLG,5.0,1384473600
A3Q9HY0LU7MN6E,B00B28GVLG,5.0,1383177600
ALDAF4VVLFRHP,B00B28GVLG,5.0,1383868800
A23KACXOE9O9TX,B00B28GVLG,4.0,1381795200
A2I4A4WGWII18Z,B00B28GVLG,4.0,1382400000
A19YOYY7FLQMA6,B00B28GVLG,4.0,1384732800
A3MUSWDCTZINQZ,B00B28GVLG,4.0,1382572800
A2ECTCPBTOGW4H,B00B28IQ50,5.0,1387324800
A1WP940JZL83T7,B00B28IQ50,5.0,1383004800
AFO678EAGH4Y9,B00B28IQ50,4.0,1383436800
A71W7G4TCTH3T,B00B28IQ50,4.0,1383004800
A3KPJ1MOGTZVGC,B00B28IQ50,5.0,1385510400
AOXMWBNDZDJ9L,B00B28IQ50,5.0,1382572800
A16EIVIBBXFAQ0,B00B28IQ50,5.0,1384041600
A7OTTM22AV2VR,B00B28IQ50,5.0,1387411200
A89ZZKNDFQH23,B00B28IQ50,5.0,1383350400
A194K60CWZ371J,B00B28IQ50,4.0,1383350400
A1UFLVSJ3IRETQ,B00B28IQ50,5.0,1387411200
A3VBXQKRM7A4JR,B00B28IQ50,4.0,1383436800
A3B9C6MZAFC1JX,B00B28IQ50,4.0,1385078400
AO1Z0TQWCRGL4,B00B28IQ50,5.0,1380672000
A1V3PCKVCJ3TTZ,B00B28IQ50,3.0,1383091200
A17V2N0N8CXSA9,B00B28IQ50,5.0,1384387200
A1KGWUYXUBEMB2,B00B28IQ50,5.0,1385942400
AVFJ327UXPXLF,B00B28IQ50,5.0,1382572800
A1NQK5MH9GTJ6S,B00B28IQ50,5.0,1381017600
A3BAE79NXFDXGV,B00B28IQ50,4.0,1385683200
A18GJ9MYYO6GCQ,B00B28IQ50,5.0,1383177600
A1ZGHA3IJV01BK,B00B28IQ50,5.0,1384128000
A1I2U8NT5J6P1N,B00B28IQ50,5.0,1383177600
AORGKBNQZ83O8,B00B28IQ50,4.0,1386720000
A1R6DKN9YQ2YU1,B00B28IQ50,5.0,1384992000
AHRNDSKWH1YBT,B00B28IQ50,5.0,1382400000
A35Q0RBM3YNQNF,B00B28IQ50,5.0,1384819200
AYO1146CBIV5C,B00B28IQ50,5.0,1384473600
ALDV8DDZWWPYE,B00B28IQ50,5.0,1383782400
A3QD7VWBD470D2,B00B28IQ50,5.0,1387238400
A3Q9HY0LU7MN6E,B00B28IQ50,5.0,1383523200
A23KDA686N6T4Y,B00B28IQ50,4.0,1385510400
ARPB88E6F2MFR,B00B28IQ50,5.0,1384214400
A21VQDGHP3T7Y,B00B28IQ50,5.0,1382745600
A1MBFUV5DZNEZQ,B00B28IQ50,5.0,1380585600
A2PNTEDGMOLMOY,B00B28IQ50,4.0,1383091200
A2Q8GFSEUSGJ51,B00B28IQ50,5.0,1383004800
A1M0OSCFOAMAZO,B00B28IQ50,4.0,1380672000
A19YOYY7FLQMA6,B00B28IQ50,5.0,1384732800
A3MUSWDCTZINQZ,B00B28IQ50,4.0,1381968000
A3D5B2CBFNJB0K,B00B28IQ50,4.0,1384819200
A2DURJRPTPKUZS,B00B2AY0Q2,3.0,1383264000
A33B3XCIXB4ZVG,B00B2AY0Q2,5.0,1383091200
A39Q9G7J70A056,B00B2AY0Q2,3.0,1384992000
AC4XV78EJG1QB,B00B2AY0Q2,4.0,1383264000
A1486KL0IOM7VM,B00B2AY0Q2,5.0,1387324800
A2RVCF21L2NPU5,B00B2AY0Q2,5.0,1361923200
A2TVH2OBNXYXHV,B00B2AY0Q2,4.0,1382918400
A397CWU6DM3O5G,B00B2AY0Q2,5.0,1383004800
AO1Z0TQWCRGL4,B00B2AY0Q2,5.0,1383177600
A1KGWUYXUBEMB2,B00B2AY0Q2,4.0,1385942400
A14DNCG5WHM86Z,B00B2AY0Q2,5.0,1382918400
A5H8NA5CJ0FK4,B00B2AY0Q2,5.0,1383004800
A2VJJ2POCLMED7,B00B2AY0Q2,3.0,1384646400
A3KEZLJ59C1JVH,B00B2AY0Q2,4.0,1383782400
ADFLBRY00Y70G,B00B2AY0Q2,5.0,1387411200
A231LBC8EGPO5L,B00B2AY0Q2,5.0,1382918400
A3NEAETOSXDBOM,B00B2AY0Q2,4.0,1383091200
A335GUD1YBS31U,B00B2AY0Q2,4.0,1384819200
A33230MIA3W7G4,B00B2AY0Q2,4.0,1383696000
A2V9DTXTQ5YIMK,B00B2AYLYS,4.0,1385078400
AQIBFWWA8UWKF,B00B2AYLYS,5.0,1387152000
AYWHCM0TJ4737,B00B2AYLYS,5.0,1382745600
AC4XV78EJG1QB,B00B2AYLYS,4.0,1383264000
A3V2EZ6MA32FF6,B00B2AYLYS,5.0,1386201600
A2UYWE97KME0M,B00B2AYLYS,5.0,1383955200
A1MZEMD0EDETS6,B00B2AYLYS,5.0,1384214400
A1FDV3WPOHREY9,B00B2AYLYS,5.0,1380153600
A1IBKN1GXYJ3K4,B00B2AYLYS,5.0,1386806400
A3VGAP2KLCBNBB,B00B2AYLYS,3.0,1383091200
A1M5ZT35YX6TIN,B00B2AYLYS,5.0,1385596800
A33X80DIINN48Y,B00B2AYLYS,4.0,1383091200
A14DNCG5WHM86Z,B00B2AYLYS,5.0,1384214400
A1DB5QPH7WO488,B00B2AYLYS,4.0,1387324800
AGVDI7RLT24WJ,B00B2AYLYS,4.0,1383609600
AQYYUN3T7B0WM,B00B2AYLYS,5.0,1384214400
A1QT3N5FUQ4I47,B00B2AYLYS,5.0,1386115200
A2KFWHHUFVKFXZ,B00B2AYLYS,4.0,1383350400
AVJJ2D4G5I0Z4,B00B2AYLYS,4.0,1384992000
A3UYBRB74RJFXB,B00B2AYLYS,5.0,1383696000
ADFLBRY00Y70G,B00B2AYLYS,5.0,1387411200
A3LN4AOPBIUQWR,B00B2AYLYS,5.0,1383091200
A2YV6F6DLENNTM,B00B2AYLYS,5.0,1383177600
AB0TLNLNOAGY4,B00B2AYLYS,4.0,1386806400
A14RYRR7ETV3UY,B00B2AYLYS,3.0,1385337600
A58F10T4OE58C,B00B2AYLYS,5.0,1386201600
A3NEAETOSXDBOM,B00B2AYLYS,2.0,1383004800
A3FQZH8PJB535A,B00B2AYLYS,5.0,1387324800
A13WEKTB63G78Y,B00B2AYLYS,5.0,1384905600
AY6A8KPYCE6B0,B00B2AYLYS,4.0,1383350400
A5X1B2HBQUR3P,B00B2AYLYS,4.0,1384992000
AYWHCM0TJ4737,B00B2B0I62,5.0,1382572800
A2GRDQJ4Z7053K,B00B2B0I62,5.0,1380585600
A39Q9G7J70A056,B00B2B0I62,5.0,1384992000
A25CZCHLNH3OMO,B00B2B0I62,4.0,1382054400
A13KNCFLH0IH2G,B00B2B0I62,5.0,1382659200
A194K60CWZ371J,B00B2B0I62,5.0,1374019200
A3FOSLM5G1BO63,B00B2B0I62,5.0,1384992000
A26EQ8U96JA92T,B00B2B0I62,5.0,1380931200
A1EMN4T3ROJDOO,B00B2B0I62,5.0,1380585600
A4VMQ6ZTSXSSL,B00B2B0I62,5.0,1384992000
AMYTL79JMGQ6D,B00B2B0I62,5.0,1380499200
A1UQUDT2Q0YENM,B00B2B0I62,5.0,1383436800
A1NC9AGZOBI0M1,B00B2B0I62,4.0,1380844800
A2I4A4WGWII18Z,B00B2B0I62,5.0,1382400000
A3IMK08UX0I46A,B00B2B0I62,4.0,1384387200
A39Q9G7J70A056,B00B2FNH8O,5.0,1385424000
AFTFND8CPQ34M,B00B2FNH8O,4.0,1387324800
A3U4GW06XNSI2Q,B00B2FNH8O,3.0,1383350400
A1MZEMD0EDETS6,B00B2FNH8O,5.0,1387238400
A2A33KJUP7T2FK,B00B2FNH8O,5.0,1387324800
A2Y5T1O43P14RP,B00B2FNH8O,4.0,1387411200
A3VGAP2KLCBNBB,B00B2FNH8O,5.0,1386633600
A1KLPS6P7UR631,B00B2FNH8O,4.0,1384819200
A35LT14WG5BX0T,B00B2FNH8O,5.0,1386806400
A1KI3173CO6TK2,B00B2FNH8O,3.0,1387324800
AY3EENC2BGTGK,B00B2FNH8O,5.0,1384128000
A3PPXVR5J6U2JD,B00B2FNH8O,4.0,1387324800
A2V98TS4QDDCG9,B00B2FNH8O,4.0,1385510400
AX7317G153T8W,B00B2FNH8O,4.0,1384905600
AD34TCPEP7P84,B00B2FNH8O,4.0,1388448000
A25RTRAPQAJBDJ,B00B2FNH8O,5.0,1387411200
A20L63B48RPSOH,B00B2FNH8O,3.0,1387411200
A2ECTCPBTOGW4H,B00B2HH10M,4.0,1376438400
AQIBFWWA8UWKF,B00B2HH10M,4.0,1375660800
A1T8N18XKDLJO4,B00B2HH10M,4.0,1374019200
A3IKLTT9JQACCI,B00B2HH10M,5.0,1372464000
AZA55FJD7CCZN,B00B2HH10M,3.0,1374537600
AMB5L7WUBUVDM,B00B2HH10M,4.0,1372723200
A3E0CV9614GQJV,B00B2HH10M,3.0,1373155200
A375NF45A1MDWI,B00B2HH10M,4.0,1372809600
A1GBT4UN2RW7XY,B00B2HH10M,3.0,1376438400
ALEUQQE118NEW,B00B2HH10M,4.0,1372464000
AVFJ327UXPXLF,B00B2HH10M,4.0,1373673600
A2O9HU1K7TCF7B,B00B2HH10M,2.0,1373760000
A31AVXMESQRQAC,B00B2HH10M,3.0,1373241600
A5H8NA5CJ0FK4,B00B2HH10M,4.0,1374710400
A32658HY8IU6UV,B00B2HH10M,4.0,1374019200
AOEUN9718KVRD,B00B2HH10M,4.0,1374537600
A11LNY2OLQSUSV,B00B2HH10M,4.0,1376352000
A3PPXVR5J6U2JD,B00B2HH10M,3.0,1372723200
A8IF4ZBZRY86C,B00B2HH10M,5.0,1372982400
AGEKVD8JPZQMT,B00B2HH10M,4.0,1372550400
A3K8AU6BAGN60E,B00B2HH10M,4.0,1375660800
AZMISC9FAUBIR,B00B2HH10M,4.0,1372896000
A307YFSORUAXSQ,B00B2HH10M,3.0,1375660800
A2JVBJUU2DL0WA,B00B2HH10M,3.0,1375747200
ARPB88E6F2MFR,B00B2HH10M,5.0,1375228800
A3R5GTYQ50QVMD,B00B2HH10M,4.0,1372204800
A2OOZZDSOHG4UY,B00B2HH10M,2.0,1374019200
A11OBEH2ZCVAHX,B00B2HH10M,3.0,1374796800
AVHN134ADVP4R,B00B6BR55U,4.0,1379721600
A2TXMYYGSZCSZ1,B00B6BR55U,5.0,1379548800
ADY836HK6QSYR,B00B6BR55U,3.0,1381190400
AG2YXYIQ8TLTA,B00B6BR55U,4.0,1380153600
A15D2X8MICR2VQ,B00B6BR55U,4.0,1379808000
A2ZJPDH0YP90SD,B00B6BR55U,5.0,1377302400
A28FJ93TJSSQS4,B00B6BR55U,5.0,1380326400
A2KQT4D0OZR569,B00B6BR55U,4.0,1378771200
A1WBEIH7Z37LN9,B00B6BR55U,3.0,1381968000
ALDV8DDZWWPYE,B00B6BR55U,4.0,1377561600
AM8J1UVGVYAL4,B00B6BR55U,3.0,1381881600
A3FWVV13DJELLV,B00B6BR55U,4.0,1378252800
ARPB88E6F2MFR,B00B6BR55U,4.0,1377820800
AIVZMEFEAGF3,B00B6BR55U,3.0,1381881600
A1QR76SYGTXJN5,B00B99ET58,4.0,1386374400
A2ZO5SU0ESSB1N,B00B99ET58,5.0,1380844800
AC4XV78EJG1QB,B00B99ET58,3.0,1380499200
A1DO6DKWF3CMBD,B00B99ET58,5.0,1382400000
A2HC9549CZAKNN,B00B99ET58,5.0,1385856000
A36S5U0QOWMOSX,B00B99ET58,3.0,1387497600
A3R9X003XW0LNR,B00B99ET58,5.0,1383264000
A194K60CWZ371J,B00B99ET58,5.0,1362441600
A8WEXFRWX1ZHH,B00B99ET58,5.0,1383264000
A3QCC7PV6EG4YC,B00B99ET58,4.0,1386374400
A3C9YGB4H90PDE,B00B99ET58,3.0,1383696000
A1FWFCJU2G7TRA,B00B99ET58,5.0,1384646400
A2561PYW9TTMYD,B00B99ET58,4.0,1388016000
ATECU14VUIOJ0,B00B99ET58,4.0,1380499200
A15CL28ALB7MTZ,B00B99ET58,3.0,1384992000
A527VID8R4K67,B00B99ET58,2.0,1388361600
A58F10T4OE58C,B00B99ET58,5.0,1386201600
A2HHAV29CZ1OIE,B00B99ET58,4.0,1383523200
A384HAQMS7XRZ4,B00B99ET58,4.0,1385251200
A3FQZH8PJB535A,B00B9FV05Y,4.0,1375315200
A1FK6IQ111SJDR,B00B9FV05Y,4.0,1372291200
A1FDVT0DLJWV78,B00B9FV05Y,4.0,1376006400
A2KIVODZRTGY4U,B00B9FV05Y,4.0,1374710400
AKMEY1BSHSDG7,B00B9FV05Y,5.0,1372204800
A1FWFCJU2G7TRA,B00B9FV05Y,4.0,1372118400
A17SZZO9LM3WYC,B00B9FV05Y,4.0,1372291200
AIXDV2Z2NEYP6,B00B9FV05Y,3.0,1374105600
A2BZ16RKE13PKV,B00B9FV05Y,5.0,1376006400
ADYZOSTF9LZLD,B00B9FV05Y,4.0,1373932800
AD34TCPEP7P84,B00B9FV05Y,5.0,1376524800
A3NEAETOSXDBOM,B00B9FV05Y,4.0,1373673600
A2RIAXGSBP65BJ,B00BBLCYH4,3.0,1404000000
AQB4DH57MSZSC,B00BBLCYH4,3.0,1404000000
A3E8AHUAQEX0QH,B00BBLCYH4,3.0,1405987200
A2HC9549CZAKNN,B00BBLCYH4,4.0,1404259200
A2AYJJAFNSGSU1,B00BBLCYH4,5.0,1403827200
A2RVCF21L2NPU5,B00BBLCYH4,5.0,1405900800
A2QX49LS3Y3ANI,B00BBLCYH4,3.0,1404518400
A15D2X8MICR2VQ,B00BBLCYH4,5.0,1405555200
A2KIVODZRTGY4U,B00BBLCYH4,4.0,1405468800
A1XDMYX8QOW07N,B00BBLCYH4,4.0,1404518400
A3GMRYV7VAYK5Q,B00BBLCYH4,3.0,1403913600
A4EUL79IT6AUP,B00BBLCYH4,5.0,1404259200
A3AGWRMHKLFLWR,B00BBLCYH4,5.0,1403481600
A1DY0CRKZEY0FB,B00BBLCYH4,4.0,1405296000
AGVDI7RLT24WJ,B00BBLCYH4,4.0,1403740800
A1UUI7PFQ5FU4E,B00BBLCYH4,5.0,1405900800
A186697K4XKXQL,B00BBLCYH4,4.0,1404864000
A1XVF5DU3N05OM,B00BBLCYH4,4.0,1403740800
A27BKXQAR305QL,B00BBLCYH4,3.0,1404172800
ATMQEI1LKR6VB,B00BBLCYH4,5.0,1404000000
A2Q8GFSEUSGJ51,B00BBLCYH4,3.0,1404172800
A13Z96HR8EEF24,B00BBLCYH4,4.0,1404086400
A2SPV96SGOEO2,B00BBLCYH4,4.0,1405900800
A2NVQZ4Y7Y0J1R,B00BBLCYH4,3.0,1403568000
A3G5MOHY1U635N,B00BBLI5CC,4.0,1388707200
A16PUD6V3KAZ0Q,B00BBLI5CC,4.0,1389830400
A3E8AHUAQEX0QH,B00BBLI5CC,3.0,1386028800
A36BQWQPYU6FRM,B00BBLI5CC,5.0,1386028800
A2FS38D943KX12,B00BBLI5CC,5.0,1386201600
A17437N1L775IJ,B00BBLI5CC,4.0,1387238400
A14Z0Q1DU6CBJJ,B00BBLI5CC,4.0,1386547200
A1H88L8X6HM1BQ,B00BBLI5CC,4.0,1387065600
A2IMGHMF0LO151,B00BBLI5CC,4.0,1387756800
A28IIVKXOE1ATF,B00BBLI5CC,5.0,1386374400
A2UBSGFCP2QFNV,B00BBLI5CC,5.0,1388361600
A2TS040W2FW5O,B00BBLI5CC,5.0,1386028800
A27X7XXOKMK879,B00BBLI5CC,5.0,1385683200
A24RCBRDXRXR0Y,B00BBLI5CC,4.0,1388793600
A1KLPS6P7UR631,B00BBLI5CC,5.0,1388016000
A4SD8F79JBYG2,B00BBLI5CC,4.0,1389830400
AX7QMRXX81L9K,B00BBLI5CC,5.0,1386979200
A3C2JQC6R2K52C,B00BBLI5CC,4.0,1386288000
A1PI8VBCXXSGC7,B00BBLI5CC,4.0,1388707200
AT1RF4WNPGGLC,B00BBLI5CC,4.0,1387756800
A1NIGUK4M2ST8,B00BBLI5CC,4.0,1386460800
A136LRUR0RDH9J,B00BBLI5CC,4.0,1388361600
A1LG1DKUZXGJ6J,B00BBLI5CC,4.0,1388448000
A9XX8OHS2ZQ2X,B00BBLI5CC,5.0,1388707200
APDPA11IZPYLN,B00BBLI5CC,5.0,1388448000
A1GNYV0RA0EQSS,B00BBLI5CC,5.0,1388880000
A2Q8GFSEUSGJ51,B00BBLI5CC,5.0,1386115200
A2WW57XX2UVLM6,B00BBLI5CC,5.0,1387324800
AIPVKMLXTO6H9,B00BBLI5CC,5.0,1385683200
A3R01WHD75L6FG,B00BBLI5CC,4.0,1389744000
A3U52V5ZAHZZKU,B00BBLI5CC,5.0,1386460800
A3G5MOHY1U635N,B00BD9AIUE,2.0,1389312000
A3E8AHUAQEX0QH,B00BD9AIUE,5.0,1389830400
A3OXRFCJI67IMN,B00BD9AIUE,4.0,1388448000
ALUV2YKWZENKK,B00BD9AIUE,4.0,1390694400
A3JPFWKS83R49V,B00BD9AIUE,3.0,1392681600
AA460WUKL3BC6,B00BD9AIUE,3.0,1394841600
A2AYJJAFNSGSU1,B00BD9AIUE,5.0,1389312000
A1MZEMD0EDETS6,B00BD9AIUE,5.0,1392249600
A2IMGHMF0LO151,B00BD9AIUE,5.0,1391385600
A1FDVT0DLJWV78,B00BD9AIUE,4.0,1389830400
A9XMQ24ZKXYSN,B00BD9AIUE,5.0,1388880000
A3GMRYV7VAYK5Q,B00BD9AIUE,4.0,1390867200
A3MWP39R0W9TQX,B00BD9AIUE,5.0,1392854400
A3R7RE5O61M112,B00BD9AIUE,5.0,1392681600
A3PE884TA8529G,B00BD9AIUE,3.0,1392076800
A2PM5Z249OVPEN,B00BD9AIUE,5.0,1391558400
A1EVV74UQYVKRY,B00BD9AIUE,5.0,1389484800
A3TWBW1B17R151,B00BD9AIUE,2.0,1389139200
A2HELIKP5RV27F,B00BD9AIUE,3.0,1392595200
A2VH0UT5EQFB6P,B00BD9AIUE,5.0,1388102400
A3QBCX2QMKJ7AH,B00BD9AIUE,5.0,1392768000
A398R165PXFOSS,B00BD9AIUE,4.0,1395014400
ALDV8DDZWWPYE,B00BD9AIUE,4.0,1392336000
AAA0TUKS5VBSA,B00BD9AIUE,4.0,1390867200
A3TPNC3TKGCCEI,B00BD9AIUE,3.0,1391731200
AUS5X6IMFLJBD,B00BD9AIUE,3.0,1392854400
A14RYRR7ETV3UY,B00BD9AIUE,4.0,1392508800
AS7SB0A3QKVQV,B00BD9AIUE,2.0,1392595200
A11I1I9QLMAM1A,B00BD9AIUE,4.0,1391731200
A3BVDW4DOLJAN0,B00BD9AIUE,5.0,1389312000
A3R01WHD75L6FG,B00BD9AIUE,3.0,1392854400
A3SBZAOPPY40IT,B00BD9AIUE,5.0,1391299200
AA98O5326L88T,B00BD9BXBM,4.0,1385424000
A1W415JP5WEAJK,B00BD9BXBM,4.0,1382745600
A1F7YU6O5RU432,B00BD9BXBM,5.0,1384128000
A30H2335OM7RD6,B00BD9BXBM,5.0,1380499200
A16Z2OECAUX8Z4,B00BD9BXBM,5.0,1386460800
ALUV2YKWZENKK,B00BD9BXBM,4.0,1377129600
AYUF7YETYOLNX,B00BD9BXBM,5.0,1381881600
A2RX62V4E2BF5Z,B00BD9BXBM,4.0,1385510400
AEL6CQNQXONBX,B00BD9BXBM,5.0,1384560000
ALNFHVS3SC4FV,B00BD9BXBM,5.0,1384128000
A89ZZKNDFQH23,B00BD9BXBM,5.0,1381968000
ACJT8MUC0LRF0,B00BD9BXBM,5.0,1383955200
A2LW5AL0KQ9P1M,B00BD9BXBM,5.0,1384473600
A3SMD3T0QTN109,B00BD9BXBM,5.0,1383523200
AMS2CPERWN7JV,B00BD9BXBM,5.0,1387324800
ALRCAGJOJ9583,B00BD9BXBM,5.0,1386115200
A2503LT8PZIHAD,B00BD9BXBM,5.0,1385596800
ATS2855497V0I,B00BD9BXBM,4.0,1382832000
A2P739KOM4U5JB,B00BD9BXBM,4.0,1384819200
A1ZU55TM45Y2R8,B00BD9BXBM,4.0,1382486400
A1F5O1USOUOOXI,B00BD9BXBM,5.0,1380412800
A267FU71Z01CIH,B00BD9BXBM,4.0,1385337600
A2CZ98V784SRJ0,B00BD9BXBM,5.0,1387411200
A1LUK8APLC16WK,B00BD9BXBM,5.0,1383091200
A1UQBFCERIP7VJ,B00BD9BXBM,5.0,1385596800
A2QDOJFFLFGF18,B00BD9BXBM,5.0,1387411200
A376OJHLE6SU9Q,B00BD9BXBM,5.0,1386460800
A1QBOC76MIOJYP,B00BD9BXBM,5.0,1387324800
A2JKM8KF3296CW,B00BD9BXBM,4.0,1385337600
A1ODOGXEYECQQ8,B00BD9BXBM,4.0,1384905600
A2ZKQC0XCIIAEM,B00BD9BXBM,5.0,1383091200
A1AHAETTCFARPJ,B00BD9BXBM,4.0,1381190400
A3R5GTYQ50QVMD,B00BD9BXBM,5.0,1384214400
A11OBEH2ZCVAHX,B00BD9BXBM,4.0,1377475200
A8QYRG7TW491B,B00BD9BXBM,4.0,1377302400
A1ITRGMT80D5TK,B00BD9BXBM,5.0,1384819200
A2H667ZUNLNTF1,B00BD9BXBM,5.0,1386720000
A2V92F5R7MLCVI,B00BD9BXBM,4.0,1384300800
A19JDXB5R33C7R,B00BD9BXBM,4.0,1378080000
A357B3PUHSVQA,B00BD9BXBM,3.0,1383609600
A1Q08H4B9QGT2N,B00BDMN8JY,3.0,1373932800
A15D2X8MICR2VQ,B00BDMN8JY,4.0,1371686400
A336FE20YZZL3A,B00BDMN8JY,5.0,1369872000
ATS2855497V0I,B00BDMN8JY,3.0,1369785600
A1SD1C8XK3Z3V1,B00BDMN8JY,5.0,1370563200
A31AVXMESQRQAC,B00BDMN8JY,5.0,1369094400
A26SO3TOT2TLJE,B00BDMN8JY,4.0,1371513600
A1WSQ0QRWQC7VI,B00BDMN8JY,4.0,1372291200
AG71XMQGQ2UTJ,B00BDMN8JY,5.0,1369958400
ADYZOSTF9LZLD,B00BDMN8JY,4.0,1371081600
A2I4A4WGWII18Z,B00BDMN8JY,5.0,1369872000
A3IKLTT9JQACCI,B00BDMNBMI,4.0,1393372800
A3S5WYWYKSAI9C,B00BDMNBMI,3.0,1396224000
A2RX62V4E2BF5Z,B00BDMNBMI,3.0,1393545600
AJ2FDNZ3COBFN,B00BDMNBMI,4.0,1394841600
A1UYMXFON06KQ6,B00BDMNBMI,5.0,1395187200
AAJIGWE242MSN,B00BDMNBMI,4.0,1397692800
A3MEMX0XF00TBD,B00BDMNBMI,4.0,1393372800
A2E4R7YISIM4QM,B00BDMNBMI,4.0,1397347200
ARNEUO7BF3J55,B00BDMNBMI,3.0,1396915200
A2KIVODZRTGY4U,B00BDMNBMI,4.0,1397606400
ABMX8XUNPR3LP,B00BDMNBMI,5.0,1396396800
A26EQ8U96JA92T,B00BDMNBMI,5.0,1395273600
A3C2JQC6R2K52C,B00BDMNBMI,4.0,1393459200
A3FMPT5IH0CJ50,B00BDMNBMI,3.0,1395014400
AOEUN9718KVRD,B00BDMNBMI,2.0,1395792000
A2YV6F6DLENNTM,B00BDMNBMI,3.0,1394323200
AV1F8VNJPLPTL,B00BDMNBMI,5.0,1395187200
A3FQZH8PJB535A,B00BDMNBMI,3.0,1398211200
AVHN134ADVP4R,B00BDMNCJK,5.0,1394755200
A3JPFWKS83R49V,B00BDMNCJK,5.0,1397001600
AYUF7YETYOLNX,B00BDMNCJK,5.0,1397692800
A2CRIQOX1SYA3I,B00BDMNCJK,5.0,1395792000
A1FDVT0DLJWV78,B00BDMNCJK,4.0,1396569600
AMS2CPERWN7JV,B00BDMNCJK,5.0,1397606400
A194K60CWZ371J,B00BDMNCJK,5.0,1393632000
A336FE20YZZL3A,B00BDMNCJK,4.0,1396224000
A8KM4YOB8FGGH,B00BDMNCJK,5.0,1396224000
A1DY0CRKZEY0FB,B00BDMNCJK,5.0,1397692800
A31AVXMESQRQAC,B00BDMNCJK,5.0,1393372800
A10ASLX7DTTB6Z,B00BDMNCJK,4.0,1398211200
A3TWBW1B17R151,B00BDMNCJK,4.0,1394496000
A2VH0UT5EQFB6P,B00BDMNCJK,4.0,1395619200
AOEUN9718KVRD,B00BDMNCJK,4.0,1395792000
A3TMBYDFP1B9DM,B00BDMNCJK,4.0,1395619200
A2ZKQC0XCIIAEM,B00BDMNCJK,4.0,1393372800
AX7317G153T8W,B00BDMNCJK,5.0,1394582400
AQ1F3NP2G15S5,B00BDMNCJK,2.0,1397606400
A23KACXOE9O9TX,B00BDMNCJK,4.0,1395187200
A2RN2AO4BE6F4K,B00BDMNCJK,4.0,1394323200
A1ITRGMT80D5TK,B00BDMNCJK,4.0,1395878400
A1Q1T811N4IY3Z,B00BDMNCJK,4.0,1396051200
ANCOMAI0I7LVG,B00BECOCL6,5.0,1379462400
A2GRDQJ4Z7053K,B00BECOCL6,5.0,1377648000
A3IKLTT9JQACCI,B00BECOCL6,5.0,1377907200
AJ2FDNZ3COBFN,B00BECOCL6,3.0,1383782400
A1UYMXFON06KQ6,B00BECOCL6,4.0,1379203200
A2FWZ58M6IQMD7,B00BECOCL6,4.0,1379980800
A2IMZNPSJGB2HQ,B00BECOCL6,4.0,1378944000
AYNNJ0DBGL5H7,B00BECOCL6,2.0,1381968000
A35LT14WG5BX0T,B00BECOCL6,5.0,1379894400
AV1F8VNJPLPTL,B00BECOCL6,3.0,1379548800
A3FKPBNI7UWQFW,B00BECOCL6,3.0,1379894400
A2K75QOCP9ZHSL,B00BFREGZ2,4.0,1384905600
A33B3XCIXB4ZVG,B00BFREGZ2,4.0,1382572800
A3OXRFCJI67IMN,B00BFREGZ2,4.0,1383264000
A3SMV35531YME,B00BFREGZ2,3.0,1384473600
A39BGN8JA7CIFX,B00BFREGZ2,3.0,1384732800
A2UYWE97KME0M,B00BFREGZ2,5.0,1383955200
A2AYJJAFNSGSU1,B00BFREGZ2,4.0,1383177600
A3M1PLEYNDEYO8,B00BFREGZ2,5.0,1383955200
A24U6WGBZ4P74W,B00BFREGZ2,4.0,1383523200
A6VSWJVTWEOII,B00BFREGZ2,1.0,1383696000
A1C7Y31S5QXNTR,B00BFREGZ2,5.0,1382918400
A2QDOJFFLFGF18,B00BFREGZ2,5.0,1387238400
A2TBAUW2W7J538,B00BFREGZ2,3.0,1386374400
A3LGT6UZL99IW1,B00BFREGZ2,3.0,1383868800
AIVZMEFEAGF3,B00BFREGZ2,4.0,1387411200
A5X1B2HBQUR3P,B00BFREGZ2,4.0,1385510400
A32QWD5DEY4LDU,B00BFREGZ2,5.0,1384128000
A3AL9NFNWTRV39,B00BFRNQL2,3.0,1380585600
A1HBC0NBQJHT7X,B00BFRNQL2,4.0,1382572800
A3NHUQ33CFH3VM,B00BFRNQL2,1.0,1383955200
A1Z54EM24Y40LL,B00BFRNQL2,3.0,1377820800
AR33KU52LIBF1,B00BFRNQL2,2.0,1383264000
ALRCAGJOJ9583,B00BFRNQL2,1.0,1384646400
A3M6KV5PDU46YI,B00BFRNQL2,4.0,1380153600
A6VSWJVTWEOII,B00BFRNQL2,2.0,1381881600
A3FMPT5IH0CJ50,B00BFRNQL2,1.0,1380412800
ATANE2SC44592,B00BFRNQL2,2.0,1385424000
AOEUN9718KVRD,B00BFRNQL2,2.0,1385251200
A2QDOJFFLFGF18,B00BFRNQL2,2.0,1387238400
A376OJHLE6SU9Q,B00BFRNQL2,1.0,1386374400
A3LN4AOPBIUQWR,B00BFRNQL2,3.0,1382572800
A3TMBYDFP1B9DM,B00BFRNQL2,3.0,1377648000
A3R5GTYQ50QVMD,B00BFRNQL2,1.0,1383004800
AAU0G40ZN5RIL,B00BFRNQL2,2.0,1377475200
A16Z2OECAUX8Z4,B00BFRNQOY,2.0,1387324800
AYUF7YETYOLNX,B00BFRNQOY,3.0,1387324800
A36BQWQPYU6FRM,B00BFRNQOY,4.0,1382572800
A2RX62V4E2BF5Z,B00BFRNQOY,3.0,1385683200
A3NHUQ33CFH3VM,B00BFRNQOY,3.0,1383696000
A1MZEMD0EDETS6,B00BFRNQOY,4.0,1381363200
A279A4Y2N1CQ26,B00BFRNQOY,2.0,1384905600
ALNFHVS3SC4FV,B00BFRNQOY,2.0,1384128000
A2QX49LS3Y3ANI,B00BFRNQOY,3.0,1380585600
A15D2X8MICR2VQ,B00BFRNQOY,3.0,1386633600
ALRCAGJOJ9583,B00BFRNQOY,2.0,1386115200
A2503LT8PZIHAD,B00BFRNQOY,2.0,1385596800
A2P739KOM4U5JB,B00BFRNQOY,2.0,1384819200
A2UEB48LAWFUCW,B00BFRNQOY,3.0,1386720000
A18GJ9MYYO6GCQ,B00BFRNQOY,4.0,1377993600
A1GHZY5ZMRVN8Q,B00BFRNQOY,1.0,1379462400
A376OJHLE6SU9Q,B00BFRNQOY,1.0,1386374400
A3LN4AOPBIUQWR,B00BFRNQOY,3.0,1382572800
A3R5GTYQ50QVMD,B00BFRNQOY,1.0,1383004800
A3DFH4CKPIT0N9,B00BFRNQOY,4.0,1384214400
ACR4HKUT808U1,B00BFRNQOY,2.0,1380412800
A3D5B2CBFNJB0K,B00BFRNQOY,3.0,1381881600
A1F7YU6O5RU432,B00BG8F0H8,5.0,1373500800
AP6L54VTCJKCQ,B00BG8F0H8,4.0,1375142400
A3HUC8541SJ6UT,B00BG8F0H8,3.0,1376524800
AYUF7YETYOLNX,B00BG8F0H8,5.0,1376092800
A2XYH8IHILWW7X,B00BG8F0H8,4.0,1373068800
AZFHSPEZUPGD2,B00BG8F0H8,5.0,1376956800
A11B61QBGHLQDN,B00BG8F0H8,5.0,1372723200
A3SMD3T0QTN109,B00BG8F0H8,4.0,1373068800
A2UEB48LAWFUCW,B00BG8F0H8,5.0,1375747200
A3BAE79NXFDXGV,B00BG8F0H8,4.0,1373932800
A3DZFEICHK5LF2,B00BG8F0H8,5.0,1375574400
A3TWBW1B17R151,B00BG8F0H8,4.0,1373241600
A35NOFKHK8P2LU,B00BG8F0H8,4.0,1372982400
A3ORV1QBL4K9U1,B00BG8F0H8,5.0,1372896000
A35Q0RBM3YNQNF,B00BG8F0H8,5.0,1372377600
A1ODOGXEYECQQ8,B00BG8F0H8,3.0,1373846400
A3TIJLY4VX8CH3,B00BG8F0H8,5.0,1372464000
A4UGMKUSX9XHI,B00BG8F0H8,4.0,1376092800
ASY25YMTIC2A9,B00BG8F0H8,5.0,1374710400
A1P27BGF8NAI29,B00BG8F0IW,1.0,1375228800
A3NOBH42C7UI5M,B00BG8F0IW,3.0,1375660800
AL3MFYSK9HKCL,B00BG8F0IW,5.0,1380326400
A2LAS014NSRW72,B00BG8F0IW,2.0,1377734400
AG2YXYIQ8TLTA,B00BG8F0IW,4.0,1379203200
A33PBU9EHZ28PC,B00BG8F0IW,3.0,1381536000
A11B61QBGHLQDN,B00BG8F0IW,4.0,1379548800
A34GM17T6WTJDK,B00BG8F0IW,4.0,1374624000
AY3D7DG5L5WCK,B00BG8F0IW,4.0,1375833600
A1XDMYX8QOW07N,B00BG8F0IW,3.0,1378166400
A2MOD50IHEDH3G,B00BG8F0IW,3.0,1380067200
A3F43PAJZLOE3I,B00BG8F0IW,3.0,1377043200
A24RCBRDXRXR0Y,B00BG8F0IW,2.0,1379376000
A1VXIY1511XQK2,B00BG8F0IW,3.0,1374710400
A1O2QIQK2OR5TC,B00BG8F0IW,2.0,1374710400
A2LF16F0KX9L7P,B00BG8F0IW,5.0,1376265600
A361U4SXK7FCQE,B00BG8F0IW,3.0,1380672000
AXUJFOFQZNTN,B00BG8F0IW,3.0,1377648000
A27H9DOUGY9FOS,B00BG8F0IW,1.0,1375401600
A2LXC5ZHHP0WXP,B00BG8F0IW,4.0,1381363200
A35NOFKHK8P2LU,B00BG8F0IW,3.0,1375142400
ADFLBRY00Y70G,B00BG8F0IW,3.0,1376438400
A1QBOC76MIOJYP,B00BG8F0IW,3.0,1377475200
A3TMBYDFP1B9DM,B00BG8F0IW,4.0,1379289600
A3LOGP4VA9DX46,B00BG8F0IW,3.0,1379289600
A3TPNC3TKGCCEI,B00BG8F0IW,5.0,1380326400
A3PIW7ZF4C5ZJL,B00BG8F0IW,5.0,1375142400
AMKPSJXCQZVW9,B00BG8F0IW,5.0,1377561600
A27ADCSD15F3GL,B00BG8F0IW,4.0,1381536000
A11OBEH2ZCVAHX,B00BG8F0IW,4.0,1374796800
ASY25YMTIC2A9,B00BG8F0IW,5.0,1374710400
A156P4FPL8OGXB,B00BG8F0IW,5.0,1378857600
A3QD59N3M7O7KB,B00BG8F0IW,3.0,1379980800
A3CA3RWZYJDWXE,B00BHYVWOG,5.0,1384992000
AIP0VIGQWIW90,B00BHYVWOG,5.0,1385942400
A2RVCF21L2NPU5,B00BHYVWOG,5.0,1383350400
A3MEMX0XF00TBD,B00BHYVWOG,5.0,1383177600
A37USOKUTI724H,B00BHYVWOG,5.0,1383091200
A1BKJNAWJT2TG2,B00BHYVWOG,4.0,1384992000
ATLO3YXU2BC16,B00BHYVWOG,5.0,1383436800
A8KM4YOB8FGGH,B00BHYVWOG,5.0,1387411200
A6VSWJVTWEOII,B00BHYVWOG,3.0,1383782400
ARARUVZ8RUF5T,B00BHYVWOG,4.0,1384646400
A2KFWHHUFVKFXZ,B00BHYVWOG,3.0,1384041600
A1FJFLAAQD5WH2,B00BHYVWOG,4.0,1383696000
A1C7Y31S5QXNTR,B00BHYVWOG,5.0,1382918400
A3UYBRB74RJFXB,B00BHYVWOG,5.0,1383696000
A1FXY0GUFHEI59,B00BHYVWOG,3.0,1383350400
A33VI944SO2YCN,B00BHYVWOG,5.0,1385683200
AUCXT9K30SHYF,B00BHYVWOG,5.0,1383264000
A1M0OSCFOAMAZO,B00BHYVWOG,4.0,1383091200
A2G04D4QZAXL15,B00BHYVWOG,5.0,1383091200
A1NRMTQ5SZPZA,B00BIDJP2W,3.0,1370995200
A3LWC833HQIG7J,B00BIDJP2W,3.0,1370908800
A279FUL12R7MBD,B00BIDJP2W,4.0,1370217600
A2LW5AL0KQ9P1M,B00BIDJP2W,3.0,1375401600
A2TTHN1UMO82VY,B00BIDJP2W,3.0,1371427200
A2LO1YE4Q0N4F,B00BIDJP2W,3.0,1369958400
A2QI2NTDTMK2FV,B00BIDJP2W,4.0,1371513600
ATLO3YXU2BC16,B00BIDJP2W,5.0,1369267200
AI2XINIZFPBI8,B00BIDJP2W,4.0,1370822400
A1QT3N5FUQ4I47,B00BIDJP2W,4.0,1371340800
A2V5R832QCSOMX,B00BIDJP2W,5.0,1388102400
AP8D74QD9LUUL,B00BIDJP2W,4.0,1372032000
A17NX7T7DW6KL2,B00BIDJP2W,4.0,1371772800
A1XVF5DU3N05OM,B00BIDJP2W,5.0,1370908800
AZMISC9FAUBIR,B00BIDJP2W,5.0,1369180800
AUV3OR951650C,B00BIDJP2W,4.0,1371859200
A1MBFUV5DZNEZQ,B00BIDJP2W,5.0,1370044800
A2OOZZDSOHG4UY,B00BIDJP2W,5.0,1369440000
A2JE8OS1NN9YDB,B00BIDJP2W,4.0,1369872000
A33VI944SO2YCN,B00BIDJP2W,4.0,1372291200
A1P27BGF8NAI29,B00BJEYLOC,5.0,1380585600
A3BZUQXA2QHDI2,B00BJEYLOC,5.0,1381449600
A2CNGARED6OWWU,B00BJEYLOC,5.0,1381968000
AIP0VIGQWIW90,B00BJEYLOC,5.0,1382572800
A3KPJ1MOGTZVGC,B00BJEYLOC,5.0,1382572800
A279A4Y2N1CQ26,B00BJEYLOC,5.0,1382745600
AAJIGWE242MSN,B00BJEYLOC,5.0,1382572800
A1IBKN1GXYJ3K4,B00BJEYLOC,5.0,1384992000
A4EBYIKOMYFF9,B00BJEYLOC,5.0,1381104000
A1M5ZT35YX6TIN,B00BJEYLOC,5.0,1381881600
A1DY0CRKZEY0FB,B00BJEYLOC,3.0,1384905600
AP8D74QD9LUUL,B00BJEYLOC,5.0,1381104000
AVJJ2D4G5I0Z4,B00BJEYLOC,5.0,1380758400
A2ZKQC0XCIIAEM,B00BJEYLOC,5.0,1381017600
A1GNYV0RA0EQSS,B00BJEYLOC,5.0,1381881600
A2Q8GFSEUSGJ51,B00BJEYLOC,5.0,1380672000
A1IA0O3OYQO9LV,B00BJEYLOC,5.0,1380672000
A39H1GO9E3YQIB,B00BM2V522,5.0,1376352000
A2K75QOCP9ZHSL,B00BM2V522,4.0,1374883200
A19D3N662QS9WD,B00BM2V522,4.0,1378080000
A914TQVHI872U,B00BM2V522,4.0,1375401600
A3I1BJIFFM4S21,B00BM2V522,4.0,1377734400
A279A4Y2N1CQ26,B00BM2V522,5.0,1377734400
AQ9JTZBF30IW0,B00BM2V522,5.0,1376956800
A28IIVKXOE1ATF,B00BM2V522,5.0,1375833600
A97H5I4P5PCEM,B00BM2V522,5.0,1375660800
A1M5ZT35YX6TIN,B00BM2V522,5.0,1378598400
ABMX8XUNPR3LP,B00BM2V522,4.0,1379462400
A3C6CZC2JP67VK,B00BM2V522,4.0,1377043200
A33HIV8RXRDM88,B00BM2V522,5.0,1379376000
A2KFWHHUFVKFXZ,B00BM2V522,5.0,1374883200
A3L2KYOYDWSRPL,B00BM2V522,4.0,1378857600
A307YFSORUAXSQ,B00BM2V522,5.0,1377475200
A1R1BFJCMWX0Y3,B00BM2V522,5.0,1375488000
A2YQ2ZI65F37N8,B00BM2V522,5.0,1375228800
A2W2E6BPPYZO0T,B00BM2V522,4.0,1376524800
A1QR76SYGTXJN5,B00BN6QAVI,5.0,1383264000
A3IKLTT9JQACCI,B00BN6QAVI,3.0,1383264000
A2877AOHJFZI0E,B00BN6QAVI,5.0,1384128000
A2CNGARED6OWWU,B00BN6QAVI,5.0,1384819200
A1HBC0NBQJHT7X,B00BN6QAVI,5.0,1382313600
ALQY22U9JTNCQ,B00BN6QAVI,5.0,1384992000
A2PFCO5ON4N2UP,B00BN6QAVI,5.0,1382054400
A2Y5T1O43P14RP,B00BN6QAVI,4.0,1387411200
A375NF45A1MDWI,B00BN6QAVI,5.0,1379808000
A3TJSWA0W9ITYE,B00BN6QAVI,5.0,1383782400
A397CWU6DM3O5G,B00BN6QAVI,5.0,1383436800
ARADXCOUVBS09,B00BN6QAVI,5.0,1381795200
AO1Z0TQWCRGL4,B00BN6QAVI,5.0,1379894400
AVQZ0JG8OP8P7,B00BN6QAVI,5.0,1384214400
A19WEEGB05YAZ3,B00BN6QAVI,5.0,1383436800
A2JVBJUU2DL0WA,B00BN6QAVI,5.0,1384300800
A1FXY0GUFHEI59,B00BN6QAVI,5.0,1383350400
A9XX8OHS2ZQ2X,B00BN6QAVI,5.0,1383004800
A527VID8R4K67,B00BN6QAVI,4.0,1383868800
A2XFM8PN6G0B02,B00BN6QAVI,5.0,1387411200
A2Q8GFSEUSGJ51,B00BN6QAVI,4.0,1380067200
ATLZNVLYKP9AZ,B00BN6QAVI,5.0,1384732800
A2YQ2ZI65F37N8,B00BN6QAVI,4.0,1382486400
A3FKPBNI7UWQFW,B00BN6QAVI,4.0,1380067200
A2W2E6BPPYZO0T,B00BN6QAVI,4.0,1387238400
A914TQVHI872U,B00BN6QAWM,5.0,1383782400
A1BMG34CO5CMZ5,B00BN6QAWM,4.0,1387324800
A3IKLTT9JQACCI,B00BN6QAWM,5.0,1382918400
A3AL9NFNWTRV39,B00BN6QAWM,5.0,1385424000
AM2IR1V5EU55U,B00BN6QAWM,5.0,1382659200
A18FUHNBP90IB4,B00BN6QAWM,5.0,1384905600
A1UYMXFON06KQ6,B00BN6QAWM,5.0,1384992000
AQ9JTZBF30IW0,B00BN6QAWM,4.0,1385510400
A26DQMYF5E0GL6,B00BN6QAWM,5.0,1384992000
A31HE83MU98GBV,B00BN6QAWM,5.0,1385078400
A10YWQ4AAAE29O,B00BN6QAWM,4.0,1384387200
A3M1PLEYNDEYO8,B00BN6QAWM,5.0,1383091200
ALYZJ7W14YS26,B00BN6QAWM,4.0,1383091200
A3M6KV5PDU46YI,B00BN6QAWM,5.0,1383091200
A30UIZJMFL9PLT,B00BN6QAWM,5.0,1386115200
A5H8NA5CJ0FK4,B00BN6QAWM,5.0,1383264000
A28FJ93TJSSQS4,B00BN6QAWM,4.0,1386028800
ALLHJD3KZF9KC,B00BN6QAWM,5.0,1385856000
AMYTL79JMGQ6D,B00BN6QAWM,5.0,1383004800
AIXDV2Z2NEYP6,B00BN6QAWM,5.0,1384992000
A3JHC8O59WDHFZ,B00BN6QAWM,4.0,1382918400
AD34TCPEP7P84,B00BN6QAWM,5.0,1388016000
ACAXV4V8PBCE3,B00BN6QAWM,5.0,1382313600
A13WEKTB63G78Y,B00BN6QAWM,2.0,1387411200
A2W2E6BPPYZO0T,B00BN6QAWM,4.0,1387152000
A1P27BGF8NAI29,B00BN6QAXQ,5.0,1384473600
A1IDAKX7OM3QIE,B00BN6QAXQ,5.0,1383091200
A3I1BJIFFM4S21,B00BN6QAXQ,5.0,1384732800
A3V2EZ6MA32FF6,B00BN6QAXQ,5.0,1386201600
A2CNGARED6OWWU,B00BN6QAXQ,5.0,1384819200
A2PFCO5ON4N2UP,B00BN6QAXQ,4.0,1382054400
A10Z8FC0SMU5VQ,B00BN6QAXQ,5.0,1380672000
A336FE20YZZL3A,B00BN6QAXQ,5.0,1386028800
AO1Z0TQWCRGL4,B00BN6QAXQ,5.0,1379894400
A4EUL79IT6AUP,B00BN6QAXQ,5.0,1384992000
A1VYFEJM12ZP11,B00BN6QAXQ,4.0,1383091200
A26EQ8U96JA92T,B00BN6QAXQ,4.0,1385164800
A19WEEGB05YAZ3,B00BN6QAXQ,5.0,1381276800
A4VMQ6ZTSXSSL,B00BN6QAXQ,3.0,1384992000
AOEUN9718KVRD,B00BN6QAXQ,4.0,1383350400
A3QD7VWBD470D2,B00BN6QAXQ,3.0,1385856000
A3K8AU6BAGN60E,B00BN6QAXQ,5.0,1383523200
A2ULQOGN59LDNK,B00BN6QAXQ,5.0,1380412800
A527VID8R4K67,B00BN6QAXQ,4.0,1383868800
AV1F8VNJPLPTL,B00BN6QAXQ,4.0,1384819200
A2I4A4WGWII18Z,B00BN6QAXQ,5.0,1381536000
A3K91X9X2ARDOK,B00BN6QAXQ,5.0,1383523200
AIPVKMLXTO6H9,B00BN6QAXQ,5.0,1380326400
A81XIM8XFKWX5,B00BN6QAXQ,5.0,1380585600
A3FKPBNI7UWQFW,B00BN6QAXQ,4.0,1380067200
A2G04D4QZAXL15,B00BN6QAXQ,5.0,1382918400
AMB5L7WUBUVDM,B00BN7XKJM,4.0,1380672000
A3OXHLG6DIBRW8,B00BN7XKJM,4.0,1380412800
A1UYMXFON06KQ6,B00BN7XKJM,3.0,1379203200
A2QCE7L6GRE3MT,B00BN7XKJM,3.0,1379289600
A1GWDRBUMQOCRK,B00BN7XKJM,4.0,1378080000
AOI2MD752ZWFU,B00BN7XKJM,2.0,1377993600
A2LXC5ZHHP0WXP,B00BN7XKJM,4.0,1377734400
A3LLP0VSTSABK2,B00BN7XKJM,1.0,1377561600
A136LRUR0RDH9J,B00BN7XKJM,3.0,1377820800
A1M0OSCFOAMAZO,B00BN7XKJM,4.0,1380672000
ACR4HKUT808U1,B00BN7XKJM,5.0,1378252800
A19D3N662QS9WD,B00BNQEVXM,3.0,1381881600
ANCOMAI0I7LVG,B00BNQEVXM,2.0,1380067200
A3I1BJIFFM4S21,B00BNQEVXM,4.0,1378684800
A1BMG34CO5CMZ5,B00BNQEVXM,4.0,1381968000
A2RX62V4E2BF5Z,B00BNQEVXM,4.0,1379894400
AJ2FDNZ3COBFN,B00BNQEVXM,5.0,1382054400
A2K89R0B20LYHB,B00BNQEVXM,4.0,1381190400
ATQ22E6YAUNXP,B00BNQEVXM,5.0,1377734400
A10Z8FC0SMU5VQ,B00BNQEVXM,5.0,1377129600
A2UBSGFCP2QFNV,B00BNQEVXM,5.0,1381968000
ALYZJ7W14YS26,B00BNQEVXM,4.0,1377561600
A2K4HN6EECBNR3,B00BNQEVXM,5.0,1380153600
A1IH7O6EL7SNBD,B00BNQEVXM,3.0,1379462400
A1QT3N5FUQ4I47,B00BNQEVXM,5.0,1381881600
AOEUN9718KVRD,B00BNQEVXM,2.0,1379462400
A3K8AU6BAGN60E,B00BNQEVXM,4.0,1380240000
AK1WNXTHNCG5V,B00BNQEVXM,5.0,1378684800
AY1EF0GOH80EK,B00BNQEVXM,4.0,1379548800
A276OI0NHBYORX,B00BNQEVXM,4.0,1377561600
A1R1BFJCMWX0Y3,B00BNQEVXM,3.0,1377907200
A335GUD1YBS31U,B00BNQEVXM,1.0,1378771200
AFYQ9V4XBVCJ1,B00BNQEVXM,4.0,1378771200
A2V0I904FH7ABY,B00BNQEVXM,4.0,1378857600
A11SPSEM08VIXX,B00BPBPXSW,4.0,1385510400
A36MP37DITBU6F,B00BPBPXSW,4.0,1383436800
A35IX2GE0VC0JP,B00BPBPXSW,3.0,1385942400
A8KM4YOB8FGGH,B00BPBPXSW,4.0,1387411200
AXUJFOFQZNTN,B00BPBPXSW,4.0,1384214400
AJQDIT55SZ3ZX,B00BPBPXSW,3.0,1383091200
A231LBC8EGPO5L,B00BPBPXSW,2.0,1383523200
AC04O7AYHEKJ5,B00BPBPXSW,5.0,1384387200
A1MRRMHGV3PN5W,B00BPBPXSW,4.0,1387238400
A2WW57XX2UVLM6,B00BPBPXSW,4.0,1385078400
A3CA3RWZYJDWXE,B00BPIDPVC,3.0,1377561600
A3I9XZGYARBLS4,B00BPIDPVC,5.0,1381363200
A1ZTE3K3EN4TS3,B00BPIDPVC,4.0,1378684800
A1H88L8X6HM1BQ,B00BPIDPVC,3.0,1380153600
ALNFHVS3SC4FV,B00BPIDPVC,5.0,1383696000
A1S27P7KJO9I96,B00BPIDPVC,4.0,1379548800
A2MOD50IHEDH3G,B00BPIDPVC,4.0,1377561600
AYB4ELCS5AM8P,B00BPIDPVC,5.0,1382918400
A2561PYW9TTMYD,B00BPIDPVC,4.0,1381017600
AFHYEO3Y1IIDD,B00BPIDPVC,5.0,1379548800
AGFW667QNHDOY,B00BPIDPVC,3.0,1377734400
A6X1O3A5C5FX1,B00BPIDPVC,3.0,1380758400
A2WFZWRYWLC20S,B00BPIDPVC,4.0,1381881600
A1ITRGMT80D5TK,B00BPIDPVC,4.0,1383264000
A2H667ZUNLNTF1,B00BPIDPVC,4.0,1386547200
A1X2YRSD648FM3,B00BPRLGSW,5.0,1384992000
A26KXNN6H1IL0I,B00BPRLGSW,3.0,1385856000
A4GI4654JA8NK,B00BPRLGSW,4.0,1385510400
A2IG937LQKWO7C,B00BPRLGSW,5.0,1384560000
A3I9XZGYARBLS4,B00BPRLGSW,5.0,1393718400
A2CNGARED6OWWU,B00BPRLGSW,5.0,1384819200
A11SPSEM08VIXX,B00BPRLGSW,5.0,1382659200
A2K89R0B20LYHB,B00BPRLGSW,5.0,1386201600
ABSFFH7ECSE49,B00BPRLGSW,4.0,1386288000
A16EIVIBBXFAQ0,B00BPRLGSW,5.0,1385856000
A13KNCFLH0IH2G,B00BPRLGSW,5.0,1383955200
AR33KU52LIBF1,B00BPRLGSW,4.0,1383264000
AQ9JTZBF30IW0,B00BPRLGSW,4.0,1384992000
A2QX49LS3Y3ANI,B00BPRLGSW,4.0,1384128000
A10Z8FC0SMU5VQ,B00BPRLGSW,5.0,1383264000
AMS2CPERWN7JV,B00BPRLGSW,5.0,1386547200
A2Y5T1O43P14RP,B00BPRLGSW,5.0,1387411200
A2IMZNPSJGB2HQ,B00BPRLGSW,5.0,1388361600
A3B9C6MZAFC1JX,B00BPRLGSW,4.0,1383004800
A15Q9YEG1XPEJN,B00BPRLGSW,4.0,1382486400
A336FE20YZZL3A,B00BPRLGSW,5.0,1386028800
A1GWDRBUMQOCRK,B00BPRLGSW,5.0,1384041600
AKCZIJ6ZHE41D,B00BPRLGSW,4.0,1382918400
AZ515FFZ7I2P7,B00BPRLGSW,5.0,1385683200
ATLO3YXU2BC16,B00BPRLGSW,4.0,1383436800
A2H1W8V6R9TJ9E,B00BPRLGSW,4.0,1386028800
A8KM4YOB8FGGH,B00BPRLGSW,5.0,1387411200
A2FVD05Z2FYW1P,B00BPRLGSW,4.0,1383264000
A19WEEGB05YAZ3,B00BPRLGSW,5.0,1390608000
A3C9YGB4H90PDE,B00BPRLGSW,3.0,1383696000
A2QETZZ5EKH5RQ,B00BPRLGSW,5.0,1383004800
ARARUVZ8RUF5T,B00BPRLGSW,5.0,1384646400
A10ASLX7DTTB6Z,B00BPRLGSW,5.0,1387324800
ATECU14VUIOJ0,B00BPRLGSW,5.0,1382486400
A3212H6SF9W1LV,B00BPRLGSW,4.0,1384041600
A3K8AU6BAGN60E,B00BPRLGSW,4.0,1385424000
AY1EF0GOH80EK,B00BPRLGSW,3.0,1387324800
A2C264HY1HHZVX,B00BPRLGSW,4.0,1388620800
AZMISC9FAUBIR,B00BPRLGSW,5.0,1383091200
A2B3A8NQIHITO8,B00BPRLGSW,5.0,1384819200
A2IJ54FX1L83WK,B00BPRLGSW,5.0,1382486400
A27BKXQAR305QL,B00BPRLGSW,4.0,1387324800
A2TBAUW2W7J538,B00BPRLGSW,3.0,1386028800
AUS5X6IMFLJBD,B00BPRLGSW,4.0,1386115200
ARPB88E6F2MFR,B00BPRLGSW,5.0,1383091200
AB0TLNLNOAGY4,B00BPRLGSW,3.0,1386806400
A2XFM8PN6G0B02,B00BPRLGSW,4.0,1385683200
A1GNYV0RA0EQSS,B00BPRLGSW,5.0,1383609600
A2QKCOX5ACRHC5,B00BPRLGSW,3.0,1383091200
ATLZNVLYKP9AZ,B00BPRLGSW,5.0,1385510400
AIPVKMLXTO6H9,B00BPRLGSW,5.0,1382572800
A2D4FQHV506EPB,B00BQYQY8Q,4.0,1375833600
A319Y83RT0MRVR,B00BQYQY8Q,4.0,1376438400
A1II2ZRPKZAQQD,B00BQYQY8Q,5.0,1373241600
AFTFND8CPQ34M,B00BQYQY8Q,5.0,1375142400
A1NOBRCN20NGD5,B00BQYQY8Q,5.0,1374105600
A1ZTE3K3EN4TS3,B00BQYQY8Q,5.0,1372032000
A19FRW264WZTGP,B00BQYQY8Q,4.0,1373673600
ATS7LYGLUX34L,B00BQYQY8Q,5.0,1376438400
ALNFHVS3SC4FV,B00BQYQY8Q,5.0,1372636800
A2OJCTT5WLB2HR,B00BQYQY8Q,5.0,1373068800
A2974R9BTPZPOJ,B00BQYQY8Q,5.0,1373932800
AWH2AY17ZU7W2,B00BQYQY8Q,4.0,1374019200
A361U4SXK7FCQE,B00BQYQY8Q,4.0,1373155200
A1Y5ERIKQBEMSP,B00BQYQY8Q,4.0,1376524800
AIW4CHZOM5W7D,B00BQYQY8Q,4.0,1376265600
A1QT3N5FUQ4I47,B00BQYQY8Q,4.0,1376438400
A1NIGUK4M2ST8,B00BQYQY8Q,5.0,1372464000
A3FWVV13DJELLV,B00BQYQY8Q,4.0,1375228800
A1LG1DKUZXGJ6J,B00BQYQY8Q,4.0,1372118400
A3LN4AOPBIUQWR,B00BQYQY8Q,5.0,1373673600
A2ZKQC0XCIIAEM,B00BQYQY8Q,5.0,1373328000
A2ULQOGN59LDNK,B00BQYQY8Q,5.0,1374796800
A1EN4XAKX9LK4A,B00BQYQY8Q,5.0,1373587200
A2OOZZDSOHG4UY,B00BQYQY8Q,5.0,1374019200
ABYLSNI0MGXZB,B00BQYQY8Q,5.0,1374710400
A1XFI340SHOS5K,B00BQYQY8Q,5.0,1372809600
AFTFND8CPQ34M,B00BQYQYHC,4.0,1379376000
A1Z54EM24Y40LL,B00BQYQYHC,5.0,1381881600
A37USOKUTI724H,B00BQYQYHC,5.0,1379462400
A375NF45A1MDWI,B00BQYQYHC,4.0,1380672000
A397CWU6DM3O5G,B00BQYQYHC,5.0,1380672000
A15Q9YEG1XPEJN,B00BQYQYHC,5.0,1381363200
A2TS040W2FW5O,B00BQYQYHC,4.0,1381881600
ALEUQQE118NEW,B00BQYQYHC,5.0,1380672000
A1VYFEJM12ZP11,B00BQYQYHC,5.0,1381708800
A1QT3N5FUQ4I47,B00BQYQYHC,4.0,1385510400
ABSYIF0ONC2AF,B00BQYQYHC,4.0,1381536000
A2QDOJFFLFGF18,B00BQYQYHC,5.0,1384041600
AY1EF0GOH80EK,B00BQYQYHC,5.0,1384819200
AZMISC9FAUBIR,B00BQYQYHC,5.0,1377561600
A35Y0RSU09ANEN,B00BQYQYHC,5.0,1384300800
A1MBFUV5DZNEZQ,B00BQYQYHC,5.0,1380931200
A11OBEH2ZCVAHX,B00BQYQYHC,3.0,1378771200
AB0TLNLNOAGY4,B00BQYQYHC,4.0,1382572800
A2G4LKK57XMBL3,B00BQYQYHC,5.0,1380153600
A18LURVBV82KW2,B00BQYQYHC,5.0,1383264000
ASY25YMTIC2A9,B00BQYQYHC,5.0,1383868800
A3FQZH8PJB535A,B00BQYQYHC,5.0,1384992000
A13Z96HR8EEF24,B00BQYQYHC,4.0,1379808000
A2YQ2ZI65F37N8,B00BQYQYHC,2.0,1379980800
A20L63B48RPSOH,B00BQYQYHC,5.0,1381968000
A1X2YRSD648FM3,B00BQYQYKY,2.0,1376524800
A1WP940JZL83T7,B00BQYQYKY,5.0,1372896000
A3IKLTT9JQACCI,B00BQYQYKY,5.0,1372723200
A2877AOHJFZI0E,B00BQYQYKY,5.0,1375488000
A2CNGARED6OWWU,B00BQYQYKY,4.0,1373760000
A3AL9NFNWTRV39,B00BQYQYKY,1.0,1374883200
AYDC7F9UF6EQX,B00BQYQYKY,5.0,1374451200
A2Y5T1O43P14RP,B00BQYQYKY,5.0,1376438400
A235NA61RC6YC1,B00BQYQYKY,4.0,1374624000
A3CU0QL4C4LAA8,B00BQYQYKY,4.0,1375747200
A33X80DIINN48Y,B00BQYQYKY,5.0,1374019200
A1IH7O6EL7SNBD,B00BQYQYKY,5.0,1373414400
A19WEEGB05YAZ3,B00BQYQYKY,5.0,1375488000
A33HIV8RXRDM88,B00BQYQYKY,5.0,1376438400
A2DA2NJZ2RIYAB,B00BQYQYKY,5.0,1376524800
A3QEIVO8AB3YMU,B00BQYQYKY,4.0,1374192000
A1ONZ8JRPLBNUI,B00BQYQYKY,4.0,1375574400
A1PTBXZG04GT29,B00BQYQYKY,4.0,1381363200
ALDAF4VVLFRHP,B00BQYQYKY,4.0,1372723200
A3R5GTYQ50QVMD,B00BQYQYKY,5.0,1372118400
A12E0Y0J6584RT,B00BQYQYKY,5.0,1374364800
A14RYRR7ETV3UY,B00BQYQYKY,4.0,1374969600
A3NEAETOSXDBOM,B00BQYQYKY,5.0,1374019200
A3K91X9X2ARDOK,B00BQYQYKY,5.0,1373068800
ATLZNVLYKP9AZ,B00BQYQYKY,3.0,1376524800
A1M7Y63Y5GYJI1,B00BQYQYKY,5.0,1375747200
A3FKPBNI7UWQFW,B00BQYQYKY,4.0,1375488000
A19JDXB5R33C7R,B00BQYQYKY,5.0,1374364800
A1XFI340SHOS5K,B00BQYQYKY,4.0,1372636800
A2DURJRPTPKUZS,B00BQYQYMW,4.0,1377648000
AFTFND8CPQ34M,B00BQYQYMW,4.0,1377043200
A2K89R0B20LYHB,B00BQYQYMW,5.0,1381363200
AAJIGWE242MSN,B00BQYQYMW,5.0,1380412800
ATS7LYGLUX34L,B00BQYQYMW,4.0,1381622400
A2OJCTT5WLB2HR,B00BQYQYMW,3.0,1377561600
A15Q9YEG1XPEJN,B00BQYQYMW,4.0,1377820800
A1KGWUYXUBEMB2,B00BQYQYMW,4.0,1379894400
AWH2AY17ZU7W2,B00BQYQYMW,5.0,1379980800
A1SB9BNNGKNX2Z,B00BQYQYMW,5.0,1380153600
A1NQK5MH9GTJ6S,B00BQYQYMW,5.0,1378512000
AGFGY4EJ37VS2,B00BQYQYMW,5.0,1377734400
A3T7XVG3AXJF61,B00BQYQYMW,4.0,1381881600
A3K4AJLVHAH4OZ,B00BQYQYMW,5.0,1377993600
A17NX7T7DW6KL2,B00BQYQYMW,4.0,1380153600
A2ECM9HLMC242H,B00BQYQYMW,4.0,1381968000
A3PPXVR5J6U2JD,B00BQYQYMW,2.0,1377043200
AT1RF4WNPGGLC,B00BQYQYMW,5.0,1379030400
A1XVF5DU3N05OM,B00BQYQYMW,5.0,1378512000
A2TBAUW2W7J538,B00BQYQYMW,4.0,1379289600
A1RF9YK4BK5TRH,B00BQYQYMW,4.0,1381968000
A1EN4XAKX9LK4A,B00BQYQYMW,5.0,1377993600
A2XFM8PN6G0B02,B00BQYQYMW,5.0,1377993600
A2ECTCPBTOGW4H,B00BQYQZZS,3.0,1389830400
A39H1GO9E3YQIB,B00BQYQZZS,4.0,1387152000
A2K75QOCP9ZHSL,B00BQYQZZS,4.0,1389744000
A1DRKVXO300RUE,B00BQYQZZS,3.0,1389830400
A2D7B5I7ZQ51XL,B00BQYQZZS,4.0,1389744000
A3LWC833HQIG7J,B00BQYQZZS,4.0,1388361600
AM2IR1V5EU55U,B00BQYQZZS,4.0,1386633600
A2UYWE97KME0M,B00BQYQZZS,3.0,1386720000
A21VGNU5959O85,B00BQYQZZS,4.0,1386720000
A22DRQMROONYOK,B00BQYQZZS,4.0,1388275200
A1TS45JWJVOSSW,B00BQYQZZS,5.0,1386288000
A2KIVODZRTGY4U,B00BQYQZZS,5.0,1388620800
AR5SY32T76DBM,B00BQYQZZS,3.0,1389830400
A1DD9MSMEKYOVW,B00BQYQZZS,3.0,1388793600
A1ZU55TM45Y2R8,B00BQYQZZS,3.0,1387152000
A2O9HU1K7TCF7B,B00BQYQZZS,4.0,1389225600
ABSYIF0ONC2AF,B00BQYQZZS,5.0,1386460800
A1FJFLAAQD5WH2,B00BQYQZZS,4.0,1386979200
AZMISC9FAUBIR,B00BQYQZZS,4.0,1386115200
A199FRO0YFMGED,B00BQYQZZS,4.0,1388361600
A2JVBJUU2DL0WA,B00BQYQZZS,4.0,1388361600
AC04O7AYHEKJ5,B00BQYQZZS,5.0,1388361600
AX7317G153T8W,B00BQYQZZS,5.0,1387929600
A27BKXQAR305QL,B00BQYQZZS,4.0,1389744000
A1RF9YK4BK5TRH,B00BQYQZZS,3.0,1389830400
AUS5X6IMFLJBD,B00BQYQZZS,3.0,1389744000
A2A4M3EDEUKG3L,B00BQYQZZS,4.0,1387152000
A1R1BFJCMWX0Y3,B00BQYQZZS,2.0,1386288000
A33VI944SO2YCN,B00BQYQZZS,4.0,1388016000
AIPVKMLXTO6H9,B00BQYQZZS,5.0,1388188800
A2G04D4QZAXL15,B00BQYQZZS,5.0,1386201600
A1DG75OT3Y49EM,B00BQYR0KW,5.0,1382918400
A3IKLTT9JQACCI,B00BQYR0KW,5.0,1382918400
A2OMQEK9OW2FY6,B00BQYR0KW,5.0,1383696000
A2RX62V4E2BF5Z,B00BQYR0KW,5.0,1382054400
A2K89R0B20LYHB,B00BQYR0KW,4.0,1386201600
A2C1Y5F8DE9H6P,B00BQYR0KW,5.0,1381968000
A3R9X003XW0LNR,B00BQYR0KW,5.0,1383264000
ALYZJ7W14YS26,B00BQYR0KW,5.0,1381104000
A3A8FMW6BDJ166,B00BQYR0KW,5.0,1382313600
A33HIV8RXRDM88,B00BQYR0KW,5.0,1383350400
A3RYSRBRTZB0JD,B00BQYR0KW,5.0,1381363200
A3KEZLJ59C1JVH,B00BQYR0KW,5.0,1379980800
AC04O7AYHEKJ5,B00BQYR0KW,5.0,1381968000
A3CHIF3EHXCLA5,B00BQYR0KW,4.0,1384992000
A2WFZWRYWLC20S,B00BQYR0KW,5.0,1384041600
A1KMG1AIUS00DC,B00BQYR0KW,4.0,1382313600
A32QWD5DEY4LDU,B00BQYR0KW,5.0,1384128000
A3U52V5ZAHZZKU,B00BQYR0KW,5.0,1381363200
A2V0I904FH7ABY,B00BQYR0KW,5.0,1384819200
A2D4FQHV506EPB,B00BQYR0P2,5.0,1374019200
A3O28YJBZG1Q0Q,B00BQYR0P2,5.0,1372982400
AFTFND8CPQ34M,B00BQYR0P2,4.0,1375142400
A1ZTE3K3EN4TS3,B00BQYR0P2,3.0,1372032000
ATS7LYGLUX34L,B00BQYR0P2,4.0,1375142400
A2ME89MSWVG9NF,B00BQYR0P2,4.0,1371859200
A1S27P7KJO9I96,B00BQYR0P2,4.0,1373068800
A3GMRYV7VAYK5Q,B00BQYR0P2,3.0,1372291200
A28J8ZFUBAC40Q,B00BQYR0P2,3.0,1372550400
A2K4HN6EECBNR3,B00BQYR0P2,4.0,1375142400
A1C4J5MRES1KRK,B00BQYR0P2,4.0,1374710400
A1NQK5MH9GTJ6S,B00BQYR0P2,4.0,1372291200
AXUJFOFQZNTN,B00BQYR0P2,4.0,1372291200
A34UVV757IKPVB,B00BQYR0P2,3.0,1376524800
A305XM71TF83CY,B00BQYR0P2,3.0,1374710400
A2RKI7RPP5CJMG,B00BQYR0P2,4.0,1372723200
AP8D74QD9LUUL,B00BQYR0P2,4.0,1373846400
A2ECM9HLMC242H,B00BQYR0P2,4.0,1372377600
A1GHZY5ZMRVN8Q,B00BQYR0P2,4.0,1372118400
AZMISC9FAUBIR,B00BQYR0P2,4.0,1372118400
A3415H58HNGQFV,B00BQYR0P2,4.0,1374537600
A1D1IDI5S9TN9D,B00BQYR0P2,2.0,1375142400
A1EN4XAKX9LK4A,B00BQYR0P2,5.0,1372118400
A2OOZZDSOHG4UY,B00BQYR0P2,2.0,1374019200
AS7SB0A3QKVQV,B00BQYR0P2,1.0,1371859200
A1GNYV0RA0EQSS,B00BQYR0P2,4.0,1373846400
A1QR76SYGTXJN5,B00BQYR110,4.0,1374019200
A39H1GO9E3YQIB,B00BQYR110,5.0,1373500800
A1WP940JZL83T7,B00BQYR110,5.0,1372636800
A914TQVHI872U,B00BQYR110,4.0,1373155200
A39Q9G7J70A056,B00BQYR110,2.0,1375747200
A2877AOHJFZI0E,B00BQYR110,5.0,1375488000
A2HC9549CZAKNN,B00BQYR110,5.0,1374105600
A1NOBRCN20NGD5,B00BQYR110,4.0,1374105600
A33PBU9EHZ28PC,B00BQYR110,5.0,1376352000
A1FDV3WPOHREY9,B00BQYR110,5.0,1372982400
ALNFHVS3SC4FV,B00BQYR110,5.0,1372636800
A3R9X003XW0LNR,B00BQYR110,4.0,1376265600
A2974R9BTPZPOJ,B00BQYR110,3.0,1376352000
A2BN9DIBP9A0XG,B00BQYR110,5.0,1373328000
A2Y5T1O43P14RP,B00BQYR110,5.0,1376438400
A28IIVKXOE1ATF,B00BQYR110,5.0,1372896000
A3FOSLM5G1BO63,B00BQYR110,4.0,1375833600
A35IX2GE0VC0JP,B00BQYR110,4.0,1376524800
A31HE83MU98GBV,B00BQYR110,5.0,1373932800
A2TS040W2FW5O,B00BQYR110,4.0,1376438400
A1M5ZT35YX6TIN,B00BQYR110,4.0,1375660800
A1KGWUYXUBEMB2,B00BQYR110,5.0,1375315200
AGFGY4EJ37VS2,B00BQYR110,5.0,1379721600
A3U029B8Z5WGI2,B00BQYR110,5.0,1373155200
A3T7XVG3AXJF61,B00BQYR110,5.0,1374624000
ADFLBRY00Y70G,B00BQYR110,4.0,1374710400
A2ULQOGN59LDNK,B00BQYR110,5.0,1374192000
A9XX8OHS2ZQ2X,B00BQYR110,4.0,1375142400
A2UT0FWM1DHKFJ,B00BQYR110,5.0,1372809600
A2KWE2ZM1EEBGJ,B00BQYR110,4.0,1372809600
A2QKCOX5ACRHC5,B00BQYR110,4.0,1373328000
A335GUD1YBS31U,B00BQYR110,2.0,1375142400
A2Q8GFSEUSGJ51,B00BQYR110,4.0,1372809600
A1QR76SYGTXJN5,B00BR3EMSA,4.0,1383782400
A1BVFLQ89LAI0K,B00BR3EMSA,3.0,1384214400
AYWHCM0TJ4737,B00BR3EMSA,5.0,1387411200
AAH603Y3Y8QL7,B00BR3EMSA,4.0,1385251200
A2OMQEK9OW2FY6,B00BR3EMSA,5.0,1384387200
A21VGNU5959O85,B00BR3EMSA,5.0,1386288000
A2RX62V4E2BF5Z,B00BR3EMSA,3.0,1389398400
AOXMWBNDZDJ9L,B00BR3EMSA,4.0,1385078400
A1FDV3WPOHREY9,B00BR3EMSA,5.0,1383868800
A1IBKN1GXYJ3K4,B00BR3EMSA,5.0,1388448000
A10M94ASQEBL56,B00BR3EMSA,4.0,1384041600
A2974R9BTPZPOJ,B00BR3EMSA,5.0,1384992000
A3N27L13CWJ9HY,B00BR3EMSA,5.0,1385856000
A3MWP39R0W9TQX,B00BR3EMSA,4.0,1386288000
A1GWDRBUMQOCRK,B00BR3EMSA,5.0,1383091200
ADJ0G262H54GP,B00BR3EMSA,5.0,1382659200
AYNNJ0DBGL5H7,B00BR3EMSA,5.0,1384992000
A26OPNLJ0JYHPH,B00BR3EMSA,4.0,1387411200
A1IH7O6EL7SNBD,B00BR3EMSA,5.0,1382659200
A1RR36YKJB917S,B00BR3EMSA,5.0,1384992000
A3H5QGH5OD2XGX,B00BR3EMSA,5.0,1388361600
AX7QMRXX81L9K,B00BR3EMSA,4.0,1383868800
A35LT14WG5BX0T,B00BR3EMSA,5.0,1392768000
A1C7Y31S5QXNTR,B00BR3EMSA,5.0,1386028800
A2ECM9HLMC242H,B00BR3EMSA,5.0,1388361600
AMYTL79JMGQ6D,B00BR3EMSA,5.0,1383004800
A3RYSRBRTZB0JD,B00BR3EMSA,5.0,1384041600
A1XVF5DU3N05OM,B00BR3EMSA,5.0,1386201600
A3EJ8XHVDC0CWH,B00BR3EMSA,5.0,1382832000
A376OJHLE6SU9Q,B00BR3EMSA,5.0,1385856000
A1QBOC76MIOJYP,B00BR3EMSA,5.0,1383609600
A3K3SE4RK846WO,B00BR3EMSA,4.0,1385596800
A1FXY0GUFHEI59,B00BR3EMSA,4.0,1383350400
A3R5GTYQ50QVMD,B00BR3EMSA,4.0,1388188800
A24ZMNWTW8AQUR,B00BR3EMSA,4.0,1386633600
A3NEAETOSXDBOM,B00BR3EMSA,5.0,1382400000
A33PVCHCQ2BTN0,B00BR3EMSA,5.0,1388707200
A2VWE5SGNDS8HW,B00BR3EMSA,5.0,1387324800
A26SO3TOT2TLJE,B00BRCMYLI,3.0,1373846400
A2JXCOUGYS5Y4J,B00BRCMYLI,4.0,1373328000
A3JPFWKS83R49V,B00BRCMYLI,4.0,1376179200
A2OJCTT5WLB2HR,B00BRCMYLI,2.0,1373068800
A35HOUWHAYZZN6,B00BRCMYLI,5.0,1373328000
AKCZIJ6ZHE41D,B00BRCMYLI,4.0,1373587200
A3V6QSTG2T9MIO,B00BRCMYLI,4.0,1376352000
A3LLP0VSTSABK2,B00BRCMYLI,4.0,1374105600
A20A523DFHLRBT,B00BRCMYLI,5.0,1374105600
ADFLBRY00Y70G,B00BRCMYLI,4.0,1376524800
A3212H6SF9W1LV,B00BRCMYLI,3.0,1374192000
ALGI34BYWIXZG,B00BRCMYLI,3.0,1374710400
A307YFSORUAXSQ,B00BRCMYLI,4.0,1375660800
A3NEAETOSXDBOM,B00BRCMYLI,5.0,1373673600
A30QAOLNZ4415R,B00BRCMYLI,4.0,1374624000
A3SQQYS79AV13M,B00BRCMYLI,4.0,1373846400
A8QYRG7TW491B,B00BRCMYLI,4.0,1374969600
A2NVQZ4Y7Y0J1R,B00BRCMYLI,3.0,1375747200
A1NOBRCN20NGD5,B00BRCMYPO,5.0,1380153600
ALQMZVXPJ0Y3A,B00BRCMYPO,4.0,1376956800
A3VGAP2KLCBNBB,B00BRCMYPO,4.0,1377129600
A29JUMRL1US6YP,B00BRCMYPO,5.0,1384300800
A2JKM8KF3296CW,B00BRCMYPO,5.0,1377216000
A3V14SK22N2VAI,B00BRCMYPO,4.0,1379203200
A1NC9AGZOBI0M1,B00BRCMYPO,4.0,1379462400
A2GH8LYNLQSE3F,B00BRCMYPO,4.0,1378425600
AB0TLNLNOAGY4,B00BRCMYPO,4.0,1382572800
A6X1O3A5C5FX1,B00BRCMYPO,4.0,1380758400
A2I4A4WGWII18Z,B00BRCMYPO,5.0,1377993600
ABYLSNI0MGXZB,B00BRCMYPO,5.0,1380153600
ATLZNVLYKP9AZ,B00BRCMYPO,5.0,1381881600
A2DURJRPTPKUZS,B00BRCN9TO,4.0,1369699200
A2ZO5SU0ESSB1N,B00BRCN9TO,5.0,1370304000
A1II2ZRPKZAQQD,B00BRCN9TO,5.0,1372118400
A188JOXWF4EY1R,B00BRCN9TO,3.0,1372550400
A2HC9549CZAKNN,B00BRCN9TO,4.0,1369958400
AMB5L7WUBUVDM,B00BRCN9TO,4.0,1369958400
A2XYH8IHILWW7X,B00BRCN9TO,4.0,1370304000
A2K89R0B20LYHB,B00BRCN9TO,5.0,1369872000
A1MZEMD0EDETS6,B00BRCN9TO,5.0,1372550400
A279A4Y2N1CQ26,B00BRCN9TO,4.0,1373241600
A353U0L2HAMSHV,B00BRCN9TO,4.0,1372550400
A2OJCTT5WLB2HR,B00BRCN9TO,5.0,1370304000
A2ME89MSWVG9NF,B00BRCN9TO,4.0,1369526400
A2BMZRO0H7TFCS,B00BRCN9TO,4.0,1370131200
A2ZB8B7VQONZA6,B00BRCN9TO,5.0,1370131200
A97H5I4P5PCEM,B00BRCN9TO,5.0,1371513600
ALEUQQE118NEW,B00BRCN9TO,4.0,1369699200
A3BKNXX8QFIXIV,B00BRCN9TO,5.0,1370563200
AGFGY4EJ37VS2,B00BRCN9TO,5.0,1369785600
ABQWMANK4AR63,B00BRCN9TO,4.0,1370131200
A3V6QSTG2T9MIO,B00BRCN9TO,4.0,1376524800
AOI2MD752ZWFU,B00BRCN9TO,4.0,1370908800
A19WEEGB05YAZ3,B00BRCN9TO,4.0,1369699200
A3T7XVG3AXJF61,B00BRCN9TO,5.0,1370304000
A3M2O06MCHJG18,B00BRCN9TO,5.0,1372550400
ADFLBRY00Y70G,B00BRCN9TO,3.0,1374105600
AGEKVD8JPZQMT,B00BRCN9TO,4.0,1370044800
A25C5MVVCIYT5D,B00BRCN9TO,3.0,1371168000
A17C7XZHFOS12W,B00BRCN9TO,4.0,1371254400
A307YFSORUAXSQ,B00BRCN9TO,5.0,1372464000
A231LBC8EGPO5L,B00BRCN9TO,5.0,1370304000
AC04O7AYHEKJ5,B00BRCN9TO,5.0,1372204800
AAU0G40ZN5RIL,B00BRCN9TO,4.0,1370304000
AD34TCPEP7P84,B00BRCN9TO,5.0,1374105600
AV1F8VNJPLPTL,B00BRCN9TO,4.0,1371686400
A30QAOLNZ4415R,B00BRCN9TO,5.0,1373932800
A2I4A4WGWII18Z,B00BRCN9TO,5.0,1369785600
A3K91X9X2ARDOK,B00BRCN9TO,5.0,1371513600
A1M7Y63Y5GYJI1,B00BRCN9TO,5.0,1374105600
A2H667ZUNLNTF1,B00BRCN9TO,4.0,1373932800
A2DURJRPTPKUZS,B00BRCNAE8,4.0,1368835200
A2GRDQJ4Z7053K,B00BRCNAE8,5.0,1367193600
A1F7YU6O5RU432,B00BRCNAE8,4.0,1374451200
AZA55FJD7CCZN,B00BRCNAE8,4.0,1371513600
A2U83VDVJMAB2U,B00BRCNAE8,4.0,1367539200
A2RX62V4E2BF5Z,B00BRCNAE8,4.0,1367712000
A2RVCF21L2NPU5,B00BRCNAE8,5.0,1371081600
A1MZEMD0EDETS6,B00BRCNAE8,5.0,1368144000
A2974R9BTPZPOJ,B00BRCNAE8,4.0,1369180800
A2ME89MSWVG9NF,B00BRCNAE8,4.0,1367193600
A15D2X8MICR2VQ,B00BRCNAE8,3.0,1368144000
A4EBYIKOMYFF9,B00BRCNAE8,2.0,1368144000
A2503LT8PZIHAD,B00BRCNAE8,5.0,1367971200
A1SD1C8XK3Z3V1,B00BRCNAE8,5.0,1367798400
A3A8FMW6BDJ166,B00BRCNAE8,5.0,1368748800
A5GPH59NDWJRB,B00BRCNAE8,4.0,1367107200
AVFJ327UXPXLF,B00BRCNAE8,5.0,1367884800
A14X244VGHWPSX,B00BRCNAE8,4.0,1367452800
A1KLPS6P7UR631,B00BRCNAE8,5.0,1367798400
A305XM71TF83CY,B00BRCNAE8,1.0,1368662400
ASHO96ZB8AL1Z,B00BRCNAE8,4.0,1368662400
A3QEIVO8AB3YMU,B00BRCNAE8,4.0,1368144000
A1Y32FBX45NCNL,B00BRCNAE8,4.0,1371686400
A3FWVV13DJELLV,B00BRCNAE8,4.0,1370044800
A3Q9HY0LU7MN6E,B00BRCNAE8,3.0,1368316800
A3LN4AOPBIUQWR,B00BRCNAE8,5.0,1367712000
A1ZVFCPHCWFV71,B00BRCNAE8,3.0,1371686400
A2YV6F6DLENNTM,B00BRCNAE8,4.0,1368230400
A1FATTRIXTSTEB,B00BRCNAE8,5.0,1367107200
AX7317G153T8W,B00BRCNAE8,4.0,1368489600
AQZ4PHIEEV5N5,B00BRCNAE8,5.0,1370995200
A1JOANG98KBFKU,B00BRCNAE8,4.0,1371686400
A276OI0NHBYORX,B00BRCNAE8,5.0,1368662400
A2BZ16RKE13PKV,B00BRCNAE8,5.0,1371686400
ALQ4USPEQ9L5N,B00BRCNAE8,5.0,1370131200
A3JHC8O59WDHFZ,B00BRCNAE8,2.0,1368057600
A33VI944SO2YCN,B00BRCNAE8,4.0,1369180800
A2NXAV1SNXWA9H,B00BRCNAE8,5.0,1368576000
A2T04VAIXSKJH2,B00BRCNAE8,4.0,1368662400
A30QAOLNZ4415R,B00BRCNAE8,5.0,1368662400
A1UINGIK3UG77D,B00BRCNAE8,4.0,1366588800
A1M7Y63Y5GYJI1,B00BRCNAE8,4.0,1369267200
ACR4HKUT808U1,B00BRCNAE8,5.0,1366502400
A1QR76SYGTXJN5,B00BRI99SS,4.0,1386374400
AL3MFYSK9HKCL,B00BRI99SS,4.0,1385942400
A3I9XZGYARBLS4,B00BRI99SS,4.0,1393718400
A2OMQEK9OW2FY6,B00BRI99SS,5.0,1384387200
A11SPSEM08VIXX,B00BRI99SS,4.0,1385510400
A37USOKUTI724H,B00BRI99SS,5.0,1383091200
A10Z8FC0SMU5VQ,B00BRI99SS,5.0,1383868800
AMS2CPERWN7JV,B00BRI99SS,4.0,1389657600
A2Y5T1O43P14RP,B00BRI99SS,3.0,1387324800
A2IMZNPSJGB2HQ,B00BRI99SS,4.0,1388361600
A3USZS8Q4GOKGE,B00BRI99SS,4.0,1383091200
A397CWU6DM3O5G,B00BRI99SS,4.0,1385596800
ARADXCOUVBS09,B00BRI99SS,3.0,1392854400
A10YWQ4AAAE29O,B00BRI99SS,4.0,1384300800
A336FE20YZZL3A,B00BRI99SS,5.0,1389830400
A4EUL79IT6AUP,B00BRI99SS,3.0,1384992000
A1GWDRBUMQOCRK,B00BRI99SS,5.0,1385510400
A29JUMRL1US6YP,B00BRI99SS,4.0,1388448000
A24RCBRDXRXR0Y,B00BRI99SS,2.0,1384646400
AKCZIJ6ZHE41D,B00BRI99SS,4.0,1385769600
A34CSXOGVYF94S,B00BRI99SS,3.0,1386115200
A1F5O1USOUOOXI,B00BRI99SS,4.0,1386460800
AA8F2HV4DPV2T,B00BRI99SS,4.0,1386633600
A3T7XVG3AXJF61,B00BRI99SS,3.0,1385424000
ABSYIF0ONC2AF,B00BRI99SS,4.0,1383609600
A2561PYW9TTMYD,B00BRI99SS,4.0,1388016000
A3LLP0VSTSABK2,B00BRI99SS,5.0,1383091200
A2VJJ2POCLMED7,B00BRI99SS,4.0,1388448000
AQSW6WDVCJGB8,B00BRI99SS,3.0,1387843200
A3PPXVR5J6U2JD,B00BRI99SS,3.0,1384646400
AZMISC9FAUBIR,B00BRI99SS,5.0,1383177600
A2ZKQC0XCIIAEM,B00BRI99SS,4.0,1386288000
A2JVBJUU2DL0WA,B00BRI99SS,3.0,1385510400
A2TBAUW2W7J538,B00BRI99SS,3.0,1386028800
AYNTULRNAIPNY,B00BRI99SS,5.0,1384905600
A276OI0NHBYORX,B00BRI99SS,4.0,1385942400
A1FXY0GUFHEI59,B00BRI99SS,2.0,1383350400
A14RYRR7ETV3UY,B00BRI99SS,3.0,1387238400
A58F10T4OE58C,B00BRI99SS,3.0,1386201600
A3HPCRD9RX351S,B00BRI99SS,3.0,1383955200
ARIDN94LOCQFD,B00BRI99SS,4.0,1383004800
A3DFH4CKPIT0N9,B00BRI99SS,4.0,1383091200
A2Q8GFSEUSGJ51,B00BRI99SS,3.0,1382918400
ANRD6B90QL0FF,B00BRI99SS,4.0,1384128000
A3F2VVIQIY6U64,B00BTH2G3W,4.0,1382313600
A2HOLM5I1ARX9J,B00BTH2G3W,3.0,1382140800
A3FG0FQHNV2UP2,B00BTH2G3W,2.0,1382054400
A3RTNA9THAU2OP,B00BTH2G3W,5.0,1384905600
A5GPH59NDWJRB,B00BTH2G3W,4.0,1386547200
A3M6KV5PDU46YI,B00BTH2G3W,5.0,1380585600
A2V2URLB31HG59,B00BTH2G3W,5.0,1387411200
A1NIGUK4M2ST8,B00BTH2G3W,4.0,1381795200
A1WSQ0QRWQC7VI,B00BTH2G3W,4.0,1384819200
A26BDXG9KVH7SU,B00BTH2G3W,4.0,1386979200
A3FWVV13DJELLV,B00BTH2G3W,3.0,1382572800
A22CW0ZHY3NJH8,B00BTH2G3W,5.0,1379894400
A307YFSORUAXSQ,B00BTH2G3W,3.0,1382918400
AQ1F3NP2G15S5,B00BTH2G3W,3.0,1381708800
A1VTBADV3JS1EC,B00BTH2G3W,4.0,1383782400
A1Q1T811N4IY3Z,B00BTH2G3W,4.0,1385510400
A2DURJRPTPKUZS,B00BUM29XS,3.0,1369699200
A2JXCOUGYS5Y4J,B00BUM29XS,5.0,1371772800
A2W4014S06NAIT,B00BUM29XS,4.0,1371859200
A3R7RE5O61M112,B00BUM29XS,5.0,1372118400
A1VYFEJM12ZP11,B00BUM29XS,4.0,1369094400
A23WE733QT4WGJ,B00BUM29XS,5.0,1370044800
A1VTBADV3JS1EC,B00BUM29XS,5.0,1371513600
A1RDHBBZE1NPS3,B00BUM29XS,4.0,1371772800
A8QYRG7TW491B,B00BUM29XS,4.0,1369094400
AIVZMEFEAGF3,B00BUM29XS,4.0,1370822400
AMB2Z4FMDBWQY,B00BUM29XS,4.0,1371686400
A2ECTCPBTOGW4H,B00BY8095I,5.0,1388534400
A1WP940JZL83T7,B00BY8095I,4.0,1385683200
A1II2ZRPKZAQQD,B00BY8095I,3.0,1388016000
A16PUD6V3KAZ0Q,B00BY8095I,4.0,1389830400
A3HUC8541SJ6UT,B00BY8095I,4.0,1388188800
AY3D7DG5L5WCK,B00BY8095I,5.0,1385942400
A1UFLVSJ3IRETQ,B00BY8095I,5.0,1389571200
A4EUL79IT6AUP,B00BY8095I,5.0,1389830400
A2ZJPDH0YP90SD,B00BY8095I,4.0,1385251200
A381MT950I6KRL,B00BY8095I,4.0,1387411200
A3C9YGB4H90PDE,B00BY8095I,3.0,1388448000
A6D07P6DHMXIP,B00BY8095I,4.0,1386720000
A3TWBW1B17R151,B00BY8095I,4.0,1386028800
A2HELIKP5RV27F,B00BY8095I,5.0,1388188800
A1PI8VBCXXSGC7,B00BY8095I,5.0,1385769600
A45S6D1P309G9,B00BY8095I,5.0,1388448000
AY3EENC2BGTGK,B00BY8095I,5.0,1387238400
A1XVF5DU3N05OM,B00BY8095I,4.0,1386201600
A3A90CELVLOUP6,B00BY8095I,5.0,1388448000
A6B92PTV0Z1SU,B00BY8095I,5.0,1389830400
A1VTBADV3JS1EC,B00BY8095I,4.0,1388448000
A527VID8R4K67,B00BY8095I,4.0,1388361600
A344N0X5LIV43M,B00BY8095I,3.0,1385337600
A2Q8GFSEUSGJ51,B00BY8095I,4.0,1385510400
A2V9DTXTQ5YIMK,B00BYD5JLW,3.0,1385510400
A1W415JP5WEAJK,B00BYD5JLW,4.0,1382659200
A16Z2OECAUX8Z4,B00BYD5JLW,2.0,1385856000
A3CA3RWZYJDWXE,B00BYD5JLW,5.0,1382572800
A2RX62V4E2BF5Z,B00BYD5JLW,4.0,1383350400
A1X3ESYZ79H59E,B00BYD5JLW,3.0,1387411200
A279A4Y2N1CQ26,B00BYD5JLW,3.0,1384128000
ALNFHVS3SC4FV,B00BYD5JLW,3.0,1383696000
A13KNCFLH0IH2G,B00BYD5JLW,2.0,1380153600
ACJT8MUC0LRF0,B00BYD5JLW,4.0,1383955200
AMS2CPERWN7JV,B00BYD5JLW,4.0,1387238400
A36MP37DITBU6F,B00BYD5JLW,1.0,1384905600
AG8E2F0G98ZTB,B00BYD5JLW,2.0,1383955200
A2P739KOM4U5JB,B00BYD5JLW,2.0,1385856000
A22VNXHU6IZ5MT,B00BYD5JLW,4.0,1385510400
A3BKNXX8QFIXIV,B00BYD5JLW,1.0,1382832000
A2CZ98V784SRJ0,B00BYD5JLW,4.0,1387411200
AGEKVD8JPZQMT,B00BYD5JLW,2.0,1382572800
A231LBC8EGPO5L,B00BYD5JLW,2.0,1377734400
AC04O7AYHEKJ5,B00BYD5JLW,4.0,1381968000
ALQ4USPEQ9L5N,B00BYD5JLW,3.0,1387324800
AFICF7DKHTQ87,B00BYD5JLW,2.0,1383609600
A2H667ZUNLNTF1,B00BYD5JLW,2.0,1386720000
A16Z2OECAUX8Z4,B00BYD5JMG,5.0,1387324800
A3CA3RWZYJDWXE,B00BYD5JMG,5.0,1384992000
A2RX62V4E2BF5Z,B00BYD5JMG,4.0,1385683200
ATS7LYGLUX34L,B00BYD5JMG,4.0,1384905600
ALNFHVS3SC4FV,B00BYD5JMG,5.0,1384128000
ACJT8MUC0LRF0,B00BYD5JMG,5.0,1383177600
A2LW5AL0KQ9P1M,B00BYD5JMG,5.0,1384473600
AMS2CPERWN7JV,B00BYD5JMG,4.0,1387238400
A2503LT8PZIHAD,B00BYD5JMG,5.0,1383436800
A14UOOROH3XRQ9,B00BYD5JMG,3.0,1379894400
A1M5ZT35YX6TIN,B00BYD5JMG,5.0,1385596800
A1GWDRBUMQOCRK,B00BYD5JMG,4.0,1383177600
ALYZJ7W14YS26,B00BYD5JMG,4.0,1382832000
A244CRJ2QSVLZ4,B00BYD5JMG,4.0,1384214400
A2UEB48LAWFUCW,B00BYD5JMG,5.0,1387152000
AE8AT5NB4DDRM,B00BYD5JMG,5.0,1381881600
A2CZ98V784SRJ0,B00BYD5JMG,5.0,1387411200
A1PI8VBCXXSGC7,B00BYD5JMG,4.0,1385683200
A1UQBFCERIP7VJ,B00BYD5JMG,5.0,1385078400
A2QDOJFFLFGF18,B00BYD5JMG,5.0,1387238400
A231LBC8EGPO5L,B00BYD5JMG,5.0,1383436800
A2ZKQC0XCIIAEM,B00BYD5JMG,4.0,1382659200
A15CL28ALB7MTZ,B00BYD5JMG,4.0,1380153600
ALQ4USPEQ9L5N,B00BYD5JMG,4.0,1387411200
A1MRRMHGV3PN5W,B00BYD5JMG,4.0,1377475200
A30QAOLNZ4415R,B00BYD5JMG,4.0,1380326400
A33PVCHCQ2BTN0,B00BYD5JMG,5.0,1384905600
A2D4FQHV506EPB,B00BYD5LVA,3.0,1379376000
A3F2VVIQIY6U64,B00BYD5LVA,2.0,1379635200
AAH603Y3Y8QL7,B00BYD5LVA,1.0,1379548800
AYUF7YETYOLNX,B00BYD5LVA,1.0,1387152000
A2RX62V4E2BF5Z,B00BYD5LVA,3.0,1384905600
A14Z0Q1DU6CBJJ,B00BYD5LVA,3.0,1377648000
ALNFHVS3SC4FV,B00BYD5LVA,3.0,1383696000
A10ZBR6O8S8OCY,B00BYD5LVA,3.0,1385251200
ACJT8MUC0LRF0,B00BYD5LVA,3.0,1383177600
A2LW5AL0KQ9P1M,B00BYD5LVA,2.0,1384473600
ALYZJ7W14YS26,B00BYD5LVA,2.0,1382832000
A1ZU55TM45Y2R8,B00BYD5LVA,2.0,1384992000
A267FU71Z01CIH,B00BYD5LVA,2.0,1385337600
A2CZ98V784SRJ0,B00BYD5LVA,4.0,1383091200
A17NX7T7DW6KL2,B00BYD5LVA,3.0,1381968000
A3PPXVR5J6U2JD,B00BYD5LVA,1.0,1377648000
A2QDOJFFLFGF18,B00BYD5LVA,1.0,1387411200
A3FWVV13DJELLV,B00BYD5LVA,3.0,1386806400
A2ZKQC0XCIIAEM,B00BYD5LVA,1.0,1382832000
A19GJX6TTSK0C0,B00BYD5LVA,3.0,1379980800
A25QJBK33C4O0R,B00BYD5LVA,2.0,1382918400
A1ITRGMT80D5TK,B00BYD5LVA,3.0,1384992000
A2H667ZUNLNTF1,B00BYD5LVA,2.0,1386720000
A3QD59N3M7O7KB,B00BYD5LVA,2.0,1385251200
A2V9DTXTQ5YIMK,B00BZ8KNDK,4.0,1385510400
A1W415JP5WEAJK,B00BZ8KNDK,4.0,1382745600
A16Z2OECAUX8Z4,B00BZ8KNDK,5.0,1387324800
A3CA3RWZYJDWXE,B00BZ8KNDK,5.0,1384992000
A2RX62V4E2BF5Z,B00BZ8KNDK,4.0,1383350400
A1TR1R2QKWRSRA,B00BZ8KNDK,4.0,1386720000
ACJT8MUC0LRF0,B00BZ8KNDK,5.0,1382572800
A2LW5AL0KQ9P1M,B00BZ8KNDK,4.0,1384041600
AMS2CPERWN7JV,B00BZ8KNDK,4.0,1387238400
A36MP37DITBU6F,B00BZ8KNDK,5.0,1383177600
A2P739KOM4U5JB,B00BZ8KNDK,4.0,1385856000
A22VNXHU6IZ5MT,B00BZ8KNDK,5.0,1385510400
A3BKNXX8QFIXIV,B00BZ8KNDK,4.0,1382832000
A26EQ8U96JA92T,B00BZ8KNDK,5.0,1385164800
A34W7QA4J5UTOR,B00BZ8KNDK,3.0,1381017600
A267FU71Z01CIH,B00BZ8KNDK,4.0,1385337600
A2CZ98V784SRJ0,B00BZ8KNDK,5.0,1387411200
A1UQBFCERIP7VJ,B00BZ8KNDK,4.0,1385596800
A2QDOJFFLFGF18,B00BZ8KNDK,3.0,1387411200
AGEKVD8JPZQMT,B00BZ8KNDK,4.0,1382572800
A3FWVV13DJELLV,B00BZ8KNDK,4.0,1385856000
A231LBC8EGPO5L,B00BZ8KNDK,3.0,1382659200
A2ZKQC0XCIIAEM,B00BZ8KNDK,5.0,1382832000
ALQ4USPEQ9L5N,B00BZ8KNDK,5.0,1387411200
A33PVCHCQ2BTN0,B00BZ8KNDK,5.0,1384905600
AFICF7DKHTQ87,B00BZ8KNDK,4.0,1383782400
A2H667ZUNLNTF1,B00BZ8KNDK,4.0,1386547200
A16Z2OECAUX8Z4,B00C18BWYW,5.0,1379635200
A2OMQEK9OW2FY6,B00C18BWYW,4.0,1379376000
A2U83VDVJMAB2U,B00C18BWYW,4.0,1378857600
A3JPFWKS83R49V,B00C18BWYW,3.0,1381104000
A2AYJJAFNSGSU1,B00C18BWYW,3.0,1377820800
A1UHKF1UQ3EGW4,B00C18BWYW,4.0,1379203200
A10M94ASQEBL56,B00C18BWYW,5.0,1379548800
A15Q9YEG1XPEJN,B00C18BWYW,4.0,1377561600
A3MWP39R0W9TQX,B00C18BWYW,4.0,1379548800
A3F43PAJZLOE3I,B00C18BWYW,5.0,1380412800
A1BK60GZ4QME6I,B00C18BWYW,3.0,1378080000
AOI2MD752ZWFU,B00C18BWYW,4.0,1378771200
AHQ13I9CI4US6,B00C18BWYW,3.0,1380585600
A3K4AJLVHAH4OZ,B00C18BWYW,4.0,1378080000
A32658HY8IU6UV,B00C18BWYW,4.0,1379462400
A1NIGUK4M2ST8,B00C18BWYW,4.0,1378598400
A2QDOJFFLFGF18,B00C18BWYW,5.0,1381968000
A30LAVLDNH4JR0,B00C18BWYW,3.0,1381968000
AQZ4PHIEEV5N5,B00C18BWYW,5.0,1380672000
A23RQRX7LO7NG8,B00C18BWYW,5.0,1380412800
A3V55DVYU80LDS,B00C18BWYW,4.0,1380326400
A2ZO5SU0ESSB1N,B00C18BXNC,4.0,1377475200
A3LMPD1ZQTWOC4,B00C18BXNC,5.0,1379030400
A1IDAKX7OM3QIE,B00C18BXNC,4.0,1380326400
A1IBKN1GXYJ3K4,B00C18BXNC,5.0,1379030400
A2TTHN1UMO82VY,B00C18BXNC,4.0,1379548800
A3T6HX48F66512,B00C18BXNC,4.0,1376956800
A381MT950I6KRL,B00C18BXNC,4.0,1378857600
A3QCC7PV6EG4YC,B00C18BXNC,4.0,1381968000
A3H0ZQ74ITU83J,B00C18BXNC,4.0,1379980800
A2PNTEDGMOLMOY,B00C18BXNC,4.0,1379289600
A11OBEH2ZCVAHX,B00C18BXNC,5.0,1378771200
A26R7LLAFTPC3U,B00C18BXNC,5.0,1380844800
A2ZO5SU0ESSB1N,B00C1LU0VK,3.0,1384041600
A19D3N662QS9WD,B00C1LU0VK,2.0,1387324800
A3O28YJBZG1Q0Q,B00C1LU0VK,5.0,1387584000
ALUV2YKWZENKK,B00C1LU0VK,4.0,1383350400
AVQZ0JG8OP8P7,B00C1LU0VK,4.0,1384819200
A3M6KV5PDU46YI,B00C1LU0VK,4.0,1383091200
A1GUX6R8DV3ZLY,B00C1LU0VK,2.0,1382832000
A1NIGUK4M2ST8,B00C1LU0VK,5.0,1384819200
A3FWVV13DJELLV,B00C1LU0VK,3.0,1386720000
AK1WNXTHNCG5V,B00C1LU0VK,4.0,1383177600
AG71XMQGQ2UTJ,B00C1LU0VK,4.0,1385942400
A3K3SE4RK846WO,B00C1LU0VK,4.0,1385596800
A307YFSORUAXSQ,B00C1LU0VK,2.0,1386115200
ALDAF4VVLFRHP,B00C1LU0VK,5.0,1384992000
A2D4FQHV506EPB,B00C3WXKPA,5.0,1386460800
A2IG937LQKWO7C,B00C3WXKPA,5.0,1380931200
A37USOKUTI724H,B00C3WXKPA,5.0,1382313600
A29JUMRL1US6YP,B00C3WXKPA,3.0,1388448000
AR5SY32T76DBM,B00C3WXKPA,4.0,1388448000
A1DD9MSMEKYOVW,B00C3WXKPA,5.0,1378425600
A3T8WOFS5RD2IR,B00C3WXKPA,4.0,1385337600
A33HIV8RXRDM88,B00C3WXKPA,4.0,1387411200
A2VHCA21QKNEKE,B00C3WXKPA,5.0,1387324800
A5BJMAHZWGJ7N,B00C3WXKPA,4.0,1385596800
A1UCPXUBSESD65,B00C3WXKPA,5.0,1384905600
A1FATTRIXTSTEB,B00C3WXKPA,5.0,1379980800
A276OI0NHBYORX,B00C3WXKPA,5.0,1385942400
A3NEAETOSXDBOM,B00C3WXKPA,5.0,1381449600
ABC68JUCPTVOE,B00C4QVG7E,5.0,1379894400
A1F7YU6O5RU432,B00C4QVG7E,5.0,1385769600
A2XYH8IHILWW7X,B00C4QVG7E,4.0,1377907200
AEL6CQNQXONBX,B00C4QVG7E,4.0,1384128000
A10ZBR6O8S8OCY,B00C4QVG7E,5.0,1382745600
ACJT8MUC0LRF0,B00C4QVG7E,5.0,1383177600
A17V2N0N8CXSA9,B00C4QVG7E,4.0,1381190400
AYB4ELCS5AM8P,B00C4QVG7E,4.0,1382745600
A3FWVV13DJELLV,B00C4QVG7E,3.0,1386460800
A376OJHLE6SU9Q,B00C4QVG7E,4.0,1385856000
A1QBOC76MIOJYP,B00C4QVG7E,3.0,1387411200
A3415H58HNGQFV,B00C4QVG7E,3.0,1381968000
A16YU3GRGCD95S,B00C4QVG7E,5.0,1384732800
A1ITRGMT80D5TK,B00C4QVG7E,3.0,1384300800
A2H667ZUNLNTF1,B00C4QVG7E,5.0,1386720000
A19JDXB5R33C7R,B00C4QVG7E,5.0,1383004800
A2G04D4QZAXL15,B00C4QVG7E,3.0,1384214400
A1II2ZRPKZAQQD,B00C58ICA0,3.0,1373241600
A3EXW4HNYX7HF5,B00C58ICA0,4.0,1376352000
AFTFND8CPQ34M,B00C58ICA0,4.0,1375142400
A10M94ASQEBL56,B00C58ICA0,4.0,1374710400
A37USOKUTI724H,B00C58ICA0,5.0,1374019200
A2TS040W2FW5O,B00C58ICA0,3.0,1376438400
A97H5I4P5PCEM,B00C58ICA0,5.0,1372204800
A1GWDRBUMQOCRK,B00C58ICA0,4.0,1373068800
A26OPNLJ0JYHPH,B00C58ICA0,1.0,1373068800
A14DNCG5WHM86Z,B00C58ICA0,3.0,1372809600
A1DSRM2P0WGQNS,B00C58ICA0,4.0,1375660800
AOI2MD752ZWFU,B00C58ICA0,3.0,1373673600
A3BH63GKL7MQ2K,B00C58ICA0,3.0,1381968000
A31AVXMESQRQAC,B00C58ICA0,5.0,1372204800
A3FMPT5IH0CJ50,B00C58ICA0,3.0,1375401600
A1FJFLAAQD5WH2,B00C58ICA0,5.0,1373068800
A3L2KYOYDWSRPL,B00C58ICA0,3.0,1376524800
AOEUN9718KVRD,B00C58ICA0,3.0,1373241600
A3PPXVR5J6U2JD,B00C58ICA0,3.0,1376265600
A2QDOJFFLFGF18,B00C58ICA0,3.0,1376352000
A30LAVLDNH4JR0,B00C58ICA0,4.0,1376524800
A3K8AU6BAGN60E,B00C58ICA0,4.0,1375660800
A27BKXQAR305QL,B00C58ICA0,5.0,1373241600
A1MBFUV5DZNEZQ,B00C58ICA0,5.0,1373328000
A2OOZZDSOHG4UY,B00C58ICA0,5.0,1374019200
A58F10T4OE58C,B00C58ICA0,3.0,1373241600
A1M0OSCFOAMAZO,B00C58ICA0,4.0,1373241600
A2V0I904FH7ABY,B00C58ICA0,4.0,1373328000
A2DURJRPTPKUZS,B00C598PMO,4.0,1380844800
A3O28YJBZG1Q0Q,B00C598PMO,5.0,1382400000
A7C77J4MH94B6,B00C598PMO,4.0,1384992000
A2LW5AL0KQ9P1M,B00C598PMO,4.0,1380844800
A2KIVODZRTGY4U,B00C598PMO,4.0,1384992000
AKMEY1BSHSDG7,B00C598PMO,5.0,1381881600
A1ZGHA3IJV01BK,B00C598PMO,4.0,1380844800
AX7QMRXX81L9K,B00C598PMO,4.0,1384041600
A2YV6F6DLENNTM,B00C598PMO,5.0,1380931200
A276OI0NHBYORX,B00C598PMO,5.0,1382400000
A3VS2RYRGDW4HS,B00C598PMO,3.0,1384300800
A39H1GO9E3YQIB,B00C6BWA8Q,5.0,1381276800
AQB4DH57MSZSC,B00C6BWA8Q,5.0,1382572800
A1T8N18XKDLJO4,B00C6BWA8Q,5.0,1380240000
A1UYMXFON06KQ6,B00C6BWA8Q,4.0,1379203200
A5H8NA5CJ0FK4,B00C6BWA8Q,4.0,1381363200
A2KFWHHUFVKFXZ,B00C6BWA8Q,4.0,1378857600
A1KDM0N4UCEPHA,B00C6BWA8Q,4.0,1384819200
A35LT14WG5BX0T,B00C6BWA8Q,5.0,1383177600
ALLHJD3KZF9KC,B00C6BWA8Q,4.0,1380153600
AK1WNXTHNCG5V,B00C6BWA8Q,5.0,1378684800
AQZ4PHIEEV5N5,B00C6BWA8Q,5.0,1380067200
A1FXY0GUFHEI59,B00C6BWA8Q,4.0,1377561600
A2GH8LYNLQSE3F,B00C6BWA8Q,5.0,1378425600
AB0TLNLNOAGY4,B00C6BWA8Q,3.0,1380153600
A343Y76WJTBYP6,B00C6BWA8Q,5.0,1378339200
A2WFZWRYWLC20S,B00C6BWA8Q,5.0,1390435200
AUCXT9K30SHYF,B00C6BWA8Q,5.0,1378857600
A13WEKTB63G78Y,B00C6BWA8Q,4.0,1381968000
A15JB2HEZ6RKGW,B00C6BWA8Q,4.0,1377993600
A2W2E6BPPYZO0T,B00C6BWA8Q,4.0,1379203200
A19D3N662QS9WD,B00C6PRJ0G,1.0,1375142400
A1QG13XG3EO2CX,B00C6PRJ0G,5.0,1375401600
A26KXNN6H1IL0I,B00C6PRJ0G,2.0,1374019200
A25HYPL2XKQPZB,B00C6PRJ0G,2.0,1376265600
A19FRW264WZTGP,B00C6PRJ0G,2.0,1373673600
A2OJCTT5WLB2HR,B00C6PRJ0G,2.0,1372550400
A4EBYIKOMYFF9,B00C6PRJ0G,3.0,1372636800
A35IX2GE0VC0JP,B00C6PRJ0G,2.0,1376524800
A18OUQEK7IZ2F2,B00C6PRJ0G,1.0,1372032000
A2065HBMYDXJ1S,B00C6PRJ0G,4.0,1374105600
A1O2QIQK2OR5TC,B00C6PRJ0G,4.0,1374019200
ABQWMANK4AR63,B00C6PRJ0G,2.0,1372550400
A1KLPS6P7UR631,B00C6PRJ0G,3.0,1372809600
A1QT3N5FUQ4I47,B00C6PRJ0G,2.0,1376179200
A3RYSRBRTZB0JD,B00C6PRJ0G,5.0,1374105600
A19JGPUJAX048H,B00C6PRJ0G,2.0,1376438400
AVJJ2D4G5I0Z4,B00C6PRJ0G,1.0,1372723200
AT1RF4WNPGGLC,B00C6PRJ0G,5.0,1374019200
A3QEIVO8AB3YMU,B00C6PRJ0G,2.0,1373673600
A9XX8OHS2ZQ2X,B00C6PRJ0G,3.0,1375142400
A344N0X5LIV43M,B00C6PRJ0G,1.0,1373328000
A2MW90O3P2GOO5,B00C6PRJ0G,4.0,1373673600
AUCXT9K30SHYF,B00C6PRJ0G,2.0,1373068800
A2GOHBNQ58WOKC,B00C6PRJ0G,5.0,1375315200
A1UKA7HUAQAMY,B00C6PSBE4,3.0,1375228800
A1MZEMD0EDETS6,B00C6PSBE4,5.0,1376006400
ATS7LYGLUX34L,B00C6PSBE4,3.0,1376265600
A28IIVKXOE1ATF,B00C6PSBE4,5.0,1372464000
A3MWP39R0W9TQX,B00C6PSBE4,4.0,1374105600
A24U6WGBZ4P74W,B00C6PSBE4,5.0,1372723200
AAEHOTZ1GRAUX,B00C6PSBE4,4.0,1374019200
ATLO3YXU2BC16,B00C6PSBE4,5.0,1372809600
A3AG5QAT8L0I3R,B00C6PSBE4,5.0,1374019200
AUCOL2XUE1IX7,B00C6PSBE4,4.0,1375574400
A6VSWJVTWEOII,B00C6PSBE4,4.0,1374624000
ARARUVZ8RUF5T,B00C6PSBE4,4.0,1372982400
A2LXC5ZHHP0WXP,B00C6PSBE4,5.0,1375142400
A2AOZQ3WTNVVOK,B00C6PSBE4,4.0,1376265600
A3H0ZQ74ITU83J,B00C6PSBE4,4.0,1374192000
A3Q9HY0LU7MN6E,B00C6PSBE4,4.0,1373760000
A2B3A8NQIHITO8,B00C6PSBE4,5.0,1372550400
A344N0X5LIV43M,B00C6PSBE4,3.0,1373328000
AAU0G40ZN5RIL,B00C6PSBE4,4.0,1373500800
A1KXJCXS6HFRQZ,B00C6PSBE4,3.0,1376524800
ADZIJQN6MNRAB,B00C6PSBE4,5.0,1372982400
A2D4FQHV506EPB,B00C6PUQF6,4.0,1379376000
A1F7YU6O5RU432,B00C6PUQF6,3.0,1380067200
A16Z2OECAUX8Z4,B00C6PUQF6,5.0,1379635200
A3EK2KTYHJCPB9,B00C6PUQF6,3.0,1377734400
A3NHUQ33CFH3VM,B00C6PUQF6,2.0,1379376000
ALNFHVS3SC4FV,B00C6PUQF6,4.0,1379721600
ACJT8MUC0LRF0,B00C6PUQF6,5.0,1377475200
A2ME89MSWVG9NF,B00C6PUQF6,3.0,1372464000
A26DQMYF5E0GL6,B00C6PUQF6,4.0,1377302400
AY3D7DG5L5WCK,B00C6PUQF6,4.0,1378857600
A3FOSLM5G1BO63,B00C6PUQF6,4.0,1381881600
A3B9C6MZAFC1JX,B00C6PUQF6,4.0,1375228800
A2503LT8PZIHAD,B00C6PUQF6,3.0,1377561600
A2P739KOM4U5JB,B00C6PUQF6,3.0,1379894400
A1M5ZT35YX6TIN,B00C6PUQF6,1.0,1378598400
A1GWDRBUMQOCRK,B00C6PUQF6,2.0,1373068800
A1P0JSFW184ZXJ,B00C6PUQF6,4.0,1372809600
A3VI2VETB90ZG5,B00C6PUQF6,4.0,1377475200
A19WEEGB05YAZ3,B00C6PUQF6,4.0,1372809600
A3C9YGB4H90PDE,B00C6PUQF6,3.0,1374451200
A3RYSRBRTZB0JD,B00C6PUQF6,5.0,1375315200
A3212H6SF9W1LV,B00C6PUQF6,3.0,1375747200
A1QBOC76MIOJYP,B00C6PUQF6,3.0,1380067200
A1FATTRIXTSTEB,B00C6PUQF6,4.0,1372377600
A27BKXQAR305QL,B00C6PUQF6,4.0,1383091200
A3R5GTYQ50QVMD,B00C6PUQF6,1.0,1377475200
A1E5WXNTI7EO2A,B00C6PUQF6,4.0,1378252800
A3JHC8O59WDHFZ,B00C6PUQF6,3.0,1377475200
A208U42GARHSOR,B00C6PUQF6,3.0,1372723200
ACR4HKUT808U1,B00C6PUQF6,3.0,1372723200
A2GOHBNQ58WOKC,B00C6PUQF6,4.0,1375315200
A2V92F5R7MLCVI,B00C6PUQF6,3.0,1379894400
A3GK1O5S6188AJ,B00C6PV4QQ,4.0,1377043200
A2ZPZM9RE08JXF,B00C6PV4QQ,5.0,1374710400
A2AYJJAFNSGSU1,B00C6PV4QQ,4.0,1374624000
A1UHKF1UQ3EGW4,B00C6PV4QQ,5.0,1374537600
A1FDVT0DLJWV78,B00C6PV4QQ,5.0,1379462400
A2MVPY9XVYST9H,B00C6PV4QQ,4.0,1376006400
A1GARI2JT6EAWA,B00C6PV4QQ,5.0,1379462400
AMS2CPERWN7JV,B00C6PV4QQ,4.0,1379462400
A3BTL4FV6ODKAT,B00C6PV4QQ,5.0,1376611200
AG8E2F0G98ZTB,B00C6PV4QQ,4.0,1376438400
A215WH6RUDUCMP,B00C6PV4QQ,5.0,1374710400
A1NQK5MH9GTJ6S,B00C6PV4QQ,3.0,1375228800
A2V2URLB31HG59,B00C6PV4QQ,4.0,1379548800
A19WEEGB05YAZ3,B00C6PV4QQ,5.0,1377216000
A35LT14WG5BX0T,B00C6PV4QQ,5.0,1379462400
AFHYEO3Y1IIDD,B00C6PV4QQ,4.0,1376870400
AY3EENC2BGTGK,B00C6PV4QQ,5.0,1375315200
A1NIGUK4M2ST8,B00C6PV4QQ,5.0,1376265600
A3UYBRB74RJFXB,B00C6PV4QQ,5.0,1376438400
ADFLBRY00Y70G,B00C6PV4QQ,4.0,1379548800
AK1WNXTHNCG5V,B00C6PV4QQ,5.0,1376352000
A3Q9HY0LU7MN6E,B00C6PV4QQ,5.0,1377561600
A1ODOGXEYECQQ8,B00C6PV4QQ,4.0,1377475200
A2ZKQC0XCIIAEM,B00C6PV4QQ,5.0,1374796800
A1VTBADV3JS1EC,B00C6PV4QQ,5.0,1378080000
AUS5X6IMFLJBD,B00C6PV4QQ,4.0,1377993600
A2UT0FWM1DHKFJ,B00C6PV4QQ,5.0,1374624000
A1R1BFJCMWX0Y3,B00C6PV4QQ,4.0,1375833600
A30QAOLNZ4415R,B00C6PV4QQ,4.0,1379116800
A2HHAV29CZ1OIE,B00C6PV4QQ,4.0,1376870400
A3JLOIXFM75QNV,B00C6PV4QQ,5.0,1378857600
A3R01WHD75L6FG,B00C6PV4QQ,3.0,1379894400
A2DURJRPTPKUZS,B00C6PWHB2,2.0,1376697600
A2RIAXGSBP65BJ,B00C6PWHB2,4.0,1376265600
A1DO6DKWF3CMBD,B00C6PWHB2,5.0,1377043200
A2VAD79S4A06DD,B00C6PWHB2,4.0,1375747200
A3KPJ1MOGTZVGC,B00C6PWHB2,4.0,1375920000
A1IBKN1GXYJ3K4,B00C6PWHB2,5.0,1377993600
A2QX49LS3Y3ANI,B00C6PWHB2,3.0,1377043200
A26DQMYF5E0GL6,B00C6PWHB2,3.0,1376438400
AHNHLGKIZ2N3B,B00C6PWHB2,4.0,1379548800
A2MVPY9XVYST9H,B00C6PWHB2,3.0,1375142400
A1RTSVWEXMKAR1,B00C6PWHB2,5.0,1379548800
A3VGAP2KLCBNBB,B00C6PWHB2,2.0,1378252800
A4EBYIKOMYFF9,B00C6PWHB2,4.0,1377043200
A33X80DIINN48Y,B00C6PWHB2,3.0,1376265600
A1P0JSFW184ZXJ,B00C6PWHB2,4.0,1378598400
A2065HBMYDXJ1S,B00C6PWHB2,3.0,1376265600
A26EQ8U96JA92T,B00C6PWHB2,4.0,1377302400
ABQWMANK4AR63,B00C6PWHB2,3.0,1375833600
A2UEB48LAWFUCW,B00C6PWHB2,3.0,1376611200
ALLHJD3KZF9KC,B00C6PWHB2,5.0,1379462400
A1R6DKN9YQ2YU1,B00C6PWHB2,4.0,1378684800
A3QEIVO8AB3YMU,B00C6PWHB2,4.0,1376697600
A17C7XZHFOS12W,B00C6PWHB2,4.0,1376697600
A2ZKQC0XCIIAEM,B00C6PWHB2,5.0,1374624000
A1R8TTMXVXEI6H,B00C6PWHB2,4.0,1374710400
A29VG90T649CSU,B00C6PWHB2,5.0,1379030400
A24ZMNWTW8AQUR,B00C6PWHB2,4.0,1376524800
A1VABWDOUQLULZ,B00C6PWHB2,3.0,1388016000
A25RTRAPQAJBDJ,B00C6PWHB2,4.0,1378857600
A16YU3GRGCD95S,B00C6PWHB2,5.0,1376006400
A1UKA7HUAQAMY,B00C6PXLMQ,4.0,1384992000
A1DRKVXO300RUE,B00C6PXLMQ,3.0,1384300800
A1T8N18XKDLJO4,B00C6PXLMQ,4.0,1384041600
A3JPFWKS83R49V,B00C6PXLMQ,4.0,1384732800
A19FRW264WZTGP,B00C6PXLMQ,4.0,1380931200
AOM63D4VL32WM,B00C6PXLMQ,4.0,1380672000
A2QCE7L6GRE3MT,B00C6PXLMQ,5.0,1389052800
A3V5F050GVZ56Q,B00C6PXLMQ,5.0,1375660800
A2IMZNPSJGB2HQ,B00C6PXLMQ,5.0,1384387200
A1BKJNAWJT2TG2,B00C6PXLMQ,4.0,1381536000
A2TS040W2FW5O,B00C6PXLMQ,3.0,1384387200
A1R2JUOGIYH6HO,B00C6PXLMQ,4.0,1383523200
A1FWFCJU2G7TRA,B00C6PXLMQ,4.0,1381363200
A2RKI7RPP5CJMG,B00C6PXLMQ,4.0,1383091200
A3H5QGH5OD2XGX,B00C6PXLMQ,3.0,1383436800
ABLV9L4MQO7ER,B00C6PXLMQ,5.0,1384732800
AVJJ2D4G5I0Z4,B00C6PXLMQ,4.0,1380153600
AZMISC9FAUBIR,B00C6PXLMQ,5.0,1380585600
AUV3OR951650C,B00C6PXLMQ,1.0,1383782400
A3C1QYGEET3BVY,B00C6PXLMQ,4.0,1381190400
A3PIW7ZF4C5ZJL,B00C6PXLMQ,4.0,1382054400
A2UT0FWM1DHKFJ,B00C6PXLMQ,5.0,1380672000
A3JEPPCGV55FAQ,B00C6PXLMQ,3.0,1384992000
A3MUSWDCTZINQZ,B00C6PXLMQ,4.0,1381968000
A2H667ZUNLNTF1,B00C6PXLMQ,5.0,1381708800
AGHIUO1B3IF8H,B00C6PY8D2,5.0,1372723200
AC4XV78EJG1QB,B00C6PY8D2,5.0,1372636800
AERBY54RWPSO9,B00C6PY8D2,5.0,1372377600
AJV985MKGCIQ0,B00C6PY8D2,4.0,1372550400
AOXMWBNDZDJ9L,B00C6PY8D2,3.0,1375488000
A2K89R0B20LYHB,B00C6PY8D2,5.0,1374019200
A1Q08H4B9QGT2N,B00C6PY8D2,3.0,1373932800
A34IBXM7E8CPWE,B00C6PY8D2,3.0,1373241600
AQ9JTZBF30IW0,B00C6PY8D2,4.0,1375315200
AYNNJ0DBGL5H7,B00C6PY8D2,4.0,1373673600
A215WH6RUDUCMP,B00C6PY8D2,5.0,1373587200
A3RTNA9THAU2OP,B00C6PY8D2,5.0,1374105600
AGFGY4EJ37VS2,B00C6PY8D2,4.0,1372809600
AHQ13I9CI4US6,B00C6PY8D2,4.0,1375833600
A2VYA302TO2K1C,B00C6PY8D2,4.0,1375228800
A19JGPUJAX048H,B00C6PY8D2,5.0,1376438400
AY3EENC2BGTGK,B00C6PY8D2,5.0,1375315200
ALDV8DDZWWPYE,B00C6PY8D2,4.0,1373500800
A1NIGUK4M2ST8,B00C6PY8D2,4.0,1373068800
A3L1BNBV4SS1H8,B00C6PY8D2,4.0,1374019200
A1WSQ0QRWQC7VI,B00C6PY8D2,2.0,1376352000
A136LRUR0RDH9J,B00C6PY8D2,3.0,1373846400
A30LAVLDNH4JR0,B00C6PY8D2,3.0,1376524800
A2B3A8NQIHITO8,B00C6PY8D2,5.0,1372550400
AIXDV2Z2NEYP6,B00C6PY8D2,5.0,1374105600
APDPA11IZPYLN,B00C6PY8D2,4.0,1376352000
A1GNYV0RA0EQSS,B00C6PY8D2,5.0,1373500800
A1VLVWTLV3LVHR,B00C6PY8D2,5.0,1372809600
A1POFVVXUZR3IQ,B00C6PY8D2,5.0,1372636800
A16Z2OECAUX8Z4,B00C6PYGJ8,5.0,1383523200
A3LWC833HQIG7J,B00C6PYGJ8,5.0,1380153600
A39BGN8JA7CIFX,B00C6PYGJ8,4.0,1379289600
A2U83VDVJMAB2U,B00C6PYGJ8,4.0,1378857600
A1Q08H4B9QGT2N,B00C6PYGJ8,3.0,1381968000
A1Z54EM24Y40LL,B00C6PYGJ8,5.0,1378166400
A10M94ASQEBL56,B00C6PYGJ8,5.0,1379548800
AOI2MD752ZWFU,B00C6PYGJ8,5.0,1381363200
A3DZFEICHK5LF2,B00C6PYGJ8,4.0,1380153600
A19WEEGB05YAZ3,B00C6PYGJ8,2.0,1378512000
A34W7QA4J5UTOR,B00C6PYGJ8,4.0,1377907200
A3RYSRBRTZB0JD,B00C6PYGJ8,5.0,1377907200
A35Q0RBM3YNQNF,B00C6PYGJ8,2.0,1380844800
A2NBCCFDISGUQT,B00C6PYGJ8,3.0,1381881600
A1PTBXZG04GT29,B00C6PYGJ8,4.0,1377475200
A21VQDGHP3T7Y,B00C6PYGJ8,3.0,1382054400
A2MG95DI29NJTJ,B00C6PYGJ8,3.0,1380153600
A2BZ16RKE13PKV,B00C6PYGJ8,4.0,1379548800
ADYZOSTF9LZLD,B00C6PYGJ8,5.0,1378339200
A1C139F5C7Y38P,B00C6PYGJ8,4.0,1379203200
A2HHAV29CZ1OIE,B00C6PYGJ8,2.0,1380153600
A23RQRX7LO7NG8,B00C6PYGJ8,5.0,1380412800
A3G7BEJJCPD6DS,B00C6PYGJ8,3.0,1381968000
AFO678EAGH4Y9,B00C6PYQAM,5.0,1373155200
A3EXW4HNYX7HF5,B00C6PYQAM,4.0,1376352000
A3U4GW06XNSI2Q,B00C6PYQAM,4.0,1372723200
A1DO6DKWF3CMBD,B00C6PYQAM,4.0,1374105600
A2AYJJAFNSGSU1,B00C6PYQAM,3.0,1373068800
A1FK6IQ111SJDR,B00C6PYQAM,2.0,1373500800
A3G2PUQ455XMXJ,B00C6PYQAM,5.0,1373932800
A10M94ASQEBL56,B00C6PYQAM,4.0,1374710400
A15D2X8MICR2VQ,B00C6PYQAM,4.0,1372809600
A3F43PAJZLOE3I,B00C6PYQAM,5.0,1373760000
A30UIZJMFL9PLT,B00C6PYQAM,3.0,1374105600
A1W7R5ZAGVOSVQ,B00C6PYQAM,3.0,1376784000
AY1I85LLDMETC,B00C6PYQAM,4.0,1375228800
A23TGI02RB7JC,B00C6PYQAM,5.0,1377648000
AXR3CV6A4FMBG,B00C6PYQAM,3.0,1373846400
A3LOGP4VA9DX46,B00C6PYQAM,2.0,1376524800
A1JOANG98KBFKU,B00C6PYQAM,2.0,1374105600
A21VQDGHP3T7Y,B00C6PYQAM,2.0,1374105600
A1MBFUV5DZNEZQ,B00C6PYQAM,5.0,1372809600
AAU0G40ZN5RIL,B00C6PYQAM,4.0,1373500800
A2Z2FATA8JNL54,B00C6PYQAM,4.0,1374624000
A1C139F5C7Y38P,B00C6PYQAM,4.0,1373068800
A156P4FPL8OGXB,B00C6PYQAM,4.0,1375228800
A3U0S17XYK8XMJ,B00C6Q7MJI,2.0,1380067200
A3OXRFCJI67IMN,B00C6Q7MJI,3.0,1378080000
A21VGNU5959O85,B00C6Q7MJI,4.0,1379548800
A1Q08H4B9QGT2N,B00C6Q7MJI,3.0,1381968000
A3G2PUQ455XMXJ,B00C6Q7MJI,5.0,1379289600
A3CN9CCJUNIPKT,B00C6Q7MJI,4.0,1381708800
A1TS45JWJVOSSW,B00C6Q7MJI,5.0,1377475200
A36MP37DITBU6F,B00C6Q7MJI,5.0,1377734400
A3B9C6MZAFC1JX,B00C6Q7MJI,4.0,1377561600
A3BTL4FV6ODKAT,B00C6Q7MJI,3.0,1384387200
A3JZUGERNK38IW,B00C6Q7MJI,5.0,1379548800
A215WH6RUDUCMP,B00C6Q7MJI,5.0,1380153600
AAEHOTZ1GRAUX,B00C6Q7MJI,4.0,1380585600
ATANE2SC44592,B00C6Q7MJI,5.0,1380499200
AY3EENC2BGTGK,B00C6Q7MJI,5.0,1379980800
A35Q0RBM3YNQNF,B00C6Q7MJI,4.0,1380844800
A1NIGUK4M2ST8,B00C6Q7MJI,5.0,1378598400
A3L1BNBV4SS1H8,B00C6Q7MJI,4.0,1380499200
A3FWVV13DJELLV,B00C6Q7MJI,2.0,1378252800
A2ZKQC0XCIIAEM,B00C6Q7MJI,5.0,1377993600
A2V98TS4QDDCG9,B00C6Q7MJI,5.0,1379376000
A277TO3PKKNYDH,B00C6Q7MJI,3.0,1379289600
A3R5GTYQ50QVMD,B00C6Q7MJI,5.0,1377388800
A344N0X5LIV43M,B00C6Q7MJI,4.0,1377388800
A2DURJRPTPKUZS,B00C74HOME,3.0,1372896000
A2RIAXGSBP65BJ,B00C74HOME,4.0,1374710400
A2TXMYYGSZCSZ1,B00C74HOME,5.0,1373241600
AJV985MKGCIQ0,B00C74HOME,4.0,1372550400
A1GARI2JT6EAWA,B00C74HOME,4.0,1376352000
A2BMZRO0H7TFCS,B00C74HOME,4.0,1374710400
AZ515FFZ7I2P7,B00C74HOME,4.0,1376524800
A1W7R5ZAGVOSVQ,B00C74HOME,4.0,1376784000
A1BK60GZ4QME6I,B00C74HOME,5.0,1375142400
A6VSWJVTWEOII,B00C74HOME,5.0,1374624000
A1ZGHA3IJV01BK,B00C74HOME,5.0,1372636800
AJQDIT55SZ3ZX,B00C74HOME,5.0,1372896000
A1LUK8APLC16WK,B00C74HOME,4.0,1373932800
ADFLBRY00Y70G,B00C74HOME,4.0,1374537600
A1Q7A78VSQ5GQ4,B00C74HOME,5.0,1373587200
A27BKXQAR305QL,B00C74HOME,4.0,1372204800
A2TBAUW2W7J538,B00C74HOME,4.0,1375488000
A1JOANG98KBFKU,B00C74HOME,4.0,1374105600
A1FXY0GUFHEI59,B00C74HOME,4.0,1372809600
A3JLOIXFM75QNV,B00C74HOME,4.0,1375920000
A33230MIA3W7G4,B00C74HOME,4.0,1373241600
A1POFVVXUZR3IQ,B00C74HOME,5.0,1372636800
A1UKA7HUAQAMY,B00C74HRSA,3.0,1374710400
A2RW587355CMVA,B00C74HRSA,3.0,1373500800
A318IDAWJ9ZYAY,B00C74HRSA,5.0,1378944000
A2VAD79S4A06DD,B00C74HRSA,5.0,1374105600
A1UHKF1UQ3EGW4,B00C74HRSA,5.0,1372982400
A16EIVIBBXFAQ0,B00C74HRSA,4.0,1376352000
A3G2PUQ455XMXJ,B00C74HRSA,5.0,1373932800
A3R9X003XW0LNR,B00C74HRSA,4.0,1374796800
A1GARI2JT6EAWA,B00C74HRSA,4.0,1376352000
A215WH6RUDUCMP,B00C74HRSA,5.0,1372291200
A14X244VGHWPSX,B00C74HRSA,4.0,1374105600
A1W7R5ZAGVOSVQ,B00C74HRSA,4.0,1376784000
A167KPMW1NBZJW,B00C74HRSA,5.0,1376524800
A2HELIKP5RV27F,B00C74HRSA,3.0,1375142400
A3K4AJLVHAH4OZ,B00C74HRSA,4.0,1372550400
A17NX7T7DW6KL2,B00C74HRSA,3.0,1376524800
A17SZZO9LM3WYC,B00C74HRSA,4.0,1372723200
A20A523DFHLRBT,B00C74HRSA,5.0,1374105600
A1NIGUK4M2ST8,B00C74HRSA,5.0,1373068800
A1Z7Y2GMAP9SRY,B00C74HRSA,4.0,1373155200
AK1WNXTHNCG5V,B00C74HRSA,4.0,1373846400
A27BKXQAR305QL,B00C74HRSA,5.0,1372118400
A37D2TGTIXRV2N,B00C74HRSA,5.0,1376438400
A6X1O3A5C5FX1,B00C74HRSA,3.0,1375315200
AUCXT9K30SHYF,B00C74HRSA,5.0,1373241600
AUJFO0J9A2HGE,B00C74HWVC,4.0,1382572800
A4EBYIKOMYFF9,B00C74HWVC,4.0,1381190400
A2TS040W2FW5O,B00C74HWVC,4.0,1384387200
AWH2AY17ZU7W2,B00C74HWVC,4.0,1382486400
A1C7Y31S5QXNTR,B00C74HWVC,5.0,1381104000
ADFLBRY00Y70G,B00C74HWVC,4.0,1384992000
A37D2TGTIXRV2N,B00C74HWVC,5.0,1384992000
A1JOANG98KBFKU,B00C74HWVC,3.0,1383696000
A1D1IDI5S9TN9D,B00C74HWVC,4.0,1384214400
A1R1BFJCMWX0Y3,B00C74HWVC,3.0,1380844800
A13Z96HR8EEF24,B00C74HWVC,3.0,1381536000
ADZIJQN6MNRAB,B00C74HWVC,4.0,1381536000
A3G7BEJJCPD6DS,B00C74HWVC,4.0,1384905600
A1DRKVXO300RUE,B00C74I9P0,4.0,1379289600
A318IDAWJ9ZYAY,B00C74I9P0,4.0,1378944000
A2VAD79S4A06DD,B00C74I9P0,4.0,1375747200
AJ2FDNZ3COBFN,B00C74I9P0,5.0,1386633600
AOXMWBNDZDJ9L,B00C74I9P0,4.0,1375488000
A2CRIQOX1SYA3I,B00C74I9P0,4.0,1375747200
A1BKJNAWJT2TG2,B00C74I9P0,4.0,1377820800
A215WH6RUDUCMP,B00C74I9P0,4.0,1377820800
A3A8FMW6BDJ166,B00C74I9P0,5.0,1378857600
A3RTNA9THAU2OP,B00C74I9P0,5.0,1376524800
A3C6CZC2JP67VK,B00C74I9P0,4.0,1377043200
A1VXIY1511XQK2,B00C74I9P0,4.0,1376352000
A1R2JUOGIYH6HO,B00C74I9P0,5.0,1378339200
ALLHJD3KZF9KC,B00C74I9P0,5.0,1379462400
A1LA4K5JF78BER,B00C74I9P0,4.0,1379376000
A136LRUR0RDH9J,B00C74I9P0,4.0,1375488000
A2QDOJFFLFGF18,B00C74I9P0,5.0,1379462400
A30LAVLDNH4JR0,B00C74I9P0,3.0,1378166400
A1Q7A78VSQ5GQ4,B00C74I9P0,5.0,1377648000
AZMISC9FAUBIR,B00C74I9P0,4.0,1375142400
ALGI34BYWIXZG,B00C74I9P0,5.0,1377907200
A2B3A8NQIHITO8,B00C74I9P0,4.0,1377475200
AIXDV2Z2NEYP6,B00C74I9P0,4.0,1382572800
A1GNYV0RA0EQSS,B00C74I9P0,3.0,1376352000
AXVKMYWNIHK7W,B00C74I9P0,5.0,1376438400
A17E3NBADNTI3X,B00C74I9P0,3.0,1379462400
A1POFVVXUZR3IQ,B00C74I9P0,5.0,1374192000
A319Y83RT0MRVR,B00C74I9V4,4.0,1376438400
AFEYHFH2GH0QZ,B00C74I9V4,1.0,1373068800
A2CNGARED6OWWU,B00C74I9V4,4.0,1374105600
A3KPJ1MOGTZVGC,B00C74I9V4,2.0,1374451200
A2TTHN1UMO82VY,B00C74I9V4,2.0,1373846400
A1S27P7KJO9I96,B00C74I9V4,5.0,1373155200
A3BTL4FV6ODKAT,B00C74I9V4,5.0,1376438400
A1SD1C8XK3Z3V1,B00C74I9V4,5.0,1375488000
A3CLWZGMC7M9Z1,B00C74I9V4,4.0,1376179200
A24RCBRDXRXR0Y,B00C74I9V4,3.0,1373846400
A3C6CZC2JP67VK,B00C74I9V4,4.0,1373932800
A3HAA7H8PBVM78,B00C74I9V4,3.0,1373500800
A3KCKECEO3E2AN,B00C74I9V4,4.0,1375747200
A27H9DOUGY9FOS,B00C74I9V4,3.0,1374969600
AIW4CHZOM5W7D,B00C74I9V4,4.0,1376265600
AT1RF4WNPGGLC,B00C74I9V4,5.0,1375315200
A1VTBADV3JS1EC,B00C74I9V4,3.0,1372636800
A1ZZR25X0CNOJX,B00C74I9V4,3.0,1372723200
A2Q8GFSEUSGJ51,B00C74I9V4,3.0,1373328000
A3FQZH8PJB535A,B00C74I9V4,4.0,1375747200
A1ITRGMT80D5TK,B00C74I9V4,5.0,1374192000
A2J8DE8R94ZB02,B00C74I9V4,4.0,1375920000
A2D4FQHV506EPB,B00C7VQ48M,4.0,1388448000
A1Z54EM24Y40LL,B00C7VQ48M,4.0,1403654400
A2BN9DIBP9A0XG,B00C7VQ48M,4.0,1388361600
A2UBSGFCP2QFNV,B00C7VQ48M,5.0,1388361600
AVQZ0JG8OP8P7,B00C7VQ48M,3.0,1388620800
A26EQ8U96JA92T,B00C7VQ48M,3.0,1388448000
ABLV9L4MQO7ER,B00C7VQ48M,4.0,1388361600
AK1WNXTHNCG5V,B00C7VQ48M,5.0,1386720000
A15JB2HEZ6RKGW,B00C7VQ48M,4.0,1385769600
A3JLOIXFM75QNV,B00C7VQ48M,4.0,1389744000
A1X2YRSD648FM3,B00C81LYH2,1.0,1376524800
A3GK1O5S6188AJ,B00C81LYH2,5.0,1373414400
A39Q9G7J70A056,B00C81LYH2,5.0,1372723200
A26KXNN6H1IL0I,B00C81LYH2,4.0,1374019200
A3AL9NFNWTRV39,B00C81LYH2,4.0,1375747200
A10E3F50DIUJEE,B00C81LYH2,5.0,1388448000
A28IIVKXOE1ATF,B00C81LYH2,5.0,1372204800
A15D2X8MICR2VQ,B00C81LYH2,4.0,1375142400
AJQDIT55SZ3ZX,B00C81LYH2,4.0,1372896000
A1LUK8APLC16WK,B00C81LYH2,5.0,1373155200
AORGKBNQZ83O8,B00C81LYH2,5.0,1374105600
A17NX7T7DW6KL2,B00C81LYH2,3.0,1374796800
A3EZHMGGWY74HY,B00C81LYH2,5.0,1373241600
A2NBCCFDISGUQT,B00C81LYH2,5.0,1373932800
ADYZOSTF9LZLD,B00C81LYH2,3.0,1372982400
AGFW667QNHDOY,B00C81LYH2,3.0,1374105600
A384HAQMS7XRZ4,B00C81LYH2,4.0,1373760000
ADZIJQN6MNRAB,B00C81LYH2,5.0,1372982400
AMB2Z4FMDBWQY,B00C81LYH2,3.0,1373587200
A33230MIA3W7G4,B00C81LYH2,4.0,1373241600
AL3MFYSK9HKCL,B00CANHVUC,3.0,1398729600
A2TXMYYGSZCSZ1,B00CANHVUC,4.0,1397260800
AFTFND8CPQ34M,B00CANHVUC,4.0,1399593600
A2RVCF21L2NPU5,B00CANHVUC,5.0,1396656000
A14Z0Q1DU6CBJJ,B00CANHVUC,3.0,1396828800
AAJIGWE242MSN,B00CANHVUC,4.0,1400112000
A27X7XXOKMK879,B00CANHVUC,4.0,1397692800
AWH2AY17ZU7W2,B00CANHVUC,4.0,1398556800
AGFGY4EJ37VS2,B00CANHVUC,4.0,1395878400
A1O2QIQK2OR5TC,B00CANHVUC,5.0,1397692800
A1KDM0N4UCEPHA,B00CANHVUC,4.0,1398816000
A2VJJ2POCLMED7,B00CANHVUC,5.0,1397779200
AHRNDSKWH1YBT,B00CANHVUC,4.0,1399420800
A199FRO0YFMGED,B00CANHVUC,5.0,1399420800
A3TPNC3TKGCCEI,B00CANHVUC,3.0,1398643200
A4UGMKUSX9XHI,B00CANHVUC,4.0,1399766400
A58F10T4OE58C,B00CANHVUC,4.0,1398470400
A2Q8GFSEUSGJ51,B00CANHVUC,4.0,1395878400
A2H667ZUNLNTF1,B00CANHVUC,5.0,1397606400
A1486KL0IOM7VM,B00CANI9VM,5.0,1384992000
A3F2VVIQIY6U64,B00CANI9VM,4.0,1383436800
AERBY54RWPSO9,B00CANI9VM,5.0,1382572800
A1Q08H4B9QGT2N,B00CANI9VM,4.0,1384992000
ATQ22E6YAUNXP,B00CANI9VM,5.0,1381104000
A3RTNA9THAU2OP,B00CANI9VM,5.0,1381881600
ABMX8XUNPR3LP,B00CANI9VM,1.0,1383609600
AY3EENC2BGTGK,B00CANI9VM,5.0,1382486400
A30LAVLDNH4JR0,B00CANI9VM,4.0,1384128000
A2V98TS4QDDCG9,B00CANI9VM,5.0,1381968000
A277TO3PKKNYDH,B00CANI9VM,3.0,1382400000
A344N0X5LIV43M,B00CANI9VM,3.0,1381276800
AAU0G40ZN5RIL,B00CANI9VM,5.0,1380585600
A12E0Y0J6584RT,B00CANI9VM,4.0,1381795200
A2WW57XX2UVLM6,B00CANI9VM,4.0,1388534400
A2D4FQHV506EPB,B00CCIKII2,5.0,1377561600
A39H1GO9E3YQIB,B00CCIKII2,5.0,1375833600
A2K75QOCP9ZHSL,B00CCIKII2,4.0,1376265600
ANCOMAI0I7LVG,B00CCIKII2,5.0,1375833600
A2D7B5I7ZQ51XL,B00CCIKII2,4.0,1377388800
A1486KL0IOM7VM,B00CCIKII2,5.0,1379548800
A318IDAWJ9ZYAY,B00CCIKII2,5.0,1378944000
A3LWC833HQIG7J,B00CCIKII2,4.0,1375401600
A3IKLTT9JQACCI,B00CCIKII2,5.0,1375401600
A375NF45A1MDWI,B00CCIKII2,4.0,1375056000
A336FE20YZZL3A,B00CCIKII2,5.0,1378512000
A1DD9MSMEKYOVW,B00CCIKII2,5.0,1371859200
A3C6CZC2JP67VK,B00CCIKII2,4.0,1377043200
AOI2MD752ZWFU,B00CCIKII2,4.0,1376524800
AQYYUN3T7B0WM,B00CCIKII2,3.0,1376438400
A2OY6P98P87047,B00CCIKII2,5.0,1377388800
A1ZGHA3IJV01BK,B00CCIKII2,5.0,1376179200
AI2XINIZFPBI8,B00CCIKII2,5.0,1375660800
A1KDM0N4UCEPHA,B00CCIKII2,4.0,1379462400
AE8AT5NB4DDRM,B00CCIKII2,5.0,1375833600
ALLHJD3KZF9KC,B00CCIKII2,5.0,1379462400
A2VJJ2POCLMED7,B00CCIKII2,5.0,1379548800
A2SLX6UHHYCMCV,B00CCIKII2,4.0,1378339200
A5BJMAHZWGJ7N,B00CCIKII2,4.0,1375833600
A3K8AU6BAGN60E,B00CCIKII2,5.0,1377475200
A2C264HY1HHZVX,B00CCIKII2,4.0,1380412800
A307YFSORUAXSQ,B00CCIKII2,5.0,1377993600
A3R33KMESG0XGQ,B00CCIKII2,5.0,1379376000
A2OOZZDSOHG4UY,B00CCIKII2,5.0,1383091200
A1M0OSCFOAMAZO,B00CCIKII2,4.0,1374883200
A3G7BEJJCPD6DS,B00CCIKII2,4.0,1379548800
A20L63B48RPSOH,B00CCIKII2,5.0,1379548800
AQIBFWWA8UWKF,B00CDGA68U,4.0,1375660800
A33B3XCIXB4ZVG,B00CDGA68U,4.0,1373328000
A2GRDQJ4Z7053K,B00CDGA68U,5.0,1372809600
A318IDAWJ9ZYAY,B00CDGA68U,4.0,1378944000
A3V2EZ6MA32FF6,B00CDGA68U,5.0,1373846400
A3AL9NFNWTRV39,B00CDGA68U,3.0,1375747200
AM2IR1V5EU55U,B00CDGA68U,4.0,1372982400
AIP0VIGQWIW90,B00CDGA68U,5.0,1372723200
A2RX62V4E2BF5Z,B00CDGA68U,5.0,1374278400
A1WKQ94M45D8MG,B00CDGA68U,4.0,1374192000
A3E0CV9614GQJV,B00CDGA68U,5.0,1372636800
A2FWZ58M6IQMD7,B00CDGA68U,5.0,1375488000
A375NF45A1MDWI,B00CDGA68U,5.0,1372982400
A336FE20YZZL3A,B00CDGA68U,5.0,1375056000
A2LO1YE4Q0N4F,B00CDGA68U,5.0,1372118400
AQYYUN3T7B0WM,B00CDGA68U,3.0,1372982400
A2KFWHHUFVKFXZ,B00CDGA68U,4.0,1373155200
A1GUX6R8DV3ZLY,B00CDGA68U,5.0,1375056000
A1FJFLAAQD5WH2,B00CDGA68U,5.0,1373068800
ALLHJD3KZF9KC,B00CDGA68U,5.0,1376524800
ALDV8DDZWWPYE,B00CDGA68U,2.0,1372809600
A1WSQ0QRWQC7VI,B00CDGA68U,3.0,1373241600
A30LAVLDNH4JR0,B00CDGA68U,4.0,1376524800
A2C264HY1HHZVX,B00CDGA68U,5.0,1374710400
A2YV6F6DLENNTM,B00CDGA68U,4.0,1389657600
AUS5X6IMFLJBD,B00CDGA68U,4.0,1374537600
A1R1BFJCMWX0Y3,B00CDGA68U,4.0,1373241600
A33VI944SO2YCN,B00CDGA68U,5.0,1375574400
A1KMG1AIUS00DC,B00CDGA68U,4.0,1374364800
A1VLVWTLV3LVHR,B00CDGA68U,4.0,1373673600
A2W2E6BPPYZO0T,B00CDGA68U,4.0,1374105600
A2D4FQHV506EPB,B00CDGA69Y,4.0,1374796800
A39H1GO9E3YQIB,B00CDGA69Y,5.0,1373068800
A2RIAXGSBP65BJ,B00CDGA69Y,4.0,1372896000
AGHIUO1B3IF8H,B00CDGA69Y,3.0,1375315200
AIP0VIGQWIW90,B00CDGA69Y,5.0,1372723200
AJ2FDNZ3COBFN,B00CDGA69Y,3.0,1376524800
A1IBKN1GXYJ3K4,B00CDGA69Y,5.0,1376438400
A10Z8FC0SMU5VQ,B00CDGA69Y,5.0,1386201600
A28IIVKXOE1ATF,B00CDGA69Y,4.0,1372896000
A2LO1YE4Q0N4F,B00CDGA69Y,4.0,1375488000
A1DB5QPH7WO488,B00CDGA69Y,4.0,1375833600
AGFGY4EJ37VS2,B00CDGA69Y,4.0,1372291200
A3HAA7H8PBVM78,B00CDGA69Y,4.0,1373500800
A34UVV757IKPVB,B00CDGA69Y,4.0,1388102400
A1FJFLAAQD5WH2,B00CDGA69Y,5.0,1372464000
A23TGI02RB7JC,B00CDGA69Y,5.0,1373500800
A2SLX6UHHYCMCV,B00CDGA69Y,3.0,1376524800
A3KEZLJ59C1JVH,B00CDGA69Y,4.0,1372723200
AVJJ2D4G5I0Z4,B00CDGA69Y,5.0,1372723200
A22IDP8YERZ79X,B00CDGA69Y,5.0,1372464000
A3UYBRB74RJFXB,B00CDGA69Y,3.0,1376438400
A1ONZ8JRPLBNUI,B00CDGA69Y,5.0,1373155200
AUV3OR951650C,B00CDGA69Y,5.0,1376870400
A2YV6F6DLENNTM,B00CDGA69Y,2.0,1374105600
A1BA72K4VK1UN1,B00CDGA69Y,5.0,1376524800
AUS5X6IMFLJBD,B00CDGA69Y,4.0,1375574400
A1FXY0GUFHEI59,B00CDGA69Y,3.0,1372204800
A3LGT6UZL99IW1,B00CDGA69Y,5.0,1373932800
A3R33KMESG0XGQ,B00CDGA69Y,4.0,1376438400
A1R1BFJCMWX0Y3,B00CDGA69Y,3.0,1372636800
A1M0OSCFOAMAZO,B00CDGA69Y,5.0,1372809600
A32QWD5DEY4LDU,B00CDGA69Y,5.0,1372204800
A1WP940JZL83T7,B00CDGA6A8,5.0,1372377600
A2TXMYYGSZCSZ1,B00CDGA6A8,3.0,1372464000
AQB4DH57MSZSC,B00CDGA6A8,2.0,1372204800
A3I1BJIFFM4S21,B00CDGA6A8,4.0,1376352000
A2CNGARED6OWWU,B00CDGA6A8,5.0,1373760000
A1IBKN1GXYJ3K4,B00CDGA6A8,4.0,1376438400
A1S27P7KJO9I96,B00CDGA6A8,4.0,1373068800
A1GBT4UN2RW7XY,B00CDGA6A8,4.0,1376438400
A336FE20YZZL3A,B00CDGA6A8,5.0,1375747200
A2E3NAL9ECE7VS,B00CDGA6A8,3.0,1372377600
A2LO1YE4Q0N4F,B00CDGA6A8,4.0,1375488000
A267FU71Z01CIH,B00CDGA6A8,5.0,1372982400
A2KFWHHUFVKFXZ,B00CDGA6A8,4.0,1373155200
A2701UXI8QGRHE,B00CDGA6A8,5.0,1373846400
A1FJFLAAQD5WH2,B00CDGA6A8,5.0,1372464000
ATANE2SC44592,B00CDGA6A8,5.0,1374192000
A22IDP8YERZ79X,B00CDGA6A8,4.0,1372464000
A3QD7VWBD470D2,B00CDGA6A8,4.0,1375833600
A3Z9QN0RCOHEY,B00CDGA6A8,5.0,1373155200
A1FXY0GUFHEI59,B00CDGA6A8,4.0,1372809600
A527VID8R4K67,B00CDGA6A8,4.0,1373414400
A2KWE2ZM1EEBGJ,B00CDGA6A8,4.0,1373932800
A14RYRR7ETV3UY,B00CDGA6A8,4.0,1374969600
A335GUD1YBS31U,B00CDGA6A8,3.0,1372723200
A3FQZH8PJB535A,B00CDGA6A8,2.0,1375747200
A13Z96HR8EEF24,B00CDGA6A8,3.0,1373068800
A2YQ2ZI65F37N8,B00CDGA6A8,2.0,1373241600
A39D7ONPOORMUT,B00CDGA6A8,5.0,1374451200
A2D4FQHV506EPB,B00CDGV5UI,3.0,1370563200
A39H1GO9E3YQIB,B00CDGV5UI,5.0,1370476800
A1NRMTQ5SZPZA,B00CDGV5UI,4.0,1370995200
A1II2ZRPKZAQQD,B00CDGV5UI,4.0,1372291200
A2974R9BTPZPOJ,B00CDGV5UI,4.0,1370908800
A2ME89MSWVG9NF,B00CDGV5UI,4.0,1369180800
A3SMD3T0QTN109,B00CDGV5UI,5.0,1370044800
AKCZIJ6ZHE41D,B00CDGV5UI,3.0,1370822400
A1WKEAS58297E5,B00CDGV5UI,3.0,1369958400
ATLO3YXU2BC16,B00CDGV5UI,5.0,1369267200
A1O2QIQK2OR5TC,B00CDGV5UI,4.0,1370995200
A1DY0CRKZEY0FB,B00CDGV5UI,3.0,1374019200
AI2XINIZFPBI8,B00CDGV5UI,5.0,1370822400
A1QT3N5FUQ4I47,B00CDGV5UI,4.0,1370822400
A1NIGUK4M2ST8,B00CDGV5UI,3.0,1370217600
A1LG1DKUZXGJ6J,B00CDGV5UI,5.0,1370217600
A2UT0FWM1DHKFJ,B00CDGV5UI,5.0,1369785600
A2OOZZDSOHG4UY,B00CDGV5UI,5.0,1372291200
A1GNYV0RA0EQSS,B00CDGV5UI,5.0,1369872000
A2JE8OS1NN9YDB,B00CDGV5UI,5.0,1369872000
A33VI944SO2YCN,B00CDGV5UI,4.0,1372291200
A2Q8GFSEUSGJ51,B00CDGV5UI,4.0,1369094400
A2JXCOUGYS5Y4J,B00CEMC30C,5.0,1380672000
ADY836HK6QSYR,B00CEMC30C,4.0,1380067200
A2CNGARED6OWWU,B00CEMC30C,5.0,1379462400
AYOMAHLWRQHUG,B00CEMC30C,5.0,1376524800
A3G2PUQ455XMXJ,B00CEMC30C,5.0,1377043200
A4EBYIKOMYFF9,B00CEMC30C,5.0,1379894400
A2507ZYWGMY9BK,B00CEMC30C,5.0,1377734400
A2BFIYZYNK54QX,B00CEMC30C,4.0,1378857600
A1VYFEJM12ZP11,B00CEMC30C,4.0,1377129600
A22B13EJTZKCTM,B00CEMC30C,4.0,1380758400
A2VH0UT5EQFB6P,B00CEMC30C,5.0,1376784000
A5BJMAHZWGJ7N,B00CEMC30C,5.0,1377734400
AVJJ2D4G5I0Z4,B00CEMC30C,5.0,1377129600
A1UQUDT2Q0YENM,B00CEMC30C,5.0,1380153600
A2YB7DLC3FOR7W,B00CEMC30C,4.0,1377216000
A1RF9YK4BK5TRH,B00CEMC30C,4.0,1380067200
A1FXY0GUFHEI59,B00CEMC30C,5.0,1377043200
A3JHC8O59WDHFZ,B00CEMC30C,4.0,1377475200
A2WW57XX2UVLM6,B00CEMC30C,5.0,1378944000
A1HYH206E18XVC,B00CFAA6FM,4.0,1386028800
A16PUD6V3KAZ0Q,B00CFAA6FM,4.0,1387411200
ALUV2YKWZENKK,B00CFAA6FM,5.0,1383264000
A2AYJJAFNSGSU1,B00CFAA6FM,4.0,1380585600
A336FE20YZZL3A,B00CFAA6FM,5.0,1386028800
A3A8FMW6BDJ166,B00CFAA6FM,5.0,1382313600
A18OUQEK7IZ2F2,B00CFAA6FM,4.0,1386201600
A34CSXOGVYF94S,B00CFAA6FM,4.0,1383609600
A167KPMW1NBZJW,B00CFAA6FM,5.0,1384560000
A3V6QSTG2T9MIO,B00CFAA6FM,4.0,1387411200
ATANE2SC44592,B00CFAA6FM,5.0,1383264000
A1LUK8APLC16WK,B00CFAA6FM,4.0,1384732800
A1GHZY5ZMRVN8Q,B00CFAA6FM,5.0,1380153600
A5BJMAHZWGJ7N,B00CFAA6FM,5.0,1380672000
ASJ0MKRFZC47B,B00CFAA6FM,5.0,1381190400
A23KDA686N6T4Y,B00CFAA6FM,5.0,1382745600
A2A4M3EDEUKG3L,B00CFAA6FM,4.0,1385424000
A3JEPPCGV55FAQ,B00CFAA6FM,5.0,1384992000
AL3MFYSK9HKCL,B00CFAA6IY,4.0,1386720000
ARSQ2F9U315WG,B00CFAA6IY,4.0,1383436800
A3JPFWKS83R49V,B00CFAA6IY,4.0,1386115200
AYDC7F9UF6EQX,B00CFAA6IY,5.0,1383609600
AJX9A4Q19UTJU,B00CFAA6IY,4.0,1383264000
A15D2X8MICR2VQ,B00CFAA6IY,4.0,1387065600
A2ZB8B7VQONZA6,B00CFAA6IY,5.0,1384992000
A2MOD50IHEDH3G,B00CFAA6IY,4.0,1383350400
A1VXIY1511XQK2,B00CFAA6IY,3.0,1386201600
AXUJFOFQZNTN,B00CFAA6IY,4.0,1384214400
A3QBCX2QMKJ7AH,B00CFAA6IY,5.0,1384732800
ALDV8DDZWWPYE,B00CFAA6IY,4.0,1383782400
AZMISC9FAUBIR,B00CFAA6IY,4.0,1383091200
A2IJ54FX1L83WK,B00CFAA6IY,4.0,1380240000
A35Y0RSU09ANEN,B00CFAA6IY,5.0,1383177600
A2A4M3EDEUKG3L,B00CFAA6IY,4.0,1385424000
A3JEPPCGV55FAQ,B00CFAA6IY,5.0,1384992000
A19JDXB5R33C7R,B00CFAA6IY,4.0,1384473600
A2GRDQJ4Z7053K,B00CFNSHMS,4.0,1383350400
AQ9JTZBF30IW0,B00CFNSHMS,5.0,1381968000
A1WKEAS58297E5,B00CFNSHMS,5.0,1381795200
A305XM71TF83CY,B00CFNSHMS,4.0,1383436800
A2VJJ2POCLMED7,B00CFNSHMS,3.0,1384214400
A2SLX6UHHYCMCV,B00CFNSHMS,3.0,1383696000
A398R165PXFOSS,B00CFNSHMS,5.0,1385164800
AY3EENC2BGTGK,B00CFNSHMS,5.0,1382486400
A26BDXG9KVH7SU,B00CFNSHMS,4.0,1386979200
ALQ4USPEQ9L5N,B00CFNSHMS,4.0,1387411200
A3U52V5ZAHZZKU,B00CFNSHMS,5.0,1382572800
A3FKPBNI7UWQFW,B00CFNSHMS,5.0,1381795200
A21YYC2SYN5NDY,B00CFOD6OQ,4.0,1383609600
A1T8N18XKDLJO4,B00CFOD6OQ,2.0,1384041600
A2AYJJAFNSGSU1,B00CFOD6OQ,4.0,1383177600
AYOMAHLWRQHUG,B00CFOD6OQ,2.0,1383696000
A3E0CV9614GQJV,B00CFOD6OQ,5.0,1385683200
AY3D7DG5L5WCK,B00CFOD6OQ,4.0,1383523200
AR5SY32T76DBM,B00CFOD6OQ,4.0,1384387200
A27X7XXOKMK879,B00CFOD6OQ,4.0,1383609600
A13BX9O5UDBILC,B00CFOD6OQ,3.0,1383350400
A2SDRCBPIAXVDW,B00CFOD6OQ,5.0,1384819200
A226GFM0Q9L37H,B00CFOD6OQ,5.0,1383091200
A186697K4XKXQL,B00CFOD6OQ,4.0,1381968000
A1MAI0TUIM3R2X,B00CFOD6OQ,4.0,1387324800
A23KACXOE9O9TX,B00CFOD6OQ,4.0,1383609600
A1GNYV0RA0EQSS,B00CFOD6OQ,4.0,1384214400
A2Z2FATA8JNL54,B00CFOD6OQ,3.0,1385424000
A3DIS5O83SQJWW,B00CFWWD6U,4.0,1380758400
A2JXCOUGYS5Y4J,B00CFWWD6U,3.0,1381536000
A2FRKEXDXDN1KI,B00CFWWD6U,4.0,1380412800
A3E0CV9614GQJV,B00CFWWD6U,4.0,1381881600
A2RME4353Y911C,B00CFWWD6U,2.0,1381881600
A26OPNLJ0JYHPH,B00CFWWD6U,3.0,1380153600
A1KGWUYXUBEMB2,B00CFWWD6U,3.0,1383696000
A2BFIYZYNK54QX,B00CFWWD6U,4.0,1382313600
A2065HBMYDXJ1S,B00CFWWD6U,4.0,1381190400
A14X244VGHWPSX,B00CFWWD6U,5.0,1381363200
A2AOZQ3WTNVVOK,B00CFWWD6U,3.0,1384992000
AC1YLEFC9AN5X,B00CFWWD6U,3.0,1382400000
A35Y0RSU09ANEN,B00CFWWD6U,3.0,1384300800
AVL5IDEE8YA3D,B00CFWWD6U,3.0,1383609600
A2UT0FWM1DHKFJ,B00CFWWD6U,4.0,1380844800
A2Q8GFSEUSGJ51,B00CFWWD6U,4.0,1380672000
AFZJNYR931ZCN,B00CFWWD6U,3.0,1383436800
A1VLVWTLV3LVHR,B00CFWWD6U,3.0,1381968000
A1IA0O3OYQO9LV,B00CFWWD6U,1.0,1380499200
A3U52V5ZAHZZKU,B00CFWWD6U,5.0,1380412800
A3QD59N3M7O7KB,B00CFWWD6U,3.0,1382400000
A1WP940JZL83T7,B00CG0CKVE,5.0,1373328000
AQIBFWWA8UWKF,B00CG0CKVE,4.0,1379116800
A2GRDQJ4Z7053K,B00CG0CKVE,5.0,1376438400
A26KXNN6H1IL0I,B00CG0CKVE,5.0,1377993600
A3LWC833HQIG7J,B00CG0CKVE,5.0,1376784000
A3V2EZ6MA32FF6,B00CG0CKVE,5.0,1376438400
ACREHLVRC4H5B,B00CG0CKVE,4.0,1372291200
A3CA3RWZYJDWXE,B00CG0CKVE,5.0,1376438400
A2LW5AL0KQ9P1M,B00CG0CKVE,3.0,1375228800
AXAJXJZUL2J5P,B00CG0CKVE,4.0,1379462400
A2Y5T1O43P14RP,B00CG0CKVE,3.0,1381968000
A2TTHN1UMO82VY,B00CG0CKVE,5.0,1376265600
A3VGAP2KLCBNBB,B00CG0CKVE,3.0,1375315200
A2503LT8PZIHAD,B00CG0CKVE,5.0,1375833600
A3M1PLEYNDEYO8,B00CG0CKVE,5.0,1375660800
A2TS040W2FW5O,B00CG0CKVE,4.0,1376438400
A1M5ZT35YX6TIN,B00CG0CKVE,4.0,1378598400
A1DD9MSMEKYOVW,B00CG0CKVE,5.0,1372896000
A1DB5QPH7WO488,B00CG0CKVE,4.0,1379462400
A8KM4YOB8FGGH,B00CG0CKVE,5.0,1379462400
A1O2QIQK2OR5TC,B00CG0CKVE,5.0,1376956800
AGVDI7RLT24WJ,B00CG0CKVE,3.0,1377561600
A3T7XVG3AXJF61,B00CG0CKVE,5.0,1379203200
A1QT3N5FUQ4I47,B00CG0CKVE,4.0,1379289600
A1LUK8APLC16WK,B00CG0CKVE,5.0,1375833600
AGEKVD8JPZQMT,B00CG0CKVE,5.0,1376524800
A3K8AU6BAGN60E,B00CG0CKVE,5.0,1377820800
A3Z9QN0RCOHEY,B00CG0CKVE,4.0,1375401600
A3LN4AOPBIUQWR,B00CG0CKVE,5.0,1375488000
A231LBC8EGPO5L,B00CG0CKVE,5.0,1375660800
A6B92PTV0Z1SU,B00CG0CKVE,2.0,1376524800
ARPB88E6F2MFR,B00CG0CKVE,5.0,1379030400
A1RDHBBZE1NPS3,B00CG0CKVE,4.0,1377820800
A2ULQOGN59LDNK,B00CG0CKVE,4.0,1377907200
A3VS2RYRGDW4HS,B00CG0CKVE,4.0,1379548800
ALQ4USPEQ9L5N,B00CG0CKVE,5.0,1379289600
A33VI944SO2YCN,B00CG0CKVE,4.0,1377820800
A2Z2FATA8JNL54,B00CG0CKVE,5.0,1377561600
A2I4A4WGWII18Z,B00CG0CKVE,5.0,1376265600
AFICF7DKHTQ87,B00CG0CKVE,5.0,1376524800
A2SD1Z4OROY538,B00CG0CKVE,3.0,1374105600
A15JB2HEZ6RKGW,B00CG0CKVE,4.0,1376870400
A2W2E6BPPYZO0T,B00CG0CKVE,4.0,1376524800
A1X2YRSD648FM3,B00CG0CKXW,1.0,1380153600
A1UKA7HUAQAMY,B00CG0CKXW,2.0,1379548800
A1DRKVXO300RUE,B00CG0CKXW,2.0,1379289600
A279FUL12R7MBD,B00CG0CKXW,3.0,1380499200
A2RX62V4E2BF5Z,B00CG0CKXW,4.0,1377302400
A2RVCF21L2NPU5,B00CG0CKXW,5.0,1379116800
A3MEMX0XF00TBD,B00CG0CKXW,3.0,1376956800
A375NF45A1MDWI,B00CG0CKXW,4.0,1377043200
A3TJSWA0W9ITYE,B00CG0CKXW,4.0,1379548800
A2W4014S06NAIT,B00CG0CKXW,4.0,1378512000
A31HE83MU98GBV,B00CG0CKXW,5.0,1377561600
A2AF0NOCM71J0B,B00CG0CKXW,3.0,1379116800
A2XA8CW5DF4MNZ,B00CG0CKXW,5.0,1377993600
A1WKEAS58297E5,B00CG0CKXW,4.0,1378252800
A3HAA7H8PBVM78,B00CG0CKXW,3.0,1377993600
A1IH7O6EL7SNBD,B00CG0CKXW,3.0,1379376000
A3QCC7PV6EG4YC,B00CG0CKXW,3.0,1380153600
A1KLPS6P7UR631,B00CG0CKXW,5.0,1379462400
A2OY6P98P87047,B00CG0CKXW,5.0,1377388800
AI2XINIZFPBI8,B00CG0CKXW,5.0,1379203200
A1GUX6R8DV3ZLY,B00CG0CKXW,5.0,1380153600
A3K4AJLVHAH4OZ,B00CG0CKXW,5.0,1377993600
A4BNJSZVARL5W,B00CG0CKXW,5.0,1379721600
A5BJMAHZWGJ7N,B00CG0CKXW,1.0,1378771200
A3GMVCTJTHYG1F,B00CG0CKXW,4.0,1378166400
A2C264HY1HHZVX,B00CG0CKXW,5.0,1380412800
A3V14SK22N2VAI,B00CG0CKXW,4.0,1379030400
A1FXY0GUFHEI59,B00CG0CKXW,5.0,1376956800
A2KWE2ZM1EEBGJ,B00CG0CKXW,4.0,1379548800
A2OG83SEU9HL6D,B00CG0CKXW,2.0,1377475200
A3JHC8O59WDHFZ,B00CG0CKXW,2.0,1377475200
A2JE8OS1NN9YDB,B00CG0CKXW,4.0,1379721600
A33VI944SO2YCN,B00CG0CKXW,4.0,1380240000
AV1F8VNJPLPTL,B00CG0CKXW,5.0,1379548800
A1M0OSCFOAMAZO,B00CG0CKXW,5.0,1377302400
AFYQ9V4XBVCJ1,B00CG0CKXW,4.0,1377129600
A20L63B48RPSOH,B00CG0CKXW,4.0,1381968000
A2ECTCPBTOGW4H,B00CG0CL1S,5.0,1387411200
A2DURJRPTPKUZS,B00CG0CL1S,3.0,1383177600
A1II2ZRPKZAQQD,B00CG0CL1S,4.0,1383264000
A2GRDQJ4Z7053K,B00CG0CL1S,5.0,1383350400
A2AYYKD4OODSLY,B00CG0CL1S,4.0,1385856000
AZA55FJD7CCZN,B00CG0CL1S,5.0,1386720000
A2RX62V4E2BF5Z,B00CG0CL1S,4.0,1385424000
A2RVCF21L2NPU5,B00CG0CL1S,5.0,1383350400
A2974R9BTPZPOJ,B00CG0CL1S,5.0,1384992000
A3VGAP2KLCBNBB,B00CG0CL1S,4.0,1386633600
AG8E2F0G98ZTB,B00CG0CL1S,5.0,1384300800
A1M5ZT35YX6TIN,B00CG0CL1S,5.0,1386374400
A3BKNXX8QFIXIV,B00CG0CL1S,5.0,1385942400
A14X244VGHWPSX,B00CG0CL1S,4.0,1381363200
AGFGY4EJ37VS2,B00CG0CL1S,5.0,1383955200
A1BK60GZ4QME6I,B00CG0CL1S,4.0,1385510400
AYNRALJ4X1COS,B00CG0CL1S,5.0,1384214400
A1Y5ERIKQBEMSP,B00CG0CL1S,5.0,1384992000
A19WEEGB05YAZ3,B00CG0CL1S,3.0,1382572800
A5H8NA5CJ0FK4,B00CG0CL1S,4.0,1381363200
AA8F2HV4DPV2T,B00CG0CL1S,4.0,1386633600
A1QT3N5FUQ4I47,B00CG0CL1S,4.0,1384905600
A2KFWHHUFVKFXZ,B00CG0CL1S,4.0,1384905600
A3FMPT5IH0CJ50,B00CG0CL1S,4.0,1383264000
A3K4AJLVHAH4OZ,B00CG0CL1S,5.0,1381881600
A32658HY8IU6UV,B00CG0CL1S,5.0,1384300800
A3212H6SF9W1LV,B00CG0CL1S,4.0,1381968000
AGEKVD8JPZQMT,B00CG0CL1S,4.0,1382745600
A3K8AU6BAGN60E,B00CG0CL1S,5.0,1386201600
A2NBCCFDISGUQT,B00CG0CL1S,4.0,1387411200
A3LN4AOPBIUQWR,B00CG0CL1S,5.0,1382486400
ALDAF4VVLFRHP,B00CG0CL1S,4.0,1385683200
A1JOANG98KBFKU,B00CG0CL1S,4.0,1386115200
ARPB88E6F2MFR,B00CG0CL1S,5.0,1387411200
A1RDHBBZE1NPS3,B00CG0CL1S,5.0,1387411200
A2ULQOGN59LDNK,B00CG0CL1S,5.0,1382832000
A1D1IDI5S9TN9D,B00CG0CL1S,5.0,1386115200
A1E5WXNTI7EO2A,B00CG0CL1S,5.0,1387411200
A24ZMNWTW8AQUR,B00CG0CL1S,4.0,1384819200
A12E0Y0J6584RT,B00CG0CL1S,5.0,1384041600
ALQ4USPEQ9L5N,B00CG0CL1S,5.0,1384905600
A3JHC8O59WDHFZ,B00CG0CL1S,3.0,1382918400
A33VI944SO2YCN,B00CG0CL1S,5.0,1383091200
A2I4A4WGWII18Z,B00CG0CL1S,5.0,1383436800
A2H667ZUNLNTF1,B00CG0CL1S,5.0,1386633600
A1F7YU6O5RU432,B00CI6J1XG,4.0,1385769600
A16Z2OECAUX8Z4,B00CI6J1XG,4.0,1387324800
A1HYH206E18XVC,B00CI6J1XG,5.0,1380412800
A18FUHNBP90IB4,B00CI6J1XG,5.0,1379376000
A2RX62V4E2BF5Z,B00CI6J1XG,3.0,1385164800
A1X3ESYZ79H59E,B00CI6J1XG,4.0,1387411200
AEL6CQNQXONBX,B00CI6J1XG,5.0,1385769600
ALNFHVS3SC4FV,B00CI6J1XG,4.0,1385596800
ACJT8MUC0LRF0,B00CI6J1XG,4.0,1383091200
A2LW5AL0KQ9P1M,B00CI6J1XG,3.0,1383350400
AMS2CPERWN7JV,B00CI6J1XG,5.0,1387238400
A2P739KOM4U5JB,B00CI6J1XG,3.0,1384819200
A3RTNA9THAU2OP,B00CI6J1XG,3.0,1381881600
A1DSRM2P0WGQNS,B00CI6J1XG,2.0,1381795200
A2UEB48LAWFUCW,B00CI6J1XG,4.0,1387324800
A6VSWJVTWEOII,B00CI6J1XG,1.0,1383696000
A27H9DOUGY9FOS,B00CI6J1XG,4.0,1383177600
A2CZ98V784SRJ0,B00CI6J1XG,5.0,1387411200
A32658HY8IU6UV,B00CI6J1XG,4.0,1379462400
AORGKBNQZ83O8,B00CI6J1XG,4.0,1380153600
A1UQBFCERIP7VJ,B00CI6J1XG,4.0,1385596800
A2QDOJFFLFGF18,B00CI6J1XG,5.0,1387411200
A3FWVV13DJELLV,B00CI6J1XG,4.0,1386720000
A376OJHLE6SU9Q,B00CI6J1XG,3.0,1387324800
A1QBOC76MIOJYP,B00CI6J1XG,2.0,1387324800
A22CW0ZHY3NJH8,B00CI6J1XG,4.0,1383782400
A231LBC8EGPO5L,B00CI6J1XG,4.0,1384214400
A1D1IDI5S9TN9D,B00CI6J1XG,3.0,1379635200
ALQ4USPEQ9L5N,B00CI6J1XG,4.0,1387152000
A33PVCHCQ2BTN0,B00CI6J1XG,3.0,1384905600
A1ITRGMT80D5TK,B00CI6J1XG,3.0,1385510400
A2H667ZUNLNTF1,B00CI6J1XG,4.0,1386633600
A2PD27UKAD3Q00,B00CI6J1XG,4.0,1385337600
A2V92F5R7MLCVI,B00CI6J1XG,3.0,1383609600
AYWHCM0TJ4737,B00CI6J1ZO,5.0,1378771200
A1F7YU6O5RU432,B00CI6J1ZO,5.0,1385769600
A2OMQEK9OW2FY6,B00CI6J1ZO,5.0,1382832000
A33PBU9EHZ28PC,B00CI6J1ZO,5.0,1384128000
AEL6CQNQXONBX,B00CI6J1ZO,4.0,1383091200
A89ZZKNDFQH23,B00CI6J1ZO,5.0,1378857600
ACJT8MUC0LRF0,B00CI6J1ZO,5.0,1383955200
A2MVPY9XVYST9H,B00CI6J1ZO,4.0,1378252800
AMS2CPERWN7JV,B00CI6J1ZO,5.0,1386720000
ALYZJ7W14YS26,B00CI6J1ZO,5.0,1382832000
A26OPNLJ0JYHPH,B00CI6J1ZO,4.0,1381449600
A4KJTS5P78ICU,B00CI6J1ZO,5.0,1379808000
A2R1HUYHXV7H18,B00CI6J1ZO,5.0,1387065600
A2SLX6UHHYCMCV,B00CI6J1ZO,4.0,1383696000
A1QBOC76MIOJYP,B00CI6J1ZO,5.0,1387324800
A23KDA686N6T4Y,B00CI6J1ZO,4.0,1385337600
A2JKM8KF3296CW,B00CI6J1ZO,3.0,1385596800
A1BA72K4VK1UN1,B00CI6J1ZO,5.0,1384992000
AVL5IDEE8YA3D,B00CI6J1ZO,4.0,1377648000
A20L63B48RPSOH,B00CI6J1ZO,3.0,1384992000
AQIBFWWA8UWKF,B00CI6J20S,3.0,1384387200
A2ZPZM9RE08JXF,B00CI6J20S,4.0,1380499200
A16Z2OECAUX8Z4,B00CI6J20S,3.0,1387324800
A38YS1DNHC3CVC,B00CI6J20S,4.0,1382140800
A3EXW4HNYX7HF5,B00CI6J20S,4.0,1380153600
AMB5L7WUBUVDM,B00CI6J20S,3.0,1377734400
A2RX62V4E2BF5Z,B00CI6J20S,1.0,1382745600
A279A4Y2N1CQ26,B00CI6J20S,4.0,1383004800
ALNFHVS3SC4FV,B00CI6J20S,3.0,1385424000
A1IBKN1GXYJ3K4,B00CI6J20S,3.0,1377993600
A1TR1R2QKWRSRA,B00CI6J20S,3.0,1386547200
AR33KU52LIBF1,B00CI6J20S,5.0,1377475200
A336FE20YZZL3A,B00CI6J20S,5.0,1380585600
A14UOOROH3XRQ9,B00CI6J20S,3.0,1377129600
A1M5ZT35YX6TIN,B00CI6J20S,4.0,1382832000
A29JUMRL1US6YP,B00CI6J20S,4.0,1384300800
ALYZJ7W14YS26,B00CI6J20S,3.0,1382918400
A1ZU55TM45Y2R8,B00CI6J20S,3.0,1382572800
A6VSWJVTWEOII,B00CI6J20S,1.0,1385337600
A2701UXI8QGRHE,B00CI6J20S,1.0,1387065600
A3OIQ3T0OIKY66,B00CI6J20S,4.0,1380412800
A1UQBFCERIP7VJ,B00CI6J20S,4.0,1385596800
AOEUN9718KVRD,B00CI6J20S,4.0,1383091200
A2QDOJFFLFGF18,B00CI6J20S,3.0,1387238400
AGEKVD8JPZQMT,B00CI6J20S,2.0,1377302400
A3LN4AOPBIUQWR,B00CI6J20S,5.0,1382486400
A2C264HY1HHZVX,B00CI6J20S,1.0,1388620800
A23KDA686N6T4Y,B00CI6J20S,2.0,1385251200
A17C7XZHFOS12W,B00CI6J20S,4.0,1379203200
A2JKM8KF3296CW,B00CI6J20S,4.0,1385424000
A231LBC8EGPO5L,B00CI6J20S,2.0,1384128000
A1RDHBBZE1NPS3,B00CI6J20S,3.0,1384387200
A9LNWA25IM2DX,B00CI6J20S,2.0,1381104000
A2B7BUH8834Y6M,B00CI6J20S,3.0,1380240000
A14RYRR7ETV3UY,B00CI6J20S,2.0,1384646400
ALQ4USPEQ9L5N,B00CI6J20S,1.0,1387065600
A3JHC8O59WDHFZ,B00CI6J20S,1.0,1382918400
A3DFH4CKPIT0N9,B00CI6J20S,5.0,1383696000
A33PVCHCQ2BTN0,B00CI6J20S,2.0,1384905600
A3FQZH8PJB535A,B00CI6J20S,3.0,1381881600
A1NN8Q1DLAYPGH,B00CI6J20S,4.0,1379548800
A1ITRGMT80D5TK,B00CI6J20S,3.0,1383177600
A3JLOIXFM75QNV,B00CI6J20S,4.0,1381276800
A2RIAXGSBP65BJ,B00CI6J3HA,5.0,1377907200
AGHIUO1B3IF8H,B00CI6J3HA,5.0,1380412800
AYWHCM0TJ4737,B00CI6J3HA,5.0,1378080000
A3O28YJBZG1Q0Q,B00CI6J3HA,5.0,1379289600
ACREHLVRC4H5B,B00CI6J3HA,5.0,1379030400
A2HOLM5I1ARX9J,B00CI6J3HA,5.0,1376870400
A3KPJ1MOGTZVGC,B00CI6J3HA,5.0,1379548800
A16EIVIBBXFAQ0,B00CI6J3HA,4.0,1379894400
AKHFY3VCNZL2W,B00CI6J3HA,2.0,1379808000
A2WB4OWBUH2VQX,B00CI6J3HA,5.0,1379548800
A3MWP39R0W9TQX,B00CI6J3HA,4.0,1377302400
A1GWDRBUMQOCRK,B00CI6J3HA,4.0,1376697600
A2ZJPDH0YP90SD,B00CI6J3HA,5.0,1376611200
AKMEY1BSHSDG7,B00CI6J3HA,5.0,1376697600
A167KPMW1NBZJW,B00CI6J3HA,5.0,1378857600
A1RR36YKJB917S,B00CI6J3HA,5.0,1379548800
AQYYUN3T7B0WM,B00CI6J3HA,5.0,1378598400
A2PM5Z249OVPEN,B00CI6J3HA,5.0,1379721600
A1XVF5DU3N05OM,B00CI6J3HA,3.0,1378512000
AG71XMQGQ2UTJ,B00CI6J3HA,5.0,1379980800
A25C5MVVCIYT5D,B00CI6J3HA,4.0,1381017600
A307YFSORUAXSQ,B00CI6J3HA,5.0,1379894400
ADYZOSTF9LZLD,B00CI6J3HA,5.0,1378252800
A3BVDW4DOLJAN0,B00CI6J3HA,5.0,1377216000
A3DGJMO6VPG6FJ,B00CI6J3HA,4.0,1377820800
A1W415JP5WEAJK,B00CI6J3I4,3.0,1385251200
A1F7YU6O5RU432,B00CI6J3I4,3.0,1385769600
A16Z2OECAUX8Z4,B00CI6J3I4,3.0,1387324800
A1X3ESYZ79H59E,B00CI6J3I4,4.0,1387411200
AEL6CQNQXONBX,B00CI6J3I4,4.0,1385596800
ALNFHVS3SC4FV,B00CI6J3I4,4.0,1385596800
A2QCE7L6GRE3MT,B00CI6J3I4,3.0,1379721600
ACJT8MUC0LRF0,B00CI6J3I4,4.0,1382572800
A2LW5AL0KQ9P1M,B00CI6J3I4,3.0,1383868800
AMS2CPERWN7JV,B00CI6J3I4,3.0,1387238400
A36MP37DITBU6F,B00CI6J3I4,4.0,1383782400
A3B9C6MZAFC1JX,B00CI6J3I4,4.0,1380153600
A2P739KOM4U5JB,B00CI6J3I4,3.0,1384819200
A3AGWRMHKLFLWR,B00CI6J3I4,2.0,1378339200
A3RTNA9THAU2OP,B00CI6J3I4,3.0,1381881600
A1W7R5ZAGVOSVQ,B00CI6J3I4,3.0,1379894400
A26EQ8U96JA92T,B00CI6J3I4,3.0,1385251200
A2UEB48LAWFUCW,B00CI6J3I4,2.0,1387238400
A6VSWJVTWEOII,B00CI6J3I4,2.0,1386288000
A2HELIKP5RV27F,B00CI6J3I4,3.0,1379548800
A2CZ98V784SRJ0,B00CI6J3I4,5.0,1387411200
A1UQBFCERIP7VJ,B00CI6J3I4,4.0,1385078400
ALDV8DDZWWPYE,B00CI6J3I4,4.0,1377561600
A2QDOJFFLFGF18,B00CI6J3I4,4.0,1387238400
AGEKVD8JPZQMT,B00CI6J3I4,3.0,1382572800
A3FWVV13DJELLV,B00CI6J3I4,4.0,1386806400
A376OJHLE6SU9Q,B00CI6J3I4,3.0,1387324800
A1QBOC76MIOJYP,B00CI6J3I4,2.0,1385942400
AAA0TUKS5VBSA,B00CI6J3I4,4.0,1385078400
A23KDA686N6T4Y,B00CI6J3I4,2.0,1385510400
A2JKM8KF3296CW,B00CI6J3I4,3.0,1385424000
A22CW0ZHY3NJH8,B00CI6J3I4,4.0,1383782400
A1ODOGXEYECQQ8,B00CI6J3I4,3.0,1382572800
A231LBC8EGPO5L,B00CI6J3I4,4.0,1383177600
A2ZKQC0XCIIAEM,B00CI6J3I4,4.0,1382918400
A27BKXQAR305QL,B00CI6J3I4,4.0,1387324800
A3R5GTYQ50QVMD,B00CI6J3I4,5.0,1383177600
ALQ4USPEQ9L5N,B00CI6J3I4,4.0,1387152000
AFICF7DKHTQ87,B00CI6J3I4,4.0,1384560000
A16YU3GRGCD95S,B00CI6J3I4,4.0,1384819200
A1ITRGMT80D5TK,B00CI6J3I4,3.0,1385510400
A2H667ZUNLNTF1,B00CI6J3I4,4.0,1386633600
A2PD27UKAD3Q00,B00CI6J3I4,4.0,1385337600
A19D3N662QS9WD,B00CI6J3QG,2.0,1378598400
A21VGNU5959O85,B00CI6J3QG,3.0,1376352000
A35IX2GE0VC0JP,B00CI6J3QG,2.0,1378684800
A3HETHW2XD3DWH,B00CI6J3QG,5.0,1375747200
A1Z0LTKUA6F94D,B00CI6J3QG,2.0,1377302400
A1DSRM2P0WGQNS,B00CI6J3QG,4.0,1379548800
A3U029B8Z5WGI2,B00CI6J3QG,2.0,1376956800
A31AVXMESQRQAC,B00CI6J3QG,3.0,1375574400
A8INT3NMHRUS4,B00CI6J3QG,2.0,1375574400
A3FMPT5IH0CJ50,B00CI6J3QG,3.0,1376006400
A29534U2P9CLNR,B00CI6J3QG,1.0,1375315200
ALDAF4VVLFRHP,B00CI6J3QG,5.0,1375747200
AC04O7AYHEKJ5,B00CI6J3QG,4.0,1376438400
APPCJX62WKIIP,B00CI6J3QG,4.0,1377043200
A2OOZZDSOHG4UY,B00CI6J3QG,3.0,1383091200
A14RYRR7ETV3UY,B00CI6J3QG,2.0,1378339200
ASY25YMTIC2A9,B00CI6J3QG,2.0,1375574400
ARIDN94LOCQFD,B00CI6J3QG,4.0,1375228800
A384HAQMS7XRZ4,B00CI6J3QG,4.0,1375833600
A2H667ZUNLNTF1,B00CI6J3QG,3.0,1378771200
A3SBZAOPPY40IT,B00CI6J3QG,5.0,1376092800
A1Q1T811N4IY3Z,B00CI6J3QG,5.0,1377820800
A1X2YRSD648FM3,B00CI6J5JQ,5.0,1380585600
A3O28YJBZG1Q0Q,B00CI6J5JQ,5.0,1379289600
A3E8AHUAQEX0QH,B00CI6J5JQ,5.0,1377129600
A2877AOHJFZI0E,B00CI6J5JQ,5.0,1379980800
ACREHLVRC4H5B,B00CI6J5JQ,5.0,1379030400
AYUF7YETYOLNX,B00CI6J5JQ,5.0,1381622400
A3KPJ1MOGTZVGC,B00CI6J5JQ,5.0,1380067200
A2AYJJAFNSGSU1,B00CI6J5JQ,4.0,1376784000
A1BHSP8TPTH8Y5,B00CI6J5JQ,5.0,1379462400
A16EIVIBBXFAQ0,B00CI6J5JQ,5.0,1377561600
A31HE83MU98GBV,B00CI6J5JQ,5.0,1376870400
A2H1W8V6R9TJ9E,B00CI6J5JQ,4.0,1380153600
AOI2MD752ZWFU,B00CI6J5JQ,5.0,1377907200
AX7QMRXX81L9K,B00CI6J5JQ,5.0,1381276800
A3T7XVG3AXJF61,B00CI6J5JQ,5.0,1379203200
A2VYA302TO2K1C,B00CI6J5JQ,5.0,1381968000
A29534U2P9CLNR,B00CI6J5JQ,5.0,1378684800
A186697K4XKXQL,B00CI6J5JQ,5.0,1378684800
A8IF4ZBZRY86C,B00CI6J5JQ,5.0,1377129600
A1LA4K5JF78BER,B00CI6J5JQ,5.0,1381968000
A3EZHMGGWY74HY,B00CI6J5JQ,5.0,1378252800
A3Z9QN0RCOHEY,B00CI6J5JQ,5.0,1378339200
A2NBCCFDISGUQT,B00CI6J5JQ,4.0,1381881600
AUV3OR951650C,B00CI6J5JQ,5.0,1377734400
A6B92PTV0Z1SU,B00CI6J5JQ,5.0,1381881600
APPCJX62WKIIP,B00CI6J5JQ,5.0,1379548800
A343Y76WJTBYP6,B00CI6J5JQ,5.0,1377561600
ACAXV4V8PBCE3,B00CI6J5JQ,5.0,1378166400
A32QWD5DEY4LDU,B00CI6J5JQ,5.0,1379203200
A2D4FQHV506EPB,B00CI6J6UY,4.0,1387324800
AFEYHFH2GH0QZ,B00CI6J6UY,4.0,1382572800
A1NRMTQ5SZPZA,B00CI6J6UY,4.0,1385337600
A1F7YU6O5RU432,B00CI6J6UY,3.0,1384041600
A16Z2OECAUX8Z4,B00CI6J6UY,4.0,1386633600
A2CNGARED6OWWU,B00CI6J6UY,4.0,1384214400
AYUF7YETYOLNX,B00CI6J6UY,4.0,1387152000
A19FRW264WZTGP,B00CI6J6UY,4.0,1383955200
A2RX62V4E2BF5Z,B00CI6J6UY,4.0,1383264000
A3NHUQ33CFH3VM,B00CI6J6UY,3.0,1383523200
AEL6CQNQXONBX,B00CI6J6UY,4.0,1384646400
ALNFHVS3SC4FV,B00CI6J6UY,5.0,1385424000
A1TR1R2QKWRSRA,B00CI6J6UY,4.0,1386720000
ACJT8MUC0LRF0,B00CI6J6UY,5.0,1383264000
AMS2CPERWN7JV,B00CI6J6UY,4.0,1387324800
A36MP37DITBU6F,B00CI6J6UY,5.0,1383177600
ALRCAGJOJ9583,B00CI6J6UY,4.0,1384387200
A2503LT8PZIHAD,B00CI6J6UY,3.0,1385510400
A2P739KOM4U5JB,B00CI6J6UY,4.0,1384646400
A1M5ZT35YX6TIN,B00CI6J6UY,5.0,1385164800
A215WH6RUDUCMP,B00CI6J6UY,5.0,1386806400
A3BKNXX8QFIXIV,B00CI6J6UY,2.0,1382918400
A26EQ8U96JA92T,B00CI6J6UY,5.0,1385164800
AYB4ELCS5AM8P,B00CI6J6UY,5.0,1383696000
A2UEB48LAWFUCW,B00CI6J6UY,4.0,1387065600
A3DZFEICHK5LF2,B00CI6J6UY,4.0,1383782400
A6VSWJVTWEOII,B00CI6J6UY,1.0,1383004800
A22B13EJTZKCTM,B00CI6J6UY,3.0,1383782400
A27H9DOUGY9FOS,B00CI6J6UY,4.0,1383177600
A267FU71Z01CIH,B00CI6J6UY,4.0,1385337600
A2R1HUYHXV7H18,B00CI6J6UY,5.0,1387065600
A35LT14WG5BX0T,B00CI6J6UY,5.0,1386028800
A2CZ98V784SRJ0,B00CI6J6UY,4.0,1387411200
A1UQBFCERIP7VJ,B00CI6J6UY,4.0,1385078400
AOEUN9718KVRD,B00CI6J6UY,4.0,1385251200
A2QDOJFFLFGF18,B00CI6J6UY,3.0,1387411200
AGEKVD8JPZQMT,B00CI6J6UY,4.0,1382572800
A3FWVV13DJELLV,B00CI6J6UY,4.0,1386720000
A376OJHLE6SU9Q,B00CI6J6UY,5.0,1387152000
A1QBOC76MIOJYP,B00CI6J6UY,1.0,1385769600
A1ODOGXEYECQQ8,B00CI6J6UY,3.0,1382832000
A231LBC8EGPO5L,B00CI6J6UY,4.0,1383177600
A2ZKQC0XCIIAEM,B00CI6J6UY,5.0,1383091200
A3R5GTYQ50QVMD,B00CI6J6UY,5.0,1384128000
A2068BC3ZXAVJQ,B00CI6J6UY,5.0,1385510400
A1ITRGMT80D5TK,B00CI6J6UY,4.0,1384905600
A2H667ZUNLNTF1,B00CI6J6UY,5.0,1386720000
A2V92F5R7MLCVI,B00CI6J6UY,3.0,1383004800
AVHN134ADVP4R,B00CI6J8KW,5.0,1375574400
A1NKKF4W2LHF6M,B00CI6J8KW,5.0,1375488000
A2JXCOUGYS5Y4J,B00CI6J8KW,5.0,1377302400
A3EK2KTYHJCPB9,B00CI6J8KW,5.0,1377734400
AYUF7YETYOLNX,B00CI6J8KW,5.0,1379376000
A18FUHNBP90IB4,B00CI6J8KW,5.0,1379376000
A3VJ27010XUWTF,B00CI6J8KW,5.0,1374796800
A2IMGHMF0LO151,B00CI6J8KW,5.0,1375747200
A3V5F050GVZ56Q,B00CI6J8KW,5.0,1381708800
A2MVPY9XVYST9H,B00CI6J8KW,5.0,1375056000
A3GS7OZXUEW48R,B00CI6J8KW,4.0,1376870400
A1M5ZT35YX6TIN,B00CI6J8KW,5.0,1378598400
A3R7RE5O61M112,B00CI6J8KW,4.0,1379548800
A1DD9MSMEKYOVW,B00CI6J8KW,5.0,1393372800
A1KGWUYXUBEMB2,B00CI6J8KW,4.0,1377388800
A1VXIY1511XQK2,B00CI6J8KW,5.0,1376352000
AAEHOTZ1GRAUX,B00CI6J8KW,4.0,1375488000
A1W7R5ZAGVOSVQ,B00CI6J8KW,4.0,1376784000
A1DY0CRKZEY0FB,B00CI6J8KW,5.0,1379462400
A1EVV74UQYVKRY,B00CI6J8KW,5.0,1374624000
A28FJ93TJSSQS4,B00CI6J8KW,5.0,1376784000
ATANE2SC44592,B00CI6J8KW,4.0,1375228800
A19JGPUJAX048H,B00CI6J8KW,5.0,1403913600
A231LBC8EGPO5L,B00CI6J8KW,4.0,1376870400
A24ZMNWTW8AQUR,B00CI6J8KW,5.0,1375142400
A11EXFO14WEJM1,B00CI6J8KW,4.0,1376524800
A3FQZH8PJB535A,B00CI6J8KW,4.0,1379376000
A3SBZAOPPY40IT,B00CI6J8KW,5.0,1376092800
AVHN134ADVP4R,B00CI6J8L6,1.0,1375574400
A16Z2OECAUX8Z4,B00CI6J8L6,3.0,1383350400
A3EK2KTYHJCPB9,B00CI6J8L6,1.0,1381190400
AYUF7YETYOLNX,B00CI6J8L6,4.0,1384905600
A2XYH8IHILWW7X,B00CI6J8L6,3.0,1375488000
A2RX62V4E2BF5Z,B00CI6J8L6,2.0,1383264000
A11OTLEDSW8ZXD,B00CI6J8L6,2.0,1383091200
A3NHUQ33CFH3VM,B00CI6J8L6,2.0,1381190400
AEL6CQNQXONBX,B00CI6J8L6,4.0,1382918400
A2507ZYWGMY9BK,B00CI6J8L6,2.0,1380326400
A2503LT8PZIHAD,B00CI6J8L6,5.0,1380931200
ALYZJ7W14YS26,B00CI6J8L6,2.0,1381017600
A2ZJPDH0YP90SD,B00CI6J8L6,5.0,1374796800
ALEUQQE118NEW,B00CI6J8L6,3.0,1376956800
A24RCBRDXRXR0Y,B00CI6J8L6,4.0,1380153600
A215WH6RUDUCMP,B00CI6J8L6,5.0,1386806400
A1SB9BNNGKNX2Z,B00CI6J8L6,4.0,1383177600
AYB4ELCS5AM8P,B00CI6J8L6,5.0,1380153600
A2UEB48LAWFUCW,B00CI6J8L6,2.0,1382659200
A3DZFEICHK5LF2,B00CI6J8L6,5.0,1375401600
A35LT14WG5BX0T,B00CI6J8L6,5.0,1382745600
AP8D74QD9LUUL,B00CI6J8L6,2.0,1382054400
A11LNY2OLQSUSV,B00CI6J8L6,5.0,1384387200
AC1YLEFC9AN5X,B00CI6J8L6,4.0,1377561600
A2S26YGSVXBCFL,B00CI6J8L6,3.0,1381795200
A2QDOJFFLFGF18,B00CI6J8L6,2.0,1383782400
A1QBOC76MIOJYP,B00CI6J8L6,2.0,1382745600
A307YFSORUAXSQ,B00CI6J8L6,2.0,1378252800
A23KACXOE9O9TX,B00CI6J8L6,2.0,1381795200
A3R5GTYQ50QVMD,B00CI6J8L6,1.0,1380326400
A344N0X5LIV43M,B00CI6J8L6,2.0,1375660800
A1E5WXNTI7EO2A,B00CI6J8L6,3.0,1381708800
A11OBEH2ZCVAHX,B00CI6J8L6,2.0,1375920000
ALQ4USPEQ9L5N,B00CI6J8L6,1.0,1384819200
A19GJX6TTSK0C0,B00CI6J8L6,2.0,1376524800
A58F10T4OE58C,B00CI6J8L6,4.0,1379548800
AD34TCPEP7P84,B00CI6J8L6,3.0,1378339200
A2Q8GFSEUSGJ51,B00CI6J8L6,4.0,1375315200
A8QYRG7TW491B,B00CI6J8L6,4.0,1377302400
A1ITRGMT80D5TK,B00CI6J8L6,3.0,1382227200
A2V92F5R7MLCVI,B00CI6J8L6,2.0,1382400000
A3QD59N3M7O7KB,B00CI6J8L6,4.0,1381536000
AZA55FJD7CCZN,B00CI6JB7C,3.0,1381968000
A2877AOHJFZI0E,B00CI6JB7C,2.0,1375488000
A2CNGARED6OWWU,B00CI6JB7C,1.0,1376092800
A3MEMX0XF00TBD,B00CI6JB7C,3.0,1375401600
A1WKQ94M45D8MG,B00CI6JB7C,2.0,1377388800
A2OJCTT5WLB2HR,B00CI6JB7C,1.0,1375833600
A2AF0NOCM71J0B,B00CI6JB7C,3.0,1375574400
A97H5I4P5PCEM,B00CI6JB7C,3.0,1375315200
A5H8NA5CJ0FK4,B00CI6JB7C,4.0,1377475200
A2701UXI8QGRHE,B00CI6JB7C,1.0,1376438400
AOEUN9718KVRD,B00CI6JB7C,2.0,1375228800
AX7317G153T8W,B00CI6JB7C,5.0,1377129600
AUS5X6IMFLJBD,B00CI6JB7C,3.0,1374537600
A2OOZZDSOHG4UY,B00CI6JB7C,1.0,1383091200
A1GUN2J1FDYNF3,B00CI6JB7C,1.0,1377129600
AB0TLNLNOAGY4,B00CI6JB7C,1.0,1377043200
A1Q1T811N4IY3Z,B00CI6JB7C,4.0,1377993600
A2D4FQHV506EPB,B00CI6JDGQ,4.0,1377993600
A2RIAXGSBP65BJ,B00CI6JDGQ,4.0,1377907200
A38RMU1Y5TDP9,B00CI6JDGQ,3.0,1375228800
A21VGNU5959O85,B00CI6JDGQ,5.0,1376352000
A18YMFFJW974QS,B00CI6JDGQ,4.0,1375401600
AK8LOFYRZJJW0,B00CI6JDGQ,4.0,1377993600
A3G2PUQ455XMXJ,B00CI6JDGQ,4.0,1375315200
A2QX49LS3Y3ANI,B00CI6JDGQ,2.0,1377043200
A2FWZ58M6IQMD7,B00CI6JDGQ,4.0,1378166400
A1SD1C8XK3Z3V1,B00CI6JDGQ,5.0,1378252800
A17V2N0N8CXSA9,B00CI6JDGQ,5.0,1375401600
A361U4SXK7FCQE,B00CI6JDGQ,4.0,1376179200
A1ZGHA3IJV01BK,B00CI6JDGQ,5.0,1376006400
A3FMPT5IH0CJ50,B00CI6JDGQ,5.0,1376006400
A2DA2NJZ2RIYAB,B00CI6JDGQ,5.0,1379548800
A1R6DKN9YQ2YU1,B00CI6JDGQ,3.0,1376956800
AVJJ2D4G5I0Z4,B00CI6JDGQ,3.0,1376784000
A2ZKQC0XCIIAEM,B00CI6JDGQ,4.0,1375315200
ALDAF4VVLFRHP,B00CI6JDGQ,4.0,1375660800
A1RF9YK4BK5TRH,B00CI6JDGQ,4.0,1379462400
A1RDHBBZE1NPS3,B00CI6JDGQ,5.0,1376438400
A12E0Y0J6584RT,B00CI6JDGQ,5.0,1376524800
A1GUN2J1FDYNF3,B00CI6JDGQ,5.0,1377820800
A2V9DTXTQ5YIMK,B00CI6JDIO,2.0,1382659200
A1W415JP5WEAJK,B00CI6JDIO,2.0,1382572800
A2ZO5SU0ESSB1N,B00CI6JDIO,3.0,1378425600
A1NRMTQ5SZPZA,B00CI6JDIO,1.0,1384819200
A1F7YU6O5RU432,B00CI6JDIO,3.0,1384387200
A16Z2OECAUX8Z4,B00CI6JDIO,2.0,1385856000
A38YS1DNHC3CVC,B00CI6JDIO,3.0,1380153600
A3LWC833HQIG7J,B00CI6JDIO,2.0,1382745600
A2CNGARED6OWWU,B00CI6JDIO,3.0,1384819200
A1HBC0NBQJHT7X,B00CI6JDIO,1.0,1377302400
A19FRW264WZTGP,B00CI6JDIO,3.0,1383436800
A36BQWQPYU6FRM,B00CI6JDIO,4.0,1377475200
A2RX62V4E2BF5Z,B00CI6JDIO,1.0,1382745600
A1X3ESYZ79H59E,B00CI6JDIO,3.0,1387411200
A279A4Y2N1CQ26,B00CI6JDIO,2.0,1382745600
ALNFHVS3SC4FV,B00CI6JDIO,3.0,1383696000
ACJT8MUC0LRF0,B00CI6JDIO,2.0,1383436800
AMS2CPERWN7JV,B00CI6JDIO,3.0,1386547200
A3TJSWA0W9ITYE,B00CI6JDIO,3.0,1379894400
ATS2855497V0I,B00CI6JDIO,2.0,1382745600
A1M5ZT35YX6TIN,B00CI6JDIO,2.0,1382832000
A3DZFEICHK5LF2,B00CI6JDIO,1.0,1384992000
A2CZ98V784SRJ0,B00CI6JDIO,5.0,1387411200
A1UQBFCERIP7VJ,B00CI6JDIO,4.0,1385596800
A2QDOJFFLFGF18,B00CI6JDIO,3.0,1387411200
A376OJHLE6SU9Q,B00CI6JDIO,5.0,1386374400
A1QBOC76MIOJYP,B00CI6JDIO,4.0,1385769600
A3LN4AOPBIUQWR,B00CI6JDIO,2.0,1382486400
A2JKM8KF3296CW,B00CI6JDIO,3.0,1382745600
A22CW0ZHY3NJH8,B00CI6JDIO,4.0,1384560000
A2YV6F6DLENNTM,B00CI6JDIO,1.0,1377561600
A231LBC8EGPO5L,B00CI6JDIO,1.0,1383004800
A27BKXQAR305QL,B00CI6JDIO,4.0,1387324800
A276OI0NHBYORX,B00CI6JDIO,3.0,1385164800
A277TO3PKKNYDH,B00CI6JDIO,2.0,1378857600
A3R5GTYQ50QVMD,B00CI6JDIO,1.0,1383609600
ALQ4USPEQ9L5N,B00CI6JDIO,2.0,1387065600
A3DFH4CKPIT0N9,B00CI6JDIO,1.0,1383091200
A33PVCHCQ2BTN0,B00CI6JDIO,1.0,1384905600
AFICF7DKHTQ87,B00CI6JDIO,2.0,1384387200
A1ITRGMT80D5TK,B00CI6JDIO,2.0,1382659200
A2H667ZUNLNTF1,B00CI6JDIO,3.0,1386547200
A2G04D4QZAXL15,B00CI6JDIO,3.0,1383350400
A1F7YU6O5RU432,B00CI6JDIY,4.0,1384905600
A2I05FGBTCRRB8,B00CI6JDIY,5.0,1381968000
A2ZPZM9RE08JXF,B00CI6JDIY,4.0,1380499200
A16Z2OECAUX8Z4,B00CI6JDIY,5.0,1386460800
A3EXW4HNYX7HF5,B00CI6JDIY,4.0,1383955200
ALUV2YKWZENKK,B00CI6JDIY,3.0,1381622400
A2RX62V4E2BF5Z,B00CI6JDIY,4.0,1385424000
A1UHKF1UQ3EGW4,B00CI6JDIY,3.0,1381968000
A1H88L8X6HM1BQ,B00CI6JDIY,4.0,1381363200
ATS7LYGLUX34L,B00CI6JDIY,3.0,1381622400
A2LW5AL0KQ9P1M,B00CI6JDIY,3.0,1383609600
AMS2CPERWN7JV,B00CI6JDIY,5.0,1387238400
A28IIVKXOE1ATF,B00CI6JDIY,5.0,1378252800
AG8E2F0G98ZTB,B00CI6JDIY,5.0,1384819200
A2P739KOM4U5JB,B00CI6JDIY,3.0,1384646400
A1M5ZT35YX6TIN,B00CI6JDIY,3.0,1385596800
ALYZJ7W14YS26,B00CI6JDIY,4.0,1382918400
AO2AQRPPSTABB,B00CI6JDIY,5.0,1381017600
A2UEB48LAWFUCW,B00CI6JDIY,4.0,1387411200
A27H9DOUGY9FOS,B00CI6JDIY,3.0,1383177600
A3FMPT5IH0CJ50,B00CI6JDIY,4.0,1378684800
A1UUI7PFQ5FU4E,B00CI6JDIY,3.0,1378857600
A2561PYW9TTMYD,B00CI6JDIY,3.0,1385164800
A1UQBFCERIP7VJ,B00CI6JDIY,4.0,1385596800
AOEUN9718KVRD,B00CI6JDIY,4.0,1384992000
A136LRUR0RDH9J,B00CI6JDIY,4.0,1378684800
A2QDOJFFLFGF18,B00CI6JDIY,5.0,1387238400
A3FWVV13DJELLV,B00CI6JDIY,4.0,1386115200
A1QBOC76MIOJYP,B00CI6JDIY,3.0,1385078400
A3LN4AOPBIUQWR,B00CI6JDIY,4.0,1382486400
A23KDA686N6T4Y,B00CI6JDIY,4.0,1385337600
A2JKM8KF3296CW,B00CI6JDIY,5.0,1385424000
A1ODOGXEYECQQ8,B00CI6JDIY,3.0,1383868800
A231LBC8EGPO5L,B00CI6JDIY,3.0,1384992000
ALDAF4VVLFRHP,B00CI6JDIY,3.0,1380412800
A276OI0NHBYORX,B00CI6JDIY,4.0,1385251200
ALQ4USPEQ9L5N,B00CI6JDIY,4.0,1387065600
A1ZZR25X0CNOJX,B00CI6JDIY,3.0,1377734400
A33PVCHCQ2BTN0,B00CI6JDIY,3.0,1382745600
AXVKMYWNIHK7W,B00CI6JDIY,5.0,1378944000
A1ITRGMT80D5TK,B00CI6JDIY,4.0,1384214400
A2H667ZUNLNTF1,B00CI6JDIY,4.0,1386547200
A2PD27UKAD3Q00,B00CI6JDIY,5.0,1384041600
AFEYHFH2GH0QZ,B00CI6JDO8,2.0,1383436800
A1W415JP5WEAJK,B00CI6JDO8,3.0,1382745600
A1NRMTQ5SZPZA,B00CI6JDO8,4.0,1385337600
A1F7YU6O5RU432,B00CI6JDO8,4.0,1385769600
A16Z2OECAUX8Z4,B00CI6JDO8,4.0,1387324800
A2CNGARED6OWWU,B00CI6JDO8,4.0,1384992000
A2RX62V4E2BF5Z,B00CI6JDO8,4.0,1385424000
A1X3ESYZ79H59E,B00CI6JDO8,4.0,1387411200
A3NHUQ33CFH3VM,B00CI6JDO8,5.0,1383004800
ALNFHVS3SC4FV,B00CI6JDO8,4.0,1385424000
A1TR1R2QKWRSRA,B00CI6JDO8,4.0,1386979200
ACJT8MUC0LRF0,B00CI6JDO8,5.0,1383955200
A2LW5AL0KQ9P1M,B00CI6JDO8,3.0,1382659200
AMS2CPERWN7JV,B00CI6JDO8,5.0,1387324800
A2503LT8PZIHAD,B00CI6JDO8,4.0,1383436800
A2P739KOM4U5JB,B00CI6JDO8,4.0,1384646400
A1M5ZT35YX6TIN,B00CI6JDO8,3.0,1385596800
ALYZJ7W14YS26,B00CI6JDO8,4.0,1382918400
A22VNXHU6IZ5MT,B00CI6JDO8,4.0,1385596800
A14X244VGHWPSX,B00CI6JDO8,5.0,1379462400
AYB4ELCS5AM8P,B00CI6JDO8,4.0,1383609600
A6VSWJVTWEOII,B00CI6JDO8,3.0,1385337600
A27H9DOUGY9FOS,B00CI6JDO8,4.0,1383177600
A2CZ98V784SRJ0,B00CI6JDO8,5.0,1387411200
A1UQBFCERIP7VJ,B00CI6JDO8,4.0,1383955200
A2QDOJFFLFGF18,B00CI6JDO8,4.0,1387411200
A3FWVV13DJELLV,B00CI6JDO8,4.0,1385856000
A376OJHLE6SU9Q,B00CI6JDO8,4.0,1384646400
A1QBOC76MIOJYP,B00CI6JDO8,4.0,1387324800
AAA0TUKS5VBSA,B00CI6JDO8,4.0,1384732800
A3LN4AOPBIUQWR,B00CI6JDO8,4.0,1382572800
A22CW0ZHY3NJH8,B00CI6JDO8,4.0,1384646400
A1ODOGXEYECQQ8,B00CI6JDO8,3.0,1384819200
A231LBC8EGPO5L,B00CI6JDO8,4.0,1382572800
A1VTBADV3JS1EC,B00CI6JDO8,4.0,1380067200
A276OI0NHBYORX,B00CI6JDO8,4.0,1385510400
A3R5GTYQ50QVMD,B00CI6JDO8,4.0,1383177600
AZKGCE3LNX7WB,B00CI6JDO8,3.0,1382572800
A33PVCHCQ2BTN0,B00CI6JDO8,4.0,1384473600
A1ITRGMT80D5TK,B00CI6JDO8,4.0,1383523200
A3D5B2CBFNJB0K,B00CI6JDO8,3.0,1381708800
A2H667ZUNLNTF1,B00CI6JDO8,5.0,1386720000
A2G04D4QZAXL15,B00CI6JDO8,3.0,1383264000
AUJFO0J9A2HGE,B00CIUURJE,4.0,1382572800
ADY836HK6QSYR,B00CIUURJE,4.0,1380240000
ATQ22E6YAUNXP,B00CIUURJE,4.0,1379116800
A2FRKEXDXDN1KI,B00CIUURJE,5.0,1378339200
A3F43PAJZLOE3I,B00CIUURJE,5.0,1380240000
A26OPNLJ0JYHPH,B00CIUURJE,3.0,1379030400
A2BFIYZYNK54QX,B00CIUURJE,4.0,1381190400
A3BAE79NXFDXGV,B00CIUURJE,3.0,1383264000
AY1I85LLDMETC,B00CIUURJE,4.0,1381881600
AT1RF4WNPGGLC,B00CIUURJE,4.0,1379980800
A1LA4K5JF78BER,B00CIUURJE,4.0,1381968000
A1RF9YK4BK5TRH,B00CIUURJE,4.0,1381881600
A3BVDW4DOLJAN0,B00CIUURJE,5.0,1377820800
A2T04VAIXSKJH2,B00CIUURJE,4.0,1384905600
A26R7LLAFTPC3U,B00CIUURJE,4.0,1380844800
A357B3PUHSVQA,B00CIUURJE,3.0,1380153600
A19D3N662QS9WD,B00CIUUSDY,3.0,1381881600
A2VAD79S4A06DD,B00CIUUSDY,5.0,1378944000
A2FS38D943KX12,B00CIUUSDY,3.0,1378684800
AEL6CQNQXONBX,B00CIUUSDY,3.0,1378684800
ATJE929ETFFNH,B00CIUUSDY,3.0,1377993600
A1V3PCKVCJ3TTZ,B00CIUUSDY,4.0,1377648000
A3CU0QL4C4LAA8,B00CIUUSDY,4.0,1380758400
A34CSXOGVYF94S,B00CIUUSDY,3.0,1377907200
A1R2JUOGIYH6HO,B00CIUUSDY,4.0,1380758400
AOAOARIH72UWI,B00CIUUSDY,4.0,1379548800
A34UVV757IKPVB,B00CIUUSDY,3.0,1378166400
A3KCKECEO3E2AN,B00CIUUSDY,4.0,1377820800
A3M2O06MCHJG18,B00CIUUSDY,4.0,1378252800
A3SQQYS79AV13M,B00CIUUSDY,4.0,1378166400
A357B3PUHSVQA,B00CIUUSDY,4.0,1377820800
A1MZEMD0EDETS6,B00CJHZRW8,5.0,1379980800
A2I3TKKHF6INI6,B00CJHZRW8,4.0,1380067200
ALNFHVS3SC4FV,B00CJHZRW8,5.0,1379894400
A2TTHN1UMO82VY,B00CJHZRW8,5.0,1379548800
A375NF45A1MDWI,B00CJHZRW8,4.0,1377907200
A3BTL4FV6ODKAT,B00CJHZRW8,4.0,1376784000
A2507ZYWGMY9BK,B00CJHZRW8,5.0,1377734400
A29JUMRL1US6YP,B00CJHZRW8,5.0,1381968000
A14DNCG5WHM86Z,B00CJHZRW8,5.0,1377993600
ATLO3YXU2BC16,B00CJHZRW8,5.0,1377043200
A1DY0CRKZEY0FB,B00CJHZRW8,4.0,1380153600
A3OIQ3T0OIKY66,B00CJHZRW8,5.0,1379635200
A23TGI02RB7JC,B00CJHZRW8,5.0,1381017600
A17C7XZHFOS12W,B00CJHZRW8,5.0,1379203200
A35Y0RSU09ANEN,B00CJHZRW8,5.0,1383177600
A1FXY0GUFHEI59,B00CJHZRW8,5.0,1372464000
ATLZNVLYKP9AZ,B00CJHZRW8,4.0,1381881600
AFZJNYR931ZCN,B00CJHZRW8,5.0,1380153600
A15JB2HEZ6RKGW,B00CJHZRW8,4.0,1377129600
AAH603Y3Y8QL7,B00CJO8ZZM,3.0,1383177600
A1BMG34CO5CMZ5,B00CJO8ZZM,4.0,1384992000
A2RX62V4E2BF5Z,B00CJO8ZZM,4.0,1384819200
A2K89R0B20LYHB,B00CJO8ZZM,5.0,1386201600
A1KSNK256G46GX,B00CJO8ZZM,5.0,1382745600
A97H5I4P5PCEM,B00CJO8ZZM,5.0,1381449600
ALYZJ7W14YS26,B00CJO8ZZM,5.0,1382918400
AVQZ0JG8OP8P7,B00CJO8ZZM,4.0,1381017600
A3U029B8Z5WGI2,B00CJO8ZZM,4.0,1383004800
A2PM5Z249OVPEN,B00CJO8ZZM,5.0,1382140800
AJQDIT55SZ3ZX,B00CJO8ZZM,5.0,1383004800
A3K8AU6BAGN60E,B00CJO8ZZM,5.0,1383609600
AK1WNXTHNCG5V,B00CJO8ZZM,5.0,1382054400
A307YFSORUAXSQ,B00CJO8ZZM,5.0,1383523200
A1RF9YK4BK5TRH,B00CJO8ZZM,4.0,1381017600
A1FXY0GUFHEI59,B00CJO8ZZM,3.0,1381190400
A3NEAETOSXDBOM,B00CJO8ZZM,5.0,1382140800
A2YQ2ZI65F37N8,B00CJO8ZZM,5.0,1384646400
A13WEKTB63G78Y,B00CJO8ZZM,3.0,1384905600
A3JLOIXFM75QNV,B00CJO8ZZM,5.0,1383868800
A2V0I904FH7ABY,B00CJO8ZZM,4.0,1381968000
A2V9DTXTQ5YIMK,B00CJO8ZZW,5.0,1385078400
A3CA3RWZYJDWXE,B00CJO8ZZW,5.0,1382572800
AMB5L7WUBUVDM,B00CJO8ZZW,4.0,1380672000
A2RVCF21L2NPU5,B00CJO8ZZW,5.0,1381881600
A7C77J4MH94B6,B00CJO8ZZW,5.0,1384992000
A1UV5NB0DXTSWH,B00CJO8ZZW,4.0,1383350400
A15Q9YEG1XPEJN,B00CJO8ZZW,5.0,1381363200
A8WEXFRWX1ZHH,B00CJO8ZZW,3.0,1381190400
AKMEY1BSHSDG7,B00CJO8ZZW,5.0,1379980800
A244CRJ2QSVLZ4,B00CJO8ZZW,4.0,1381190400
A24U6WGBZ4P74W,B00CJO8ZZW,5.0,1381795200
A2O9HU1K7TCF7B,B00CJO8ZZW,4.0,1383523200
A1DB5QPH7WO488,B00CJO8ZZW,5.0,1384992000
A1FJFLAAQD5WH2,B00CJO8ZZW,5.0,1381795200
A226GFM0Q9L37H,B00CJO8ZZW,5.0,1381708800
AVJJ2D4G5I0Z4,B00CJO8ZZW,4.0,1380153600
A3EJ8XHVDC0CWH,B00CJO8ZZW,5.0,1380844800
A1UCPXUBSESD65,B00CJO8ZZW,4.0,1383004800
A2C264HY1HHZVX,B00CJO8ZZW,4.0,1388620800
A1FATTRIXTSTEB,B00CJO8ZZW,5.0,1382918400
A1FXY0GUFHEI59,B00CJO8ZZW,3.0,1381190400
APDPA11IZPYLN,B00CJO8ZZW,4.0,1384905600
A343Y76WJTBYP6,B00CJO8ZZW,5.0,1383609600
A2V9DTXTQ5YIMK,B00CJO902E,5.0,1376006400
A3LMPD1ZQTWOC4,B00CJO902E,5.0,1375401600
A3IKLTT9JQACCI,B00CJO902E,5.0,1373673600
AZA55FJD7CCZN,B00CJO902E,4.0,1381968000
A2U83VDVJMAB2U,B00CJO902E,5.0,1373414400
A2AYJJAFNSGSU1,B00CJO902E,4.0,1373068800
A2RVCF21L2NPU5,B00CJO902E,4.0,1375574400
AQ9JTZBF30IW0,B00CJO902E,4.0,1376956800
A37USOKUTI724H,B00CJO902E,5.0,1372809600
A1BKJNAWJT2TG2,B00CJO902E,4.0,1373760000
A14UOOROH3XRQ9,B00CJO902E,4.0,1374105600
A1DD9MSMEKYOVW,B00CJO902E,5.0,1392422400
AYNNJ0DBGL5H7,B00CJO902E,4.0,1373673600
AKMEY1BSHSDG7,B00CJO902E,5.0,1374019200
A1VXIY1511XQK2,B00CJO902E,5.0,1376352000
AGFGY4EJ37VS2,B00CJO902E,4.0,1373155200
A3QCC7PV6EG4YC,B00CJO902E,1.0,1374105600
AHQ13I9CI4US6,B00CJO902E,5.0,1375660800
A2HELIKP5RV27F,B00CJO902E,4.0,1375142400
A3K4AJLVHAH4OZ,B00CJO902E,5.0,1373673600
A32658HY8IU6UV,B00CJO902E,4.0,1374019200
ABLV9L4MQO7ER,B00CJO902E,5.0,1376438400
A11LNY2OLQSUSV,B00CJO902E,4.0,1376352000
A2QDOJFFLFGF18,B00CJO902E,5.0,1376524800
A2YB7DLC3FOR7W,B00CJO902E,5.0,1373328000
A105S56ODHGJEK,B00CJO902E,3.0,1376524800
AIXDV2Z2NEYP6,B00CJO902E,3.0,1374105600
ALQ4USPEQ9L5N,B00CJO902E,5.0,1376265600
A2Z2FATA8JNL54,B00CJO902E,4.0,1374624000
A17E3NBADNTI3X,B00CJO902E,4.0,1376524800
AQIBFWWA8UWKF,B00CJO9038,4.0,1381795200
A2TXMYYGSZCSZ1,B00CJO9038,4.0,1377907200
A3LWC833HQIG7J,B00CJO9038,4.0,1380153600
A1T8N18XKDLJO4,B00CJO9038,2.0,1380412800
A11SPSEM08VIXX,B00CJO9038,5.0,1379721600
A2BN9DIBP9A0XG,B00CJO9038,2.0,1380499200
AY3D7DG5L5WCK,B00CJO9038,4.0,1379376000
A3VGAP2KLCBNBB,B00CJO9038,3.0,1379894400
A97H5I4P5PCEM,B00CJO9038,4.0,1377648000
A3HAA7H8PBVM78,B00CJO9038,3.0,1377993600
A2WVF9ZQ068DN0,B00CJO9038,4.0,1377475200
ALLHJD3KZF9KC,B00CJO9038,3.0,1381881600
A3KEZLJ59C1JVH,B00CJO9038,3.0,1378080000
AHRNDSKWH1YBT,B00CJO9038,3.0,1381881600
ADFLBRY00Y70G,B00CJO9038,4.0,1381363200
AGEKVD8JPZQMT,B00CJO9038,3.0,1377561600
A1QBOC76MIOJYP,B00CJO9038,3.0,1380412800
A1Q7A78VSQ5GQ4,B00CJO9038,5.0,1380153600
A2YV6F6DLENNTM,B00CJO9038,1.0,1378944000
A9XX8OHS2ZQ2X,B00CJO9038,4.0,1379289600
A2VWE5SGNDS8HW,B00CJO9038,4.0,1377648000
A32QWD5DEY4LDU,B00CJO9038,4.0,1379203200
A17E3NBADNTI3X,B00CJO9038,2.0,1382572800
AGHIUO1B3IF8H,B00CJO90ZG,5.0,1376524800
A2TXMYYGSZCSZ1,B00CJO90ZG,4.0,1373846400
A1BMG34CO5CMZ5,B00CJO90ZG,4.0,1376524800
ARNEUO7BF3J55,B00CJO90ZG,4.0,1374451200
A31HE83MU98GBV,B00CJO90ZG,5.0,1373155200
A97H5I4P5PCEM,B00CJO90ZG,5.0,1372204800
A1VYFEJM12ZP11,B00CJO90ZG,5.0,1373241600
AGVDI7RLT24WJ,B00CJO90ZG,5.0,1374796800
A18GJ9MYYO6GCQ,B00CJO90ZG,5.0,1373068800
A31AVXMESQRQAC,B00CJO90ZG,5.0,1372204800
A3C2JQC6R2K52C,B00CJO90ZG,5.0,1373587200
A26SO3TOT2TLJE,B00CJO90ZG,5.0,1372291200
A3PPXVR5J6U2JD,B00CJO90ZG,4.0,1376265600
A22IDP8YERZ79X,B00CJO90ZG,5.0,1373155200
A3QD7VWBD470D2,B00CJO90ZG,3.0,1375833600
A1NC9AGZOBI0M1,B00CJO90ZG,3.0,1374364800
A2XSY4L7GDHV4W,B00CJO90ZG,5.0,1375833600
A12E0Y0J6584RT,B00CJO90ZG,5.0,1374364800
A11OBEH2ZCVAHX,B00CJO90ZG,4.0,1373673600
A18LURVBV82KW2,B00CJO90ZG,4.0,1374105600
A3FQZH8PJB535A,B00CJO90ZG,5.0,1375747200
A25RTRAPQAJBDJ,B00CJO90ZG,4.0,1375574400
A13Z96HR8EEF24,B00CJO90ZG,5.0,1373414400
A1KXJCXS6HFRQZ,B00CJO90ZG,5.0,1376438400
A3FKPBNI7UWQFW,B00CJO90ZG,5.0,1375401600
A1X2YRSD648FM3,B00CKH9FAC,1.0,1378944000
A2TXMYYGSZCSZ1,B00CKH9FAC,5.0,1377907200
A1486KL0IOM7VM,B00CKH9FAC,3.0,1377129600
A318IDAWJ9ZYAY,B00CKH9FAC,4.0,1378944000
A2AYJJAFNSGSU1,B00CKH9FAC,4.0,1375228800
A1UHKF1UQ3EGW4,B00CKH9FAC,5.0,1375660800
A33PBU9EHZ28PC,B00CKH9FAC,4.0,1379376000
ATQ22E6YAUNXP,B00CKH9FAC,5.0,1374710400
A1GARI2JT6EAWA,B00CKH9FAC,4.0,1379462400
A2BMZRO0H7TFCS,B00CKH9FAC,3.0,1376611200
A3BTL4FV6ODKAT,B00CKH9FAC,5.0,1376611200
ACYR6O588USK,B00CKH9FAC,5.0,1378684800
A2MOD50IHEDH3G,B00CKH9FAC,5.0,1377216000
A167KPMW1NBZJW,B00CKH9FAC,5.0,1378857600
A3DZFEICHK5LF2,B00CKH9FAC,5.0,1375747200
A19WEEGB05YAZ3,B00CKH9FAC,5.0,1377129600
AJQDIT55SZ3ZX,B00CKH9FAC,5.0,1375660800
A2VYA302TO2K1C,B00CKH9FAC,3.0,1377043200
ADFLBRY00Y70G,B00CKH9FAC,4.0,1379548800
AK1WNXTHNCG5V,B00CKH9FAC,5.0,1376352000
A3Q9HY0LU7MN6E,B00CKH9FAC,5.0,1376265600
AT28RL25Q2OLK,B00CKH9FAC,3.0,1375142400
A37D2TGTIXRV2N,B00CKH9FAC,4.0,1379548800
A1VTBADV3JS1EC,B00CKH9FAC,4.0,1378080000
A3PIW7ZF4C5ZJL,B00CKH9FAC,4.0,1377648000
A2UT0FWM1DHKFJ,B00CKH9FAC,4.0,1375142400
A2BZ16RKE13PKV,B00CKH9FAC,5.0,1379548800
A30QAOLNZ4415R,B00CKH9FAC,4.0,1379116800
AMB2Z4FMDBWQY,B00CKH9FAC,4.0,1376524800
A16Z2OECAUX8Z4,B00CKH9I1I,4.0,1385856000
A3U4GW06XNSI2Q,B00CKH9I1I,3.0,1382313600
A38RMU1Y5TDP9,B00CKH9I1I,4.0,1378252800
A2RX62V4E2BF5Z,B00CKH9I1I,1.0,1385683200
A1UHKF1UQ3EGW4,B00CKH9I1I,4.0,1381968000
A2A33KJUP7T2FK,B00CKH9I1I,2.0,1381968000
ACJT8MUC0LRF0,B00CKH9I1I,5.0,1384041600
A2LW5AL0KQ9P1M,B00CKH9I1I,3.0,1384473600
A2503LT8PZIHAD,B00CKH9I1I,5.0,1385596800
A2MOD50IHEDH3G,B00CKH9I1I,4.0,1383523200
A3AG5QAT8L0I3R,B00CKH9I1I,3.0,1382659200
A1DSRM2P0WGQNS,B00CKH9I1I,3.0,1381795200
A2UEB48LAWFUCW,B00CKH9I1I,3.0,1385942400
A1ZGHA3IJV01BK,B00CKH9I1I,4.0,1378684800
AE8AT5NB4DDRM,B00CKH9I1I,4.0,1377561600
A3L1BNBV4SS1H8,B00CKH9I1I,3.0,1380499200
A2QDOJFFLFGF18,B00CKH9I1I,4.0,1387238400
A231LBC8EGPO5L,B00CKH9I1I,3.0,1384128000
AQZ4PHIEEV5N5,B00CKH9I1I,4.0,1384819200
A21VQDGHP3T7Y,B00CKH9I1I,4.0,1383177600
AAU0G40ZN5RIL,B00CKH9I1I,5.0,1377648000
A1ITRGMT80D5TK,B00CKH9I1I,4.0,1383696000
A3EM243NDJ4DF3,B00CKH9I1I,4.0,1381795200
A26R7LLAFTPC3U,B00CKH9I1I,3.0,1380844800
A26KXNN6H1IL0I,B00CKH9IIQ,4.0,1380412800
A2U83VDVJMAB2U,B00CKH9IIQ,4.0,1381363200
A1IBKN1GXYJ3K4,B00CKH9IIQ,5.0,1379030400
AXAJXJZUL2J5P,B00CKH9IIQ,3.0,1384992000
AMS2CPERWN7JV,B00CKH9IIQ,5.0,1381881600
A3TJSWA0W9ITYE,B00CKH9IIQ,4.0,1383782400
AG8E2F0G98ZTB,B00CKH9IIQ,5.0,1381795200
A215WH6RUDUCMP,B00CKH9IIQ,5.0,1377820800
A3A8FMW6BDJ166,B00CKH9IIQ,5.0,1378857600
A3DZFEICHK5LF2,B00CKH9IIQ,5.0,1380153600
A34W7QA4J5UTOR,B00CKH9IIQ,2.0,1377907200
A25TNBMJ4ZO7RD,B00CKH9IIQ,4.0,1383264000
A1UCPXUBSESD65,B00CKH9IIQ,5.0,1381881600
ALGI34BYWIXZG,B00CKH9IIQ,4.0,1383436800
A37D2TGTIXRV2N,B00CKH9IIQ,5.0,1381536000
A1VTBADV3JS1EC,B00CKH9IIQ,4.0,1383782400
AYNTULRNAIPNY,B00CKH9IIQ,4.0,1382572800
A21VQDGHP3T7Y,B00CKH9IIQ,4.0,1382054400
ADYZOSTF9LZLD,B00CKH9IIQ,2.0,1381708800
A19YOYY7FLQMA6,B00CKH9IIQ,4.0,1377993600
A2HHAV29CZ1OIE,B00CKH9IIQ,4.0,1380153600
A3R01WHD75L6FG,B00CKH9IIQ,5.0,1381968000
A1BVFLQ89LAI0K,B00CKH9NS6,3.0,1378166400
A26KXNN6H1IL0I,B00CKH9NS6,4.0,1380412800
AW5JSQCHC2ZJO,B00CKH9NS6,4.0,1380067200
A2IG937LQKWO7C,B00CKH9NS6,4.0,1380326400
A2877AOHJFZI0E,B00CKH9NS6,4.0,1379980800
A36BQWQPYU6FRM,B00CKH9NS6,4.0,1377475200
A2RVCF21L2NPU5,B00CKH9NS6,5.0,1379116800
AQ9JTZBF30IW0,B00CKH9NS6,4.0,1381968000
A2ME89MSWVG9NF,B00CKH9NS6,4.0,1376697600
A235NA61RC6YC1,B00CKH9NS6,5.0,1379376000
A1M5ZT35YX6TIN,B00CKH9NS6,3.0,1378598400
ALEUQQE118NEW,B00CKH9NS6,4.0,1378166400
A24RCBRDXRXR0Y,B00CKH9NS6,4.0,1379376000
A1C4J5MRES1KRK,B00CKH9NS6,4.0,1379635200
A19WEEGB05YAZ3,B00CKH9NS6,2.0,1378944000
A3K4AJLVHAH4OZ,B00CKH9NS6,5.0,1378080000
A1FJFLAAQD5WH2,B00CKH9NS6,4.0,1379462400
A2KQT4D0OZR569,B00CKH9NS6,4.0,1378944000
AOEUN9718KVRD,B00CKH9NS6,5.0,1379462400
A45S6D1P309G9,B00CKH9NS6,3.0,1377993600
A3KEZLJ59C1JVH,B00CKH9NS6,4.0,1378684800
AZMISC9FAUBIR,B00CKH9NS6,4.0,1377734400
A2ZKQC0XCIIAEM,B00CKH9NS6,4.0,1377734400
A27BKXQAR305QL,B00CKH9NS6,3.0,1378339200
ARPB88E6F2MFR,B00CKH9NS6,5.0,1381881600
A3VS2RYRGDW4HS,B00CKH9NS6,3.0,1381968000
A208U42GARHSOR,B00CKH9NS6,4.0,1377907200
A2V9DTXTQ5YIMK,B00CKH9NTU,2.0,1377561600
A1UKA7HUAQAMY,B00CKH9NTU,3.0,1377561600
AQB4DH57MSZSC,B00CKH9NTU,3.0,1375920000
A2HC9549CZAKNN,B00CKH9NTU,5.0,1376524800
AM2IR1V5EU55U,B00CKH9NTU,2.0,1374796800
A3JPFWKS83R49V,B00CKH9NTU,3.0,1375228800
A2K89R0B20LYHB,B00CKH9NTU,3.0,1378598400
A16EIVIBBXFAQ0,B00CKH9NTU,2.0,1377561600
ACJT8MUC0LRF0,B00CKH9NTU,4.0,1376092800
A3RTNA9THAU2OP,B00CKH9NTU,5.0,1376524800
A1DB5QPH7WO488,B00CKH9NTU,3.0,1379462400
A8KM4YOB8FGGH,B00CKH9NTU,3.0,1379462400
A2WVF9ZQ068DN0,B00CKH9NTU,2.0,1375833600
A2AOZQ3WTNVVOK,B00CKH9NTU,3.0,1377993600
A4BNJSZVARL5W,B00CKH9NTU,3.0,1376956800
A3QBCX2QMKJ7AH,B00CKH9NTU,5.0,1377561600
AY3EENC2BGTGK,B00CKH9NTU,5.0,1377302400
A30LAVLDNH4JR0,B00CKH9NTU,3.0,1378166400
A1QBOC76MIOJYP,B00CKH9NTU,4.0,1377561600
ALGI34BYWIXZG,B00CKH9NTU,3.0,1377907200
AIXDV2Z2NEYP6,B00CKH9NTU,2.0,1382572800
A1D1IDI5S9TN9D,B00CKH9NTU,3.0,1378425600
AAU0G40ZN5RIL,B00CKH9NTU,3.0,1376006400
A1MRRMHGV3PN5W,B00CKH9NTU,3.0,1377475200
A23RQRX7LO7NG8,B00CKH9NTU,4.0,1376524800
A1POFVVXUZR3IQ,B00CKH9NTU,2.0,1375228800
A2877AOHJFZI0E,B00CKH9QRE,1.0,1375488000
A19FRW264WZTGP,B00CKH9QRE,1.0,1376524800
A2XYH8IHILWW7X,B00CKH9QRE,3.0,1375488000
A3B9C6MZAFC1JX,B00CKH9QRE,2.0,1375228800
A1GWDRBUMQOCRK,B00CKH9QRE,1.0,1374624000
ALEUQQE118NEW,B00CKH9QRE,3.0,1374883200
A28J8ZFUBAC40Q,B00CKH9QRE,1.0,1376265600
A3A8FMW6BDJ166,B00CKH9QRE,5.0,1378857600
A2065HBMYDXJ1S,B00CKH9QRE,3.0,1376265600
AOI2MD752ZWFU,B00CKH9QRE,2.0,1376524800
A18GJ9MYYO6GCQ,B00CKH9QRE,5.0,1375574400
A3C9YGB4H90PDE,B00CKH9QRE,2.0,1379376000
A3U41ZL33SS92P,B00CKH9QRE,1.0,1375833600
A3K4AJLVHAH4OZ,B00CKH9QRE,2.0,1376611200
A17NX7T7DW6KL2,B00CKH9QRE,1.0,1376524800
A398R165PXFOSS,B00CKH9QRE,3.0,1380153600
A2QDOJFFLFGF18,B00CKH9QRE,1.0,1378944000
A1R8TTMXVXEI6H,B00CKH9QRE,3.0,1376956800
AFYQ9V4XBVCJ1,B00CKH9QRE,1.0,1376697600
A2SPV96SGOEO2,B00CKH9QRE,3.0,1377388800
ACR4HKUT808U1,B00CKH9QRE,1.0,1375488000
A19JDXB5R33C7R,B00CKH9QRE,1.0,1375315200
A1P27BGF8NAI29,B00CKH9QWO,5.0,1381968000
A2ZO5SU0ESSB1N,B00CKH9QWO,4.0,1378425600
AAH603Y3Y8QL7,B00CKH9QWO,5.0,1379548800
A3BZUQXA2QHDI2,B00CKH9QWO,4.0,1377475200
A1FDVT0DLJWV78,B00CKH9QWO,4.0,1381708800
A2QCE7L6GRE3MT,B00CKH9QWO,3.0,1383264000
AQ9JTZBF30IW0,B00CKH9QWO,4.0,1381968000
A2ME89MSWVG9NF,B00CKH9QWO,3.0,1380326400
A15Q9YEG1XPEJN,B00CKH9QWO,4.0,1377820800
A2WB4OWBUH2VQX,B00CKH9QWO,4.0,1377475200
A3F43PAJZLOE3I,B00CKH9QWO,5.0,1383177600
A18OUQEK7IZ2F2,B00CKH9QWO,4.0,1381881600
ATLO3YXU2BC16,B00CKH9QWO,5.0,1377993600
A3BAE79NXFDXGV,B00CKH9QWO,4.0,1379721600
AHRNDSKWH1YBT,B00CKH9QWO,4.0,1381881600
A3212H6SF9W1LV,B00CKH9QWO,4.0,1379808000
A30LAVLDNH4JR0,B00CKH9QWO,3.0,1381968000
A1YAGM2QOSAAOT,B00CKH9QWO,3.0,1384214400
A1R8TTMXVXEI6H,B00CKH9QWO,4.0,1378252800
A3Y0IB3VYLD6A,B00CKH9QWO,4.0,1380153600
A2Q8GFSEUSGJ51,B00CKH9QWO,3.0,1377648000
A19DW3VKM5KKYB,B00CKH9QWO,5.0,1380499200
A30Z0GG96D11EO,B00CKH9QWO,3.0,1379376000
A2DURJRPTPKUZS,B00CKH9SEK,3.0,1375228800
A2RW587355CMVA,B00CKH9SEK,4.0,1378166400
AQIBFWWA8UWKF,B00CKH9SEK,3.0,1379116800
A2D7B5I7ZQ51XL,B00CKH9SEK,4.0,1378252800
AM2IR1V5EU55U,B00CKH9SEK,4.0,1374710400
AIP0VIGQWIW90,B00CKH9SEK,5.0,1375315200
A2503LT8PZIHAD,B00CKH9SEK,3.0,1375488000
A3R7RE5O61M112,B00CKH9SEK,3.0,1379548800
ADJ0G262H54GP,B00CKH9SEK,3.0,1375056000
A26OPNLJ0JYHPH,B00CKH9SEK,4.0,1375401600
A3QCC7PV6EG4YC,B00CKH9SEK,4.0,1375056000
A6VSWJVTWEOII,B00CKH9SEK,2.0,1377129600
A4KJTS5P78ICU,B00CKH9SEK,5.0,1377734400
A2HELIKP5RV27F,B00CKH9SEK,3.0,1378252800
A23TGI02RB7JC,B00CKH9SEK,5.0,1377648000
A226GFM0Q9L37H,B00CKH9SEK,3.0,1375660800
A2DA2NJZ2RIYAB,B00CKH9SEK,5.0,1379548800
A3K8AU6BAGN60E,B00CKH9SEK,4.0,1377475200
A3FWVV13DJELLV,B00CKH9SEK,3.0,1378252800
AK1WNXTHNCG5V,B00CKH9SEK,5.0,1376352000
A2YB7DLC3FOR7W,B00CKH9SEK,5.0,1374537600
A276OI0NHBYORX,B00CKH9SEK,5.0,1377043200
A3PIW7ZF4C5ZJL,B00CKH9SEK,4.0,1377561600
A1MBFUV5DZNEZQ,B00CKH9SEK,5.0,1375228800
A3JEPPCGV55FAQ,B00CKH9SEK,4.0,1378857600
A18LURVBV82KW2,B00CKH9SEK,4.0,1377129600
AUCXT9K30SHYF,B00CKH9SEK,5.0,1375574400
A1NOV41485TE0D,B00CKH9SEK,5.0,1379462400
A33230MIA3W7G4,B00CKH9SEK,2.0,1378425600
AL3MFYSK9HKCL,B00CKH9SQS,3.0,1376697600
A2TXMYYGSZCSZ1,B00CKH9SQS,3.0,1377907200
ADY836HK6QSYR,B00CKH9SQS,2.0,1375315200
A1DG75OT3Y49EM,B00CKH9SQS,2.0,1378080000
A11SPSEM08VIXX,B00CKH9SQS,2.0,1376611200
A2QCE7L6GRE3MT,B00CKH9SQS,3.0,1377475200
A2BN9DIBP9A0XG,B00CKH9SQS,4.0,1377734400
A2Y5T1O43P14RP,B00CKH9SQS,3.0,1381881600
ALRCAGJOJ9583,B00CKH9SQS,3.0,1375833600
A3CU0QL4C4LAA8,B00CKH9SQS,3.0,1377475200
A1R2JUOGIYH6HO,B00CKH9SQS,2.0,1378339200
A3QCC7PV6EG4YC,B00CKH9SQS,3.0,1375660800
A3T7XVG3AXJF61,B00CKH9SQS,3.0,1379203200
A3QDDEW6RXVEAY,B00CKH9SQS,3.0,1378425600
A1KI3173CO6TK2,B00CKH9SQS,2.0,1377820800
A5BJMAHZWGJ7N,B00CKH9SQS,3.0,1376870400
A3QEIVO8AB3YMU,B00CKH9SQS,4.0,1376006400
A1XVF5DU3N05OM,B00CKH9SQS,3.0,1378512000
A25TNBMJ4ZO7RD,B00CKH9SQS,3.0,1377129600
A1Q7A78VSQ5GQ4,B00CKH9SQS,5.0,1377648000
AUV3OR951650C,B00CKH9SQS,4.0,1379289600
A2TBAUW2W7J538,B00CKH9SQS,3.0,1378598400
A27ADCSD15F3GL,B00CKH9SQS,3.0,1376438400
A17M1HL6U2GS7M,B00CKH9SQS,4.0,1380499200
A1M0OSCFOAMAZO,B00CKH9SQS,3.0,1375228800
AFYQ9V4XBVCJ1,B00CKH9SQS,3.0,1376697600
AZA55FJD7CCZN,B00CKH9UQQ,4.0,1382572800
A37USOKUTI724H,B00CKH9UQQ,4.0,1376870400
A2TTHN1UMO82VY,B00CKH9UQQ,3.0,1376265600
A2W4014S06NAIT,B00CKH9UQQ,4.0,1375920000
A3BTL4FV6ODKAT,B00CKH9UQQ,3.0,1376611200
A235NA61RC6YC1,B00CKH9UQQ,5.0,1374624000
A336FE20YZZL3A,B00CKH9UQQ,2.0,1378512000
AYNNJ0DBGL5H7,B00CKH9UQQ,3.0,1375920000
A2K4HN6EECBNR3,B00CKH9UQQ,5.0,1377043200
AO2AQRPPSTABB,B00CKH9UQQ,5.0,1374883200
AY1I85LLDMETC,B00CKH9UQQ,5.0,1375228800
A38H4XCCPLRF93,B00CKH9UQQ,5.0,1375228800
A1UUI7PFQ5FU4E,B00CKH9UQQ,5.0,1376438400
A3LLP0VSTSABK2,B00CKH9UQQ,4.0,1375401600
A3QDDEW6RXVEAY,B00CKH9UQQ,3.0,1377561600
A11LNY2OLQSUSV,B00CKH9UQQ,4.0,1378080000
ADFLBRY00Y70G,B00CKH9UQQ,5.0,1379548800
A3415H58HNGQFV,B00CKH9UQQ,3.0,1378252800
A11OBEH2ZCVAHX,B00CKH9UQQ,4.0,1375920000
A2SD1Z4OROY538,B00CKH9UQQ,4.0,1375488000
A15JB2HEZ6RKGW,B00CKH9UQQ,4.0,1376870400
A3V55DVYU80LDS,B00CKH9UQQ,5.0,1374710400
A2V0I904FH7ABY,B00CKH9UQQ,3.0,1376179200
AQB4DH57MSZSC,B00CKH9URK,4.0,1375920000
AZA55FJD7CCZN,B00CKH9URK,4.0,1382572800
A1NOBRCN20NGD5,B00CKH9URK,2.0,1374796800
A1I7QGUDP043DG,B00CKH9URK,4.0,1377129600
ALNFHVS3SC4FV,B00CKH9URK,4.0,1377216000
A1IBKN1GXYJ3K4,B00CKH9URK,5.0,1377993600
A10M94ASQEBL56,B00CKH9URK,5.0,1377129600
A2TTHN1UMO82VY,B00CKH9URK,5.0,1376265600
ARADXCOUVBS09,B00CKH9URK,4.0,1375315200
A2507ZYWGMY9BK,B00CKH9URK,3.0,1375660800
A2RME4353Y911C,B00CKH9URK,4.0,1377129600
A2065HBMYDXJ1S,B00CKH9URK,3.0,1376265600
A14DNCG5WHM86Z,B00CKH9URK,3.0,1376524800
AWH2AY17ZU7W2,B00CKH9URK,4.0,1377302400
A1Y5ERIKQBEMSP,B00CKH9URK,3.0,1379548800
A2PM5Z249OVPEN,B00CKH9URK,4.0,1377129600
AP8D74QD9LUUL,B00CKH9URK,3.0,1376438400
ALDV8DDZWWPYE,B00CKH9URK,3.0,1376006400
A3212H6SF9W1LV,B00CKH9URK,3.0,1375747200
A3FFKU2MTCOBM1,B00CKH9URK,1.0,1377043200
AUV3OR951650C,B00CKH9URK,5.0,1376870400
AC04O7AYHEKJ5,B00CKH9URK,4.0,1376438400
AX7317G153T8W,B00CKH9URK,4.0,1377129600
A2WFZWRYWLC20S,B00CKH9URK,4.0,1378857600
A16YU3GRGCD95S,B00CKH9URK,4.0,1375920000
A1VLVWTLV3LVHR,B00CKH9URK,5.0,1376524800
A23RQRX7LO7NG8,B00CKH9URK,5.0,1376524800
A2SD1Z4OROY538,B00CKH9URK,4.0,1375488000
A1XFI340SHOS5K,B00CKH9URK,3.0,1375142400
A19D3N662QS9WD,B00CKH9URU,4.0,1387324800
A1II2ZRPKZAQQD,B00CKH9URU,4.0,1379980800
A1F7YU6O5RU432,B00CKH9URU,5.0,1385683200
A16Z2OECAUX8Z4,B00CKH9URU,5.0,1387324800
A38YS1DNHC3CVC,B00CKH9URU,4.0,1381795200
A2RX62V4E2BF5Z,B00CKH9URU,4.0,1382918400
A3NHUQ33CFH3VM,B00CKH9URU,5.0,1382745600
AEL6CQNQXONBX,B00CKH9URU,5.0,1384128000
ALNFHVS3SC4FV,B00CKH9URU,5.0,1383696000
ACJT8MUC0LRF0,B00CKH9URU,5.0,1383004800
AMS2CPERWN7JV,B00CKH9URU,4.0,1386547200
ATS2855497V0I,B00CKH9URU,3.0,1382745600
A1M5ZT35YX6TIN,B00CKH9URU,5.0,1385596800
AYB4ELCS5AM8P,B00CKH9URU,5.0,1383350400
A2UEB48LAWFUCW,B00CKH9URU,4.0,1386720000
A2R1HUYHXV7H18,B00CKH9URU,5.0,1386115200
AT1RF4WNPGGLC,B00CKH9URU,5.0,1380844800
ADFLBRY00Y70G,B00CKH9URU,4.0,1384992000
A2QDOJFFLFGF18,B00CKH9URU,5.0,1384041600
A3FWVV13DJELLV,B00CKH9URU,5.0,1385856000
A376OJHLE6SU9Q,B00CKH9URU,4.0,1383177600
A1QBOC76MIOJYP,B00CKH9URU,5.0,1387324800
A231LBC8EGPO5L,B00CKH9URU,5.0,1383091200
A2ZKQC0XCIIAEM,B00CKH9URU,5.0,1383091200
A1ITRGMT80D5TK,B00CKH9URU,4.0,1383523200
A1VLVWTLV3LVHR,B00CKH9URU,4.0,1378857600
AY6A8KPYCE6B0,B00CKH9URU,4.0,1383350400
A2H667ZUNLNTF1,B00CKH9URU,4.0,1385337600
A3CIHP9FFPE9I3,B00CM75VXA,2.0,1377993600
AYWHCM0TJ4737,B00CM75VXA,5.0,1378080000
A2I05FGBTCRRB8,B00CM75VXA,4.0,1377993600
A30H2335OM7RD6,B00CM75VXA,5.0,1379376000
AYUF7YETYOLNX,B00CM75VXA,4.0,1379894400
AZFHSPEZUPGD2,B00CM75VXA,4.0,1378598400
A2LW5AL0KQ9P1M,B00CM75VXA,3.0,1376956800
A9XMQ24ZKXYSN,B00CM75VXA,5.0,1377388800
A336FE20YZZL3A,B00CM75VXA,5.0,1379808000
A2065HBMYDXJ1S,B00CM75VXA,4.0,1377648000
AIW4CHZOM5W7D,B00CM75VXA,5.0,1378339200
A1WSQ0QRWQC7VI,B00CM75VXA,4.0,1380240000
A1Q7A78VSQ5GQ4,B00CM75VXA,4.0,1379894400
A1VTBADV3JS1EC,B00CM75VXA,5.0,1380067200
AUS5X6IMFLJBD,B00CM75VXA,5.0,1379462400
A2MW90O3P2GOO5,B00CM75VXA,2.0,1377907200
A2G4LKK57XMBL3,B00CM75VXA,4.0,1377043200
AXVKMYWNIHK7W,B00CM75VXA,5.0,1377129600
A1ITRGMT80D5TK,B00CM75VXA,4.0,1377388800
A3SBZAOPPY40IT,B00CM75VXA,5.0,1379808000
ALQMZVXPJ0Y3A,B00CM97CEY,4.0,1382400000
ABSFFH7ECSE49,B00CM97CEY,2.0,1386288000
A2MOD50IHEDH3G,B00CM97CEY,4.0,1385164800
A2LO1YE4Q0N4F,B00CM97CEY,2.0,1387324800
A1ZU55TM45Y2R8,B00CM97CEY,3.0,1383177600
A2H1W8V6R9TJ9E,B00CM97CEY,3.0,1388361600
A3FMPT5IH0CJ50,B00CM97CEY,5.0,1384732800
A199FRO0YFMGED,B00CM97CEY,5.0,1384387200
AIXDV2Z2NEYP6,B00CM97CEY,3.0,1384992000
AXVKMYWNIHK7W,B00CM97CEY,5.0,1382572800
AY6A8KPYCE6B0,B00CM97CEY,3.0,1384905600
A12O5SEIF162P8,B00CM97CEY,3.0,1385164800
AM2IR1V5EU55U,B00CMNX7U8,5.0,1377475200
A279A4Y2N1CQ26,B00CMNX7U8,5.0,1377129600
A2TTHN1UMO82VY,B00CMNX7U8,5.0,1379548800
A194K60CWZ371J,B00CMNX7U8,5.0,1378857600
A29JUMRL1US6YP,B00CMNX7U8,4.0,1384300800
ATANE2SC44592,B00CMNX7U8,5.0,1379635200
A32658HY8IU6UV,B00CMNX7U8,5.0,1379462400
AK1WNXTHNCG5V,B00CMNX7U8,5.0,1377820800
AUS5X6IMFLJBD,B00CMNX7U8,4.0,1379462400
ATLZNVLYKP9AZ,B00CMNX7U8,4.0,1379980800
AFTFND8CPQ34M,B00CMNX8WA,4.0,1384905600
A2HC9549CZAKNN,B00CMNX8WA,3.0,1381795200
A2RVCF21L2NPU5,B00CMNX8WA,4.0,1381536000
A1TR1R2QKWRSRA,B00CMNX8WA,4.0,1382313600
A2P739KOM4U5JB,B00CMNX8WA,4.0,1383955200
AZ515FFZ7I2P7,B00CMNX8WA,4.0,1382313600
AYNRALJ4X1COS,B00CMNX8WA,2.0,1384214400
A3HAA7H8PBVM78,B00CMNX8WA,1.0,1381536000
A34W7QA4J5UTOR,B00CMNX8WA,4.0,1380067200
A1PTBXZG04GT29,B00CMNX8WA,5.0,1379980800
A2JKM8KF3296CW,B00CMNX8WA,3.0,1384214400
A231LBC8EGPO5L,B00CMNX8WA,5.0,1380240000
A3LOGP4VA9DX46,B00CMNX8WA,3.0,1384041600
A1RDHBBZE1NPS3,B00CMNX8WA,4.0,1384128000
A1GNYV0RA0EQSS,B00CMNX8WA,2.0,1381190400
A2NXAV1SNXWA9H,B00CMNX8WA,4.0,1381795200
A3EK2KTYHJCPB9,B00CMNX906,4.0,1379462400
A2IMGHMF0LO151,B00CMNX906,5.0,1380067200
A2P739KOM4U5JB,B00CMNX906,3.0,1379548800
A2XA8CW5DF4MNZ,B00CMNX906,5.0,1377820800
A33X80DIINN48Y,B00CMNX906,4.0,1377648000
A1Z0LTKUA6F94D,B00CMNX906,3.0,1379376000
A1PTBXZG04GT29,B00CMNX906,5.0,1379635200
A2JKM8KF3296CW,B00CMNX906,2.0,1379721600
A33VI944SO2YCN,B00CMNX906,4.0,1379548800
A3DFH4CKPIT0N9,B00CMNX906,3.0,1378080000
A319Y83RT0MRVR,B00CNNPPV6,4.0,1388361600
A1W415JP5WEAJK,B00CNNPPV6,4.0,1387065600
ANCOMAI0I7LVG,B00CNNPPV6,4.0,1384128000
A1F7YU6O5RU432,B00CNNPPV6,5.0,1389052800
A2CNGARED6OWWU,B00CNNPPV6,4.0,1387152000
A3E7E854VCA4E7,B00CNNPPV6,2.0,1386979200
A18FUHNBP90IB4,B00CNNPPV6,5.0,1381536000
A2RX62V4E2BF5Z,B00CNNPPV6,4.0,1388620800
A3OXHLG6DIBRW8,B00CNNPPV6,4.0,1388534400
A3NHUQ33CFH3VM,B00CNNPPV6,4.0,1385769600
AEL6CQNQXONBX,B00CNNPPV6,4.0,1388275200
A3U5CZ3PV82JXD,B00CNNPPV6,4.0,1384300800
A2QCE7L6GRE3MT,B00CNNPPV6,2.0,1383177600
ACJT8MUC0LRF0,B00CNNPPV6,5.0,1385856000
AY3D7DG5L5WCK,B00CNNPPV6,5.0,1380672000
A8WEXFRWX1ZHH,B00CNNPPV6,2.0,1383264000
A2P739KOM4U5JB,B00CNNPPV6,2.0,1388188800
A305XM71TF83CY,B00CNNPPV6,2.0,1387584000
A1EVV74UQYVKRY,B00CNNPPV6,3.0,1387756800
A2561PYW9TTMYD,B00CNNPPV6,3.0,1388016000
A2GSY9DM54Y0HS,B00CNNPPV6,5.0,1384992000
A1UQBFCERIP7VJ,B00CNNPPV6,2.0,1387584000
A23TGI02RB7JC,B00CNNPPV6,4.0,1388534400
A35NOFKHK8P2LU,B00CNNPPV6,4.0,1386288000
A2QDOJFFLFGF18,B00CNNPPV6,5.0,1388188800
AK1WNXTHNCG5V,B00CNNPPV6,5.0,1384732800
A1MBFUV5DZNEZQ,B00CNNPPV6,5.0,1383868800
A3R5GTYQ50QVMD,B00CNNPPV6,1.0,1386201600
A11I1I9QLMAM1A,B00CNNPPV6,4.0,1387670400
A1ITRGMT80D5TK,B00CNNPPV6,4.0,1388188800
ANRD6B90QL0FF,B00CNNPPV6,5.0,1384992000
A2YEOR4XJ8N3QE,B00CNNPPV6,5.0,1383523200
A39H1GO9E3YQIB,B00COEIFM0,4.0,1384732800
A2TXMYYGSZCSZ1,B00COEIFM0,4.0,1385683200
AP6L54VTCJKCQ,B00COEIFM0,4.0,1387324800
A3CA3RWZYJDWXE,B00COEIFM0,5.0,1384992000
A2RX62V4E2BF5Z,B00COEIFM0,4.0,1385769600
AKJHHD5VEH7VG,B00COEIFM0,5.0,1388448000
A1TS45JWJVOSSW,B00COEIFM0,5.0,1383004800
A35IX2GE0VC0JP,B00COEIFM0,4.0,1385942400
A215WH6RUDUCMP,B00COEIFM0,4.0,1386806400
AKMEY1BSHSDG7,B00COEIFM0,4.0,1380672000
ABMX8XUNPR3LP,B00COEIFM0,3.0,1384905600
A3U029B8Z5WGI2,B00COEIFM0,3.0,1382918400
A1ZGHA3IJV01BK,B00COEIFM0,3.0,1384128000
AQSW6WDVCJGB8,B00COEIFM0,4.0,1387843200
A2QDOJFFLFGF18,B00COEIFM0,4.0,1382918400
A3K8AU6BAGN60E,B00COEIFM0,4.0,1386633600
A1UCPXUBSESD65,B00COEIFM0,4.0,1381881600
AT28RL25Q2OLK,B00COEIFM0,5.0,1383868800
A1RF9YK4BK5TRH,B00COEIFM0,4.0,1387152000
AVL5IDEE8YA3D,B00COEIFM0,3.0,1387670400
A9XX8OHS2ZQ2X,B00COEIFM0,4.0,1381622400
A2MG95DI29NJTJ,B00COEIFM0,3.0,1384992000
ALQ4USPEQ9L5N,B00COEIFM0,4.0,1387065600
A1NOV41485TE0D,B00COEIFM0,4.0,1387238400
A3LMPD1ZQTWOC4,B00CP4J7OY,5.0,1377475200
A1II2ZRPKZAQQD,B00CP4J7OY,5.0,1376006400
A2AYYKD4OODSLY,B00CP4J7OY,5.0,1376352000
A3U4GW06XNSI2Q,B00CP4J7OY,4.0,1375747200
A2RX62V4E2BF5Z,B00CP4J7OY,4.0,1396137600
A1FK6IQ111SJDR,B00CP4J7OY,4.0,1374710400
A1Q08H4B9QGT2N,B00CP4J7OY,5.0,1398038400
A3MEMX0XF00TBD,B00CP4J7OY,3.0,1389225600
AQ9JTZBF30IW0,B00CP4J7OY,5.0,1379721600
A2QX49LS3Y3ANI,B00CP4J7OY,1.0,1394409600
A2974R9BTPZPOJ,B00CP4J7OY,5.0,1376352000
AHNHLGKIZ2N3B,B00CP4J7OY,5.0,1379548800
A3TJSWA0W9ITYE,B00CP4J7OY,5.0,1397088000
A4EBYIKOMYFF9,B00CP4J7OY,3.0,1377043200
A5JLAU2ARJ0BO,B00CP4J7OY,3.0,1395187200
A31HE83MU98GBV,B00CP4J7OY,5.0,1396137600
A2503LT8PZIHAD,B00CP4J7OY,5.0,1393286400
ADJ0G262H54GP,B00CP4J7OY,4.0,1377129600
A2MOD50IHEDH3G,B00CP4J7OY,5.0,1377302400
A2XA8CW5DF4MNZ,B00CP4J7OY,5.0,1375747200
A24RCBRDXRXR0Y,B00CP4J7OY,5.0,1395446400
AO2AQRPPSTABB,B00CP4J7OY,5.0,1378080000
A1P0JSFW184ZXJ,B00CP4J7OY,4.0,1374969600
A14X244VGHWPSX,B00CP4J7OY,4.0,1394668800
AGFGY4EJ37VS2,B00CP4J7OY,5.0,1374710400
A2LF16F0KX9L7P,B00CP4J7OY,5.0,1376265600
A1IH7O6EL7SNBD,B00CP4J7OY,5.0,1376352000
A1ZGHA3IJV01BK,B00CP4J7OY,4.0,1394582400
AA8F2HV4DPV2T,B00CP4J7OY,4.0,1377734400
A8INT3NMHRUS4,B00CP4J7OY,5.0,1374883200
A1QT3N5FUQ4I47,B00CP4J7OY,5.0,1378339200
AP8D74QD9LUUL,B00CP4J7OY,5.0,1395446400
A26SO3TOT2TLJE,B00CP4J7OY,5.0,1376352000
A17SZZO9LM3WYC,B00CP4J7OY,4.0,1393718400
AC1YLEFC9AN5X,B00CP4J7OY,5.0,1374537600
A30LAVLDNH4JR0,B00CP4J7OY,5.0,1384128000
A3LN4AOPBIUQWR,B00CP4J7OY,5.0,1395014400
A2JKM8KF3296CW,B00CP4J7OY,5.0,1374969600
A1ODOGXEYECQQ8,B00CP4J7OY,4.0,1396137600
A2ZKQC0XCIIAEM,B00CP4J7OY,5.0,1374624000
ALDAF4VVLFRHP,B00CP4J7OY,5.0,1394236800
AQZ4PHIEEV5N5,B00CP4J7OY,5.0,1397606400
A1YAGM2QOSAAOT,B00CP4J7OY,5.0,1377475200
AUS5X6IMFLJBD,B00CP4J7OY,5.0,1396569600
A1RDHBBZE1NPS3,B00CP4J7OY,5.0,1377129600
A24ZMNWTW8AQUR,B00CP4J7OY,5.0,1377475200
A2OOZZDSOHG4UY,B00CP4J7OY,5.0,1383091200
A12E0Y0J6584RT,B00CP4J7OY,4.0,1375747200
ALQ4USPEQ9L5N,B00CP4J7OY,5.0,1379462400
A3JHC8O59WDHFZ,B00CP4J7OY,4.0,1395360000
A33VI944SO2YCN,B00CP4J7OY,5.0,1377043200
A2NXAV1SNXWA9H,B00CP4J7OY,5.0,1376438400
A3K91X9X2ARDOK,B00CP4J7OY,5.0,1376438400
A2J8DE8R94ZB02,B00CP4J7OY,5.0,1379289600
A3JLOIXFM75QNV,B00CP4J7OY,5.0,1378857600
A2H667ZUNLNTF1,B00CP4J7OY,4.0,1376265600
A1DRKVXO300RUE,B00CPHGFO6,3.0,1384300800
ANCOMAI0I7LVG,B00CPHGFO6,2.0,1383264000
A2I05FGBTCRRB8,B00CPHGFO6,4.0,1382486400
A3JPFWKS83R49V,B00CPHGFO6,3.0,1386288000
A18FUHNBP90IB4,B00CPHGFO6,4.0,1381536000
A1WKQ94M45D8MG,B00CPHGFO6,4.0,1385424000
AKJHHD5VEH7VG,B00CPHGFO6,4.0,1388448000
A8WEXFRWX1ZHH,B00CPHGFO6,5.0,1383264000
A1SD1C8XK3Z3V1,B00CPHGFO6,3.0,1386201600
AVQZ0JG8OP8P7,B00CPHGFO6,3.0,1381449600
AZ515FFZ7I2P7,B00CPHGFO6,4.0,1388448000
A1DSRM2P0WGQNS,B00CPHGFO6,3.0,1386115200
A32658HY8IU6UV,B00CPHGFO6,3.0,1384300800
A2GSY9DM54Y0HS,B00CPHGFO6,4.0,1381104000
A1NIGUK4M2ST8,B00CPHGFO6,4.0,1383177600
A1XVF5DU3N05OM,B00CPHGFO6,4.0,1384992000
AK1WNXTHNCG5V,B00CPHGFO6,5.0,1383177600
A1PTBXZG04GT29,B00CPHGFO6,4.0,1381017600
A1VTBADV3JS1EC,B00CPHGFO6,4.0,1386201600
A2MW90O3P2GOO5,B00CPHGFO6,4.0,1383782400
ADYZOSTF9LZLD,B00CPHGFO6,3.0,1381017600
A18LURVBV82KW2,B00CPHGFO6,3.0,1387324800
A2J8DE8R94ZB02,B00CPHGFO6,4.0,1386374400
A1MZEMD0EDETS6,B00CPHX6YI,5.0,1388275200
A31HE83MU98GBV,B00CPHX6YI,5.0,1387756800
AKMEY1BSHSDG7,B00CPHX6YI,5.0,1385769600
AOEUN9718KVRD,B00CPHX6YI,5.0,1387152000
A3QD7VWBD470D2,B00CPHX6YI,5.0,1388275200
A2YV6F6DLENNTM,B00CPHX6YI,5.0,1386115200
A2ZKQC0XCIIAEM,B00CPHX6YI,5.0,1386028800
AQZ4PHIEEV5N5,B00CPHX6YI,5.0,1388448000
A23KACXOE9O9TX,B00CPHX6YI,5.0,1385596800
A2KWE2ZM1EEBGJ,B00CPHX6YI,5.0,1387324800
A2WFZWRYWLC20S,B00CPHX6YI,5.0,1388102400
A2JXCOUGYS5Y4J,B00CPHX75G,4.0,1384905600
A3JPFWKS83R49V,B00CPHX75G,4.0,1385424000
A1MZEMD0EDETS6,B00CPHX75G,5.0,1383004800
A2KIVODZRTGY4U,B00CPHX75G,4.0,1385510400
A3CLWZGMC7M9Z1,B00CPHX75G,4.0,1385424000
AC1YLEFC9AN5X,B00CPHX75G,4.0,1385424000
AQZ4PHIEEV5N5,B00CPHX75G,5.0,1385510400
A1GNYV0RA0EQSS,B00CPHX75G,5.0,1382572800
A30QAOLNZ4415R,B00CPHX75G,4.0,1384041600
A384HAQMS7XRZ4,B00CPHX75G,4.0,1384560000
A2VAD79S4A06DD,B00CPNKPG4,5.0,1378339200
APPJNVNF4BFLB,B00CPNKPG4,3.0,1377216000
A1FDVT0DLJWV78,B00CPNKPG4,3.0,1379462400
AGFGY4EJ37VS2,B00CPNKPG4,4.0,1377129600
A34CSXOGVYF94S,B00CPNKPG4,3.0,1376870400
A4KJTS5P78ICU,B00CPNKPG4,4.0,1380412800
A3A90CELVLOUP6,B00CPNKPG4,4.0,1380153600
A23KACXOE9O9TX,B00CPNKPG4,4.0,1378080000
A1NN8Q1DLAYPGH,B00CPNKPG4,4.0,1380153600
A384HAQMS7XRZ4,B00CPNKPG4,4.0,1379462400
A1IA0O3OYQO9LV,B00CPNKPG4,5.0,1377129600
A3DIS5O83SQJWW,B00CPNLECI,4.0,1379462400
AZFHSPEZUPGD2,B00CPNLECI,5.0,1378598400
APPJNVNF4BFLB,B00CPNLECI,4.0,1377561600
AKHFY3VCNZL2W,B00CPNLECI,5.0,1379116800
AGFGY4EJ37VS2,B00CPNLECI,4.0,1377129600
A37R3P5JFNQG8S,B00CPNLECI,4.0,1378512000
A3C9YGB4H90PDE,B00CPNLECI,4.0,1379376000
A35NOFKHK8P2LU,B00CPNLECI,5.0,1377734400
A1KI3173CO6TK2,B00CPNLECI,4.0,1380499200
A2G4LKK57XMBL3,B00CPNLECI,5.0,1380153600
ATMQEI1LKR6VB,B00CPNLECI,4.0,1378684800
A1WP940JZL83T7,B00CPNLXRE,5.0,1378166400
A1IDAKX7OM3QIE,B00CPNLXRE,5.0,1380326400
AZFHSPEZUPGD2,B00CPNLXRE,4.0,1378598400
APPJNVNF4BFLB,B00CPNLXRE,4.0,1377216000
ALRCAGJOJ9583,B00CPNLXRE,4.0,1380153600
A1DY0CRKZEY0FB,B00CPNLXRE,4.0,1381968000
A37R3P5JFNQG8S,B00CPNLXRE,4.0,1378512000
A22B13EJTZKCTM,B00CPNLXRE,4.0,1380672000
A35NOFKHK8P2LU,B00CPNLXRE,3.0,1377129600
A23KACXOE9O9TX,B00CPNLXRE,5.0,1377302400
A2D4FQHV506EPB,B00CRZXS82,5.0,1386720000
A1QR76SYGTXJN5,B00CRZXS82,1.0,1381881600
A1W415JP5WEAJK,B00CRZXS82,4.0,1382400000
A1F7YU6O5RU432,B00CRZXS82,5.0,1384905600
A16Z2OECAUX8Z4,B00CRZXS82,3.0,1386460800
A2CNGARED6OWWU,B00CRZXS82,4.0,1384905600
A2RX62V4E2BF5Z,B00CRZXS82,5.0,1385424000
A1X3ESYZ79H59E,B00CRZXS82,4.0,1387411200
A33PBU9EHZ28PC,B00CRZXS82,5.0,1380153600
A353U0L2HAMSHV,B00CRZXS82,4.0,1381795200
ALNFHVS3SC4FV,B00CRZXS82,3.0,1384214400
ACJT8MUC0LRF0,B00CRZXS82,5.0,1383955200
A2LW5AL0KQ9P1M,B00CRZXS82,3.0,1382659200
A36MP37DITBU6F,B00CRZXS82,4.0,1384905600
ALYZJ7W14YS26,B00CRZXS82,4.0,1382832000
A26EQ8U96JA92T,B00CRZXS82,3.0,1385164800
A2R1HUYHXV7H18,B00CRZXS82,3.0,1387065600
A2CZ98V784SRJ0,B00CRZXS82,4.0,1387411200
A1UQBFCERIP7VJ,B00CRZXS82,5.0,1388275200
AOEUN9718KVRD,B00CRZXS82,5.0,1383091200
A45S6D1P309G9,B00CRZXS82,3.0,1377993600
AY3EENC2BGTGK,B00CRZXS82,5.0,1377734400
A3M2O06MCHJG18,B00CRZXS82,4.0,1380672000
A2QDOJFFLFGF18,B00CRZXS82,3.0,1387411200
A376OJHLE6SU9Q,B00CRZXS82,3.0,1386374400
A1QBOC76MIOJYP,B00CRZXS82,1.0,1387411200
A1PTBXZG04GT29,B00CRZXS82,5.0,1381968000
A23KDA686N6T4Y,B00CRZXS82,4.0,1385510400
A2JKM8KF3296CW,B00CRZXS82,4.0,1385424000
A231LBC8EGPO5L,B00CRZXS82,4.0,1384214400
ALDAF4VVLFRHP,B00CRZXS82,5.0,1378339200
A27BKXQAR305QL,B00CRZXS82,4.0,1386892800
A3P8ZDHC7XSKSE,B00CRZXS82,4.0,1380499200
A276OI0NHBYORX,B00CRZXS82,4.0,1385424000
A14RYRR7ETV3UY,B00CRZXS82,4.0,1387238400
ALQ4USPEQ9L5N,B00CRZXS82,3.0,1387065600
AD34TCPEP7P84,B00CRZXS82,5.0,1380153600
A3NEAETOSXDBOM,B00CRZXS82,4.0,1384646400
AFICF7DKHTQ87,B00CRZXS82,3.0,1384560000
A2H667ZUNLNTF1,B00CRZXS82,4.0,1386633600
A3FKPBNI7UWQFW,B00CRZXS82,3.0,1379894400
A1QR76SYGTXJN5,B00CRZXSGE,5.0,1378252800
A1WP940JZL83T7,B00CRZXSGE,4.0,1377129600
A3RG8DYG8AJ6Z9,B00CRZXSGE,5.0,1380153600
A16Z2OECAUX8Z4,B00CRZXSGE,4.0,1385942400
A279FUL12R7MBD,B00CRZXSGE,4.0,1380499200
A3EK2KTYHJCPB9,B00CRZXSGE,4.0,1382659200
A19FRW264WZTGP,B00CRZXSGE,3.0,1378944000
A2XYH8IHILWW7X,B00CRZXSGE,5.0,1377129600
A2RX62V4E2BF5Z,B00CRZXSGE,5.0,1383177600
A279A4Y2N1CQ26,B00CRZXSGE,5.0,1382745600
ALNFHVS3SC4FV,B00CRZXSGE,4.0,1384214400
ACJT8MUC0LRF0,B00CRZXSGE,5.0,1383955200
A2LW5AL0KQ9P1M,B00CRZXSGE,5.0,1384041600
AHNHLGKIZ2N3B,B00CRZXSGE,4.0,1381968000
AMS2CPERWN7JV,B00CRZXSGE,4.0,1385683200
A1GWDRBUMQOCRK,B00CRZXSGE,5.0,1376697600
ALYZJ7W14YS26,B00CRZXSGE,5.0,1382832000
A22S7D0LP8GRDH,B00CRZXSGE,5.0,1378512000
A3V6QSTG2T9MIO,B00CRZXSGE,4.0,1380153600
AXUJFOFQZNTN,B00CRZXSGE,4.0,1376956800
A3QCC7PV6EG4YC,B00CRZXSGE,3.0,1380153600
A1FWFCJU2G7TRA,B00CRZXSGE,5.0,1378598400
A3U41ZL33SS92P,B00CRZXSGE,5.0,1379980800
A3H5QGH5OD2XGX,B00CRZXSGE,4.0,1379203200
A1QT3N5FUQ4I47,B00CRZXSGE,5.0,1379808000
A22IDP8YERZ79X,B00CRZXSGE,5.0,1379894400
A376OJHLE6SU9Q,B00CRZXSGE,5.0,1385856000
A1PTBXZG04GT29,B00CRZXSGE,5.0,1381968000
A23KDA686N6T4Y,B00CRZXSGE,5.0,1385337600
A2JKM8KF3296CW,B00CRZXSGE,4.0,1383436800
ALGI34BYWIXZG,B00CRZXSGE,2.0,1379894400
ALDAF4VVLFRHP,B00CRZXSGE,5.0,1378339200
AX7317G153T8W,B00CRZXSGE,5.0,1379721600
A2IJ54FX1L83WK,B00CRZXSGE,5.0,1379030400
A27BKXQAR305QL,B00CRZXSGE,4.0,1386288000
A1NC9AGZOBI0M1,B00CRZXSGE,4.0,1379462400
A2NVQZ4Y7Y0J1R,B00CRZXSGE,4.0,1379376000
A2H667ZUNLNTF1,B00CRZXSGE,5.0,1386633600
A1II2ZRPKZAQQD,B00CRZXSH8,4.0,1380240000
A2GRDQJ4Z7053K,B00CRZXSH8,4.0,1379462400
AFTFND8CPQ34M,B00CRZXSH8,5.0,1381795200
A1HBC0NBQJHT7X,B00CRZXSH8,4.0,1378080000
A2QCE7L6GRE3MT,B00CRZXSH8,3.0,1380067200
A2OJCTT5WLB2HR,B00CRZXSH8,4.0,1377129600
A2E4R7YISIM4QM,B00CRZXSH8,4.0,1381536000
A194K60CWZ371J,B00CRZXSH8,5.0,1378857600
A1QT3N5FUQ4I47,B00CRZXSH8,4.0,1384128000
A1ONZ8JRPLBNUI,B00CRZXSH8,4.0,1380412800
AX7317G153T8W,B00CRZXSH8,4.0,1379721600
A1RDHBBZE1NPS3,B00CRZXSH8,3.0,1381363200
A1E5WXNTI7EO2A,B00CRZXSH8,4.0,1381190400
AD34TCPEP7P84,B00CRZXSH8,5.0,1381968000
A3MUSWDCTZINQZ,B00CRZXSH8,4.0,1380499200
A1QG13XG3EO2CX,B00CRZXUZI,4.0,1373587200
A1II2ZRPKZAQQD,B00CRZXUZI,4.0,1373241600
A3RG8DYG8AJ6Z9,B00CRZXUZI,5.0,1376352000
AFTFND8CPQ34M,B00CRZXUZI,5.0,1376265600
A2CNGARED6OWWU,B00CRZXUZI,5.0,1374105600
A2K89R0B20LYHB,B00CRZXUZI,5.0,1375747200
A279A4Y2N1CQ26,B00CRZXUZI,4.0,1375574400
A13KNCFLH0IH2G,B00CRZXUZI,5.0,1373673600
A22DRQMROONYOK,B00CRZXUZI,5.0,1375747200
A2AF0NOCM71J0B,B00CRZXUZI,5.0,1373673600
A2503LT8PZIHAD,B00CRZXUZI,4.0,1372982400
A1BKJNAWJT2TG2,B00CRZXUZI,5.0,1372291200
A97H5I4P5PCEM,B00CRZXUZI,5.0,1375401600
A2XA8CW5DF4MNZ,B00CRZXUZI,5.0,1374019200
A22S7D0LP8GRDH,B00CRZXUZI,5.0,1376179200
A3CU0QL4C4LAA8,B00CRZXUZI,5.0,1375142400
A1NQK5MH9GTJ6S,B00CRZXUZI,5.0,1372291200
A8KM4YOB8FGGH,B00CRZXUZI,5.0,1376352000
A3V6QSTG2T9MIO,B00CRZXUZI,5.0,1376524800
AOAOARIH72UWI,B00CRZXUZI,3.0,1376352000
AA8F2HV4DPV2T,B00CRZXUZI,4.0,1376524800
A1KDM0N4UCEPHA,B00CRZXUZI,5.0,1376352000
ASHO96ZB8AL1Z,B00CRZXUZI,5.0,1375747200
AY1I85LLDMETC,B00CRZXUZI,5.0,1376611200
A9NXTC0HTPSDO,B00CRZXUZI,5.0,1379721600
A226GFM0Q9L37H,B00CRZXUZI,5.0,1375660800
A1ONZ8JRPLBNUI,B00CRZXUZI,5.0,1374796800
AGEKVD8JPZQMT,B00CRZXUZI,4.0,1372636800
A3Q9HY0LU7MN6E,B00CRZXUZI,5.0,1375142400
A17C7XZHFOS12W,B00CRZXUZI,4.0,1374710400
AUV3OR951650C,B00CRZXUZI,4.0,1376870400
AC04O7AYHEKJ5,B00CRZXUZI,5.0,1373846400
ARPB88E6F2MFR,B00CRZXUZI,4.0,1374883200
ALQ4USPEQ9L5N,B00CRZXUZI,5.0,1376438400
A58F10T4OE58C,B00CRZXUZI,5.0,1373241600
A1MRRMHGV3PN5W,B00CRZXUZI,5.0,1374105600
A2I4A4WGWII18Z,B00CRZXUZI,5.0,1372636800
A1UINGIK3UG77D,B00CRZXUZI,4.0,1372464000
A13WEKTB63G78Y,B00CRZXUZI,4.0,1376438400
A319Y83RT0MRVR,B00CRZXV16,5.0,1388361600
A1WP940JZL83T7,B00CRZXV16,5.0,1380672000
A19D3N662QS9WD,B00CRZXV16,4.0,1388361600
AFTFND8CPQ34M,B00CRZXV16,5.0,1384905600
A2CNGARED6OWWU,B00CRZXV16,5.0,1381881600
A2RX62V4E2BF5Z,B00CRZXV16,3.0,1388275200
A3OXHLG6DIBRW8,B00CRZXV16,3.0,1388534400
A3NHUQ33CFH3VM,B00CRZXV16,5.0,1385942400
ACJT8MUC0LRF0,B00CRZXV16,5.0,1385856000
A2BMZRO0H7TFCS,B00CRZXV16,3.0,1388188800
A83RPS198D04S,B00CRZXV16,5.0,1383696000
A2P739KOM4U5JB,B00CRZXV16,4.0,1387324800
A1UQBFCERIP7VJ,B00CRZXV16,4.0,1388275200
A35NOFKHK8P2LU,B00CRZXV16,5.0,1386892800
ALQ4USPEQ9L5N,B00CRZXV16,5.0,1388361600
A3JHC8O59WDHFZ,B00CRZXV16,3.0,1381190400
A11I1I9QLMAM1A,B00CRZXV16,5.0,1385424000
AD34TCPEP7P84,B00CRZXV16,5.0,1384992000
A3HPCRD9RX351S,B00CRZXV16,4.0,1387411200
A1II2ZRPKZAQQD,B00CRZXV2A,4.0,1376784000
A1HBC0NBQJHT7X,B00CRZXV2A,4.0,1376092800
A3S5WYWYKSAI9C,B00CRZXV2A,5.0,1375056000
A2CRIQOX1SYA3I,B00CRZXV2A,4.0,1374624000
A1FDVT0DLJWV78,B00CRZXV2A,4.0,1379462400
A1IBKN1GXYJ3K4,B00CRZXV2A,4.0,1377993600
A13KNCFLH0IH2G,B00CRZXV2A,5.0,1377216000
A2ME89MSWVG9NF,B00CRZXV2A,3.0,1374624000
A2BN9DIBP9A0XG,B00CRZXV2A,4.0,1377734400
A9XMQ24ZKXYSN,B00CRZXV2A,5.0,1376697600
A5JLAU2ARJ0BO,B00CRZXV2A,2.0,1375228800
A31HE83MU98GBV,B00CRZXV2A,5.0,1375747200
A397CWU6DM3O5G,B00CRZXV2A,4.0,1376352000
A2KIVODZRTGY4U,B00CRZXV2A,4.0,1379548800
A1DD9MSMEKYOVW,B00CRZXV2A,5.0,1372377600
A3BKNXX8QFIXIV,B00CRZXV2A,5.0,1374710400
A8KM4YOB8FGGH,B00CRZXV2A,5.0,1379289600
A1IH7O6EL7SNBD,B00CRZXV2A,5.0,1376352000
A34W7QA4J5UTOR,B00CRZXV2A,4.0,1375315200
A2HELIKP5RV27F,B00CRZXV2A,5.0,1379376000
A398R165PXFOSS,B00CRZXV2A,5.0,1380153600
A26BDXG9KVH7SU,B00CRZXV2A,4.0,1377993600
A1XVF5DU3N05OM,B00CRZXV2A,4.0,1376524800
A1PTBXZG04GT29,B00CRZXV2A,4.0,1379289600
A3LN4AOPBIUQWR,B00CRZXV2A,4.0,1375056000
A2JKM8KF3296CW,B00CRZXV2A,5.0,1374278400
A2TBAUW2W7J538,B00CRZXV2A,3.0,1377648000
A1D1IDI5S9TN9D,B00CRZXV2A,3.0,1377388800
A3R33KMESG0XGQ,B00CRZXV2A,5.0,1378944000
AAU0G40ZN5RIL,B00CRZXV2A,5.0,1375228800
A1E5WXNTI7EO2A,B00CRZXV2A,5.0,1378252800
A12E0Y0J6584RT,B00CRZXV2A,4.0,1376611200
ALQ4USPEQ9L5N,B00CRZXV2A,4.0,1379289600
AGFW667QNHDOY,B00CRZXV2A,3.0,1377216000
AD34TCPEP7P84,B00CRZXV2A,5.0,1378339200
A2Q8GFSEUSGJ51,B00CRZXV2A,4.0,1374969600
A8QYRG7TW491B,B00CRZXV2A,5.0,1378339200
A3MUSWDCTZINQZ,B00CRZXV2A,4.0,1377561600
A3JLOIXFM75QNV,B00CRZXV2A,5.0,1378857600
A32QWD5DEY4LDU,B00CRZXV2A,4.0,1375920000
A2H667ZUNLNTF1,B00CRZXV2A,5.0,1377302400
AVHN134ADVP4R,B00CS1WD9A,5.0,1379721600
A2V9DTXTQ5YIMK,B00CS1WD9A,4.0,1379808000
A16PUD6V3KAZ0Q,B00CS1WD9A,1.0,1380153600
ALQY22U9JTNCQ,B00CS1WD9A,5.0,1379462400
A2AYJJAFNSGSU1,B00CS1WD9A,4.0,1376784000
A2RVCF21L2NPU5,B00CS1WD9A,5.0,1378339200
A34GM17T6WTJDK,B00CS1WD9A,5.0,1378252800
A2974R9BTPZPOJ,B00CS1WD9A,5.0,1379030400
A2BN9DIBP9A0XG,B00CS1WD9A,4.0,1380153600
AY3D7DG5L5WCK,B00CS1WD9A,5.0,1378857600
A397CWU6DM3O5G,B00CS1WD9A,4.0,1379376000
A2503LT8PZIHAD,B00CS1WD9A,5.0,1376784000
A28J8ZFUBAC40Q,B00CS1WD9A,4.0,1378771200
A24RCBRDXRXR0Y,B00CS1WD9A,5.0,1379289600
A3PE884TA8529G,B00CS1WD9A,4.0,1380153600
A1P0JSFW184ZXJ,B00CS1WD9A,5.0,1377734400
A14X244VGHWPSX,B00CS1WD9A,4.0,1377216000
A1ZGHA3IJV01BK,B00CS1WD9A,4.0,1377475200
A3FMPT5IH0CJ50,B00CS1WD9A,3.0,1376870400
A38H4XCCPLRF93,B00CS1WD9A,5.0,1377820800
A3QEIVO8AB3YMU,B00CS1WD9A,4.0,1379462400
A3QD7VWBD470D2,B00CS1WD9A,5.0,1380067200
A1LG1DKUZXGJ6J,B00CS1WD9A,4.0,1379894400
A3Q9HY0LU7MN6E,B00CS1WD9A,4.0,1378857600
A2JKM8KF3296CW,B00CS1WD9A,4.0,1375574400
A1ZVFCPHCWFV71,B00CS1WD9A,4.0,1377129600
A3C1QYGEET3BVY,B00CS1WD9A,2.0,1377734400
A2B3A8NQIHITO8,B00CS1WD9A,4.0,1377734400
A1YAGM2QOSAAOT,B00CS1WD9A,5.0,1379980800
ARPB88E6F2MFR,B00CS1WD9A,5.0,1380067200
A1RDHBBZE1NPS3,B00CS1WD9A,5.0,1378944000
A2ULQOGN59LDNK,B00CS1WD9A,5.0,1377475200
A2KWE2ZM1EEBGJ,B00CS1WD9A,2.0,1388016000
A1E5WXNTI7EO2A,B00CS1WD9A,5.0,1379894400
A12E0Y0J6584RT,B00CS1WD9A,5.0,1377993600
A2MG95DI29NJTJ,B00CS1WD9A,3.0,1378339200
ALQ4USPEQ9L5N,B00CS1WD9A,4.0,1379894400
A58F10T4OE58C,B00CS1WD9A,4.0,1381968000
A33VI944SO2YCN,B00CS1WD9A,5.0,1379548800
A30QAOLNZ4415R,B00CS1WD9A,5.0,1380153600
A25QJBK33C4O0R,B00CS1WD9A,3.0,1377129600
A2H667ZUNLNTF1,B00CS1WD9A,5.0,1379894400
A2D4FQHV506EPB,B00CTJOCKY,5.0,1385424000
A2RIAXGSBP65BJ,B00CTJOCKY,2.0,1377907200
A3NHUQ33CFH3VM,B00CTJOCKY,4.0,1382745600
ALNFHVS3SC4FV,B00CTJOCKY,5.0,1385424000
A10ZBR6O8S8OCY,B00CTJOCKY,4.0,1385251200
A2LW5AL0KQ9P1M,B00CTJOCKY,4.0,1383264000
AG8E2F0G98ZTB,B00CTJOCKY,3.0,1383955200
A5JLAU2ARJ0BO,B00CTJOCKY,4.0,1379289600
A2503LT8PZIHAD,B00CTJOCKY,3.0,1385596800
A1GWDRBUMQOCRK,B00CTJOCKY,3.0,1381968000
ALYZJ7W14YS26,B00CTJOCKY,5.0,1382832000
AYB4ELCS5AM8P,B00CTJOCKY,5.0,1382572800
ABQWMANK4AR63,B00CTJOCKY,4.0,1380412800
A2UEB48LAWFUCW,B00CTJOCKY,5.0,1385510400
A2QETZZ5EKH5RQ,B00CTJOCKY,3.0,1377648000
A1EVV74UQYVKRY,B00CTJOCKY,2.0,1377648000
AOEUN9718KVRD,B00CTJOCKY,4.0,1385251200
A2QDOJFFLFGF18,B00CTJOCKY,5.0,1387238400
A376OJHLE6SU9Q,B00CTJOCKY,5.0,1382832000
A1QBOC76MIOJYP,B00CTJOCKY,4.0,1387324800
A3LN4AOPBIUQWR,B00CTJOCKY,4.0,1383955200
A22CW0ZHY3NJH8,B00CTJOCKY,4.0,1383436800
A1VTBADV3JS1EC,B00CTJOCKY,5.0,1383782400
A1ZZR25X0CNOJX,B00CTJOCKY,4.0,1377734400
A16YU3GRGCD95S,B00CTJOCKY,4.0,1384732800
A1NN8Q1DLAYPGH,B00CTJOCKY,3.0,1377734400
A2YEOR4XJ8N3QE,B00CTJOCKY,4.0,1380412800
A2H667ZUNLNTF1,B00CTJOCKY,5.0,1384905600
A1QG13XG3EO2CX,B00CTJOGOG,5.0,1377388800
A2877AOHJFZI0E,B00CTJOGOG,5.0,1379980800
A13KNCFLH0IH2G,B00CTJOGOG,5.0,1379376000
A3GS7OZXUEW48R,B00CTJOGOG,4.0,1379894400
A1O2QIQK2OR5TC,B00CTJOGOG,5.0,1377043200
A1DY0CRKZEY0FB,B00CTJOGOG,4.0,1380153600
A1Y5ERIKQBEMSP,B00CTJOGOG,5.0,1377648000
A1FWFCJU2G7TRA,B00CTJOGOG,4.0,1377820800
A4BNJSZVARL5W,B00CTJOGOG,5.0,1379721600
AMYTL79JMGQ6D,B00CTJOGOG,4.0,1377648000
A3QEIVO8AB3YMU,B00CTJOGOG,5.0,1379030400
A14RYRR7ETV3UY,B00CTJOGOG,5.0,1381449600
A1VABWDOUQLULZ,B00CTJOGOG,4.0,1379548800
AGFW667QNHDOY,B00CTJOGOG,5.0,1379289600
A1GNYV0RA0EQSS,B00CTJOGOG,5.0,1378080000
A8QYRG7TW491B,B00CTJOGOG,4.0,1379894400
A81XIM8XFKWX5,B00CTJOGOG,5.0,1379376000
A3LMPD1ZQTWOC4,B00CTJOL32,4.0,1377475200
ALUV2YKWZENKK,B00CTJOL32,3.0,1378166400
A2RVCF21L2NPU5,B00CTJOL32,5.0,1378080000
A3OXHLG6DIBRW8,B00CTJOL32,3.0,1380412800
A7OTTM22AV2VR,B00CTJOL32,3.0,1381968000
ARADXCOUVBS09,B00CTJOL32,3.0,1378339200
A235NA61RC6YC1,B00CTJOL32,3.0,1379376000
A3GMRYV7VAYK5Q,B00CTJOL32,3.0,1377129600
A1WBEIH7Z37LN9,B00CTJOL32,2.0,1381536000
AUV3OR951650C,B00CTJOL32,5.0,1379289600
A2J8DE8R94ZB02,B00CTJOL32,2.0,1381881600
A2GOHBNQ58WOKC,B00CTJOL32,4.0,1380412800
A2D4FQHV506EPB,B00CTUEPV4,5.0,1380412800
A1F7YU6O5RU432,B00CTUEPV4,5.0,1379548800
A3F2VVIQIY6U64,B00CTUEPV4,2.0,1380412800
A1T8N18XKDLJO4,B00CTUEPV4,3.0,1379721600
A1Z54EM24Y40LL,B00CTUEPV4,3.0,1378857600
A5JLAU2ARJ0BO,B00CTUEPV4,2.0,1379289600
AY1I85LLDMETC,B00CTUEPV4,4.0,1379980800
A2VJJ2POCLMED7,B00CTUEPV4,4.0,1379721600
AM8J1UVGVYAL4,B00CTUEPV4,4.0,1380067200
A3212H6SF9W1LV,B00CTUEPV4,4.0,1379808000
A156P4FPL8OGXB,B00CTUEPV4,4.0,1378857600
A1WP940JZL83T7,B00CTUEQ68,5.0,1377475200
A1NOBRCN20NGD5,B00CTUEQ68,4.0,1380153600
A13KNCFLH0IH2G,B00CTUEQ68,5.0,1377302400
A375NF45A1MDWI,B00CTUEQ68,4.0,1377907200
A4EBYIKOMYFF9,B00CTUEQ68,5.0,1379376000
A2AF0NOCM71J0B,B00CTUEQ68,5.0,1379462400
A2LO1YE4Q0N4F,B00CTUEQ68,4.0,1380067200
A381MT950I6KRL,B00CTUEQ68,4.0,1379548800
A31AVXMESQRQAC,B00CTUEQ68,4.0,1379116800
A17NX7T7DW6KL2,B00CTUEQ68,5.0,1380153600
A224I5WR8UQDDC,B00CTUEQ68,2.0,1380153600
A1PTBXZG04GT29,B00CTUEQ68,4.0,1374105600
A1II2ZRPKZAQQD,B00CTUFWA2,4.0,1382400000
A2GRDQJ4Z7053K,B00CTUFWA2,4.0,1381795200
A3I1BJIFFM4S21,B00CTUFWA2,5.0,1382659200
A1BHSP8TPTH8Y5,B00CTUFWA2,4.0,1384646400
A167KPMW1NBZJW,B00CTUFWA2,5.0,1381276800
ARARUVZ8RUF5T,B00CTUFWA2,4.0,1380153600
A3H0ZQ74ITU83J,B00CTUFWA2,4.0,1382659200
A3VS2RYRGDW4HS,B00CTUFWA2,5.0,1384300800
A18LURVBV82KW2,B00CTUFWA2,5.0,1381881600
A39D7ONPOORMUT,B00CTUFWA2,5.0,1382227200
A28IIVKXOE1ATF,B00CU65FOI,4.0,1378425600
A2IMZNPSJGB2HQ,B00CU65FOI,4.0,1381968000
ARADXCOUVBS09,B00CU65FOI,4.0,1378339200
A1O2QIQK2OR5TC,B00CU65FOI,5.0,1377734400
A2QETZZ5EKH5RQ,B00CU65FOI,5.0,1379808000
AI2XINIZFPBI8,B00CU65FOI,5.0,1379203200
A19JGPUJAX048H,B00CU65FOI,5.0,1381968000
A224I5WR8UQDDC,B00CU65FOI,4.0,1380153600
A398R165PXFOSS,B00CU65FOI,4.0,1381968000
A3LN4AOPBIUQWR,B00CU65FOI,5.0,1377648000
AUS5X6IMFLJBD,B00CU65FOI,4.0,1381622400
A384HAQMS7XRZ4,B00CU65FOI,5.0,1379376000
A1KXJCXS6HFRQZ,B00CU65FOI,5.0,1381968000
A2RVCF21L2NPU5,B00CUDE2EK,5.0,1383350400
AK8LOFYRZJJW0,B00CUDE2EK,5.0,1385942400
A2A33KJUP7T2FK,B00CUDE2EK,5.0,1387324800
AKMEY1BSHSDG7,B00CUDE2EK,5.0,1385769600
A1FWFCJU2G7TRA,B00CUDE2EK,5.0,1383350400
A2VYA302TO2K1C,B00CUDE2EK,4.0,1383091200
A2WVF9ZQ068DN0,B00CUDE2EK,5.0,1383091200
A3GMVCTJTHYG1F,B00CUDE2EK,5.0,1383264000
A2YB7DLC3FOR7W,B00CUDE2EK,5.0,1383264000
A2IJ54FX1L83WK,B00CUDE2EK,5.0,1380067200
AAU0G40ZN5RIL,B00CUDE2EK,5.0,1383696000
A12E0Y0J6584RT,B00CUDE2EK,5.0,1384041600
A18LURVBV82KW2,B00CUDE2EK,5.0,1387324800
A2JE8OS1NN9YDB,B00CUDE2EK,5.0,1383955200
ANRD6B90QL0FF,B00CUDE2EK,5.0,1384128000
A3V55DVYU80LDS,B00CUDE2EK,5.0,1383609600
ADY836HK6QSYR,B00CUDE2G8,4.0,1385769600
A318IDAWJ9ZYAY,B00CUDE2G8,5.0,1400457600
A2CRIQOX1SYA3I,B00CUDE2G8,4.0,1386374400
AG8E2F0G98ZTB,B00CUDE2G8,5.0,1383696000
AKMEY1BSHSDG7,B00CUDE2G8,5.0,1385942400
AOI2MD752ZWFU,B00CUDE2G8,4.0,1384041600
A1FWFCJU2G7TRA,B00CUDE2G8,5.0,1383696000
A2WVF9ZQ068DN0,B00CUDE2G8,5.0,1383350400
A1FJFLAAQD5WH2,B00CUDE2G8,5.0,1384473600
A2YB7DLC3FOR7W,B00CUDE2G8,4.0,1383264000
A2IJ54FX1L83WK,B00CUDE2G8,5.0,1380758400
A12E0Y0J6584RT,B00CUDE2G8,5.0,1384041600
A18LURVBV82KW2,B00CUDE2G8,5.0,1382572800
A2JE8OS1NN9YDB,B00CUDE2G8,5.0,1383955200
A318IDAWJ9ZYAY,B00CUDE2LS,5.0,1400457600
AK8LOFYRZJJW0,B00CUDE2LS,4.0,1383436800
A3F43PAJZLOE3I,B00CUDE2LS,4.0,1385769600
AKMEY1BSHSDG7,B00CUDE2LS,4.0,1385683200
A3M6KV5PDU46YI,B00CUDE2LS,5.0,1383091200
A2WVF9ZQ068DN0,B00CUDE2LS,5.0,1383091200
A17NX7T7DW6KL2,B00CUDE2LS,4.0,1388361600
A1NIGUK4M2ST8,B00CUDE2LS,5.0,1384819200
A2YB7DLC3FOR7W,B00CUDE2LS,5.0,1383264000
A2IJ54FX1L83WK,B00CUDE2LS,5.0,1383350400
AAU0G40ZN5RIL,B00CUDE2LS,5.0,1383696000
A12E0Y0J6584RT,B00CUDE2LS,5.0,1384041600
A2JE8OS1NN9YDB,B00CUDE2LS,5.0,1383955200
A3V55DVYU80LDS,B00CUDE2LS,5.0,1383609600
A3QD59N3M7O7KB,B00CUDE2LS,4.0,1383091200
A1II2ZRPKZAQQD,B00CV5PN18,4.0,1388016000
A3CA3RWZYJDWXE,B00CV5PN18,4.0,1386547200
A3OXHLG6DIBRW8,B00CV5PN18,5.0,1390694400
A2Y5T1O43P14RP,B00CV5PN18,4.0,1389830400
A3TJSWA0W9ITYE,B00CV5PN18,5.0,1389571200
A26OPNLJ0JYHPH,B00CV5PN18,4.0,1386115200
A1O2QIQK2OR5TC,B00CV5PN18,5.0,1388448000
A6D07P6DHMXIP,B00CV5PN18,5.0,1386720000
ASHO96ZB8AL1Z,B00CV5PN18,5.0,1388361600
A2HELIKP5RV27F,B00CV5PN18,4.0,1388188800
A32658HY8IU6UV,B00CV5PN18,3.0,1389571200
A186697K4XKXQL,B00CV5PN18,3.0,1388707200
A17SZZO9LM3WYC,B00CV5PN18,4.0,1386115200
ADFLBRY00Y70G,B00CV5PN18,4.0,1387152000
A2YV6F6DLENNTM,B00CV5PN18,4.0,1386288000
A231LBC8EGPO5L,B00CV5PN18,5.0,1386720000
AC04O7AYHEKJ5,B00CV5PN18,5.0,1386720000
A1JOANG98KBFKU,B00CV5PN18,4.0,1386115200
AD34TCPEP7P84,B00CV5PN18,5.0,1388448000
A1M7Y63Y5GYJI1,B00CV5PN18,5.0,1389830400
A1II2ZRPKZAQQD,B00CV5PN1I,3.0,1385424000
A1486KL0IOM7VM,B00CV5PN1I,3.0,1385164800
A3LWC833HQIG7J,B00CV5PN1I,2.0,1383177600
A3CA3RWZYJDWXE,B00CV5PN1I,5.0,1384992000
A2U83VDVJMAB2U,B00CV5PN1I,1.0,1380153600
A11SPSEM08VIXX,B00CV5PN1I,2.0,1383868800
A2RVCF21L2NPU5,B00CV5PN1I,5.0,1383350400
A18YMFFJW974QS,B00CV5PN1I,3.0,1384300800
A167KPMW1NBZJW,B00CV5PN1I,4.0,1384560000
ADFLBRY00Y70G,B00CV5PN1I,5.0,1384992000
AGEKVD8JPZQMT,B00CV5PN1I,2.0,1383004800
ALGI34BYWIXZG,B00CV5PN1I,3.0,1388448000
A24ZMNWTW8AQUR,B00CV5PN1I,4.0,1384300800
A30QAOLNZ4415R,B00CV5PN1I,2.0,1384646400
A3FQZH8PJB535A,B00CV5PN1I,2.0,1384819200
A16PUD6V3KAZ0Q,B00CW5M6EE,3.0,1384905600
A25HYPL2XKQPZB,B00CW5M6EE,5.0,1381881600
A2RVCF21L2NPU5,B00CW5M6EE,5.0,1377302400
APPJNVNF4BFLB,B00CW5M6EE,4.0,1380499200
A353U0L2HAMSHV,B00CW5M6EE,3.0,1387238400
AKHFY3VCNZL2W,B00CW5M6EE,5.0,1381708800
A2LW5AL0KQ9P1M,B00CW5M6EE,4.0,1382659200
A4EBYIKOMYFF9,B00CW5M6EE,5.0,1385078400
A2503LT8PZIHAD,B00CW5M6EE,3.0,1385596800
A1SD1C8XK3Z3V1,B00CW5M6EE,5.0,1384819200
AYB4ELCS5AM8P,B00CW5M6EE,5.0,1383091200
A35NOFKHK8P2LU,B00CW5M6EE,4.0,1383264000
A1ITRGMT80D5TK,B00CW5M6EE,4.0,1383782400
A2V92F5R7MLCVI,B00CW5M6EE,4.0,1383696000
A2ZPZM9RE08JXF,B00CXLQI3W,4.0,1403654400
ALUV2YKWZENKK,B00CXLQI3W,4.0,1398556800
AMB5L7WUBUVDM,B00CXLQI3W,4.0,1395878400
AEL6CQNQXONBX,B00CXLQI3W,4.0,1381536000
A2BN9DIBP9A0XG,B00CXLQI3W,4.0,1400112000
A2IMZNPSJGB2HQ,B00CXLQI3W,4.0,1400112000
ALRCAGJOJ9583,B00CXLQI3W,3.0,1397606400
A3GMRYV7VAYK5Q,B00CXLQI3W,5.0,1395878400
A3PJZ8TU8FDQ1K,B00CXLQI3W,1.0,1399248000
A3QCC7PV6EG4YC,B00CXLQI3W,4.0,1395878400
A25TNBMJ4ZO7RD,B00CXLQI3W,1.0,1395619200
A3415H58HNGQFV,B00CXLQI3W,5.0,1397865600
A1VTBADV3JS1EC,B00CXLQI3W,3.0,1398297600
ARPB88E6F2MFR,B00CXLQI3W,5.0,1397692800
A19JDXB5R33C7R,B00CXLQI3W,4.0,1397520000
AFEYHFH2GH0QZ,B00CXVNXEO,4.0,1383782400
A2TXMYYGSZCSZ1,B00CXVNXEO,4.0,1384646400
A16Z2OECAUX8Z4,B00CXVNXEO,5.0,1387324800
A3BZUQXA2QHDI2,B00CXVNXEO,4.0,1383091200
A4GI4654JA8NK,B00CXVNXEO,5.0,1383004800
A2IG937LQKWO7C,B00CXVNXEO,4.0,1383264000
A19FRW264WZTGP,B00CXVNXEO,5.0,1383091200
A18YMFFJW974QS,B00CXVNXEO,5.0,1384560000
AMS2CPERWN7JV,B00CXVNXEO,5.0,1386547200
A194K60CWZ371J,B00CXVNXEO,5.0,1383696000
A1GBT4UN2RW7XY,B00CXVNXEO,3.0,1383091200
AG8E2F0G98ZTB,B00CXVNXEO,5.0,1384300800
A31HE83MU98GBV,B00CXVNXEO,5.0,1385337600
A3CLWZGMC7M9Z1,B00CXVNXEO,4.0,1387929600
A1M5ZT35YX6TIN,B00CXVNXEO,5.0,1383004800
AYNNJ0DBGL5H7,B00CXVNXEO,5.0,1384992000
A2ZJPDH0YP90SD,B00CXVNXEO,5.0,1382486400
A3PE884TA8529G,B00CXVNXEO,5.0,1385510400
A8KM4YOB8FGGH,B00CXVNXEO,5.0,1387411200
A3V6QSTG2T9MIO,B00CXVNXEO,5.0,1387411200
A1R2JUOGIYH6HO,B00CXVNXEO,5.0,1386547200
AOAOARIH72UWI,B00CXVNXEO,4.0,1385337600
A1FJFLAAQD5WH2,B00CXVNXEO,5.0,1383264000
A3LLP0VSTSABK2,B00CXVNXEO,5.0,1382745600
ALLHJD3KZF9KC,B00CXVNXEO,5.0,1387411200
A1R6DKN9YQ2YU1,B00CXVNXEO,5.0,1388448000
A3GMVCTJTHYG1F,B00CXVNXEO,5.0,1383004800
A1XVF5DU3N05OM,B00CXVNXEO,4.0,1384214400
A2QDOJFFLFGF18,B00CXVNXEO,5.0,1387238400
A2JKM8KF3296CW,B00CXVNXEO,5.0,1383004800
AC04O7AYHEKJ5,B00CXVNXEO,5.0,1385424000
AQZ4PHIEEV5N5,B00CXVNXEO,4.0,1385510400
AQ1F3NP2G15S5,B00CXVNXEO,5.0,1384992000
A3CHIF3EHXCLA5,B00CXVNXEO,4.0,1388361600
A2KWE2ZM1EEBGJ,B00CXVNXEO,4.0,1384905600
A2XFM8PN6G0B02,B00CXVNXEO,5.0,1385337600
A2WFZWRYWLC20S,B00CXVNXEO,4.0,1385596800
A2Q8GFSEUSGJ51,B00CXVNXEO,4.0,1382486400
A2VWE5SGNDS8HW,B00CXVNXEO,5.0,1383523200
A26R7LLAFTPC3U,B00CXVNXEO,4.0,1385510400
A2V9DTXTQ5YIMK,B00D38UBJ6,5.0,1383264000
A1W415JP5WEAJK,B00D38UBJ6,5.0,1382659200
A1II2ZRPKZAQQD,B00D38UBJ6,4.0,1385510400
A2AYYKD4OODSLY,B00D38UBJ6,4.0,1382745600
A2AYJJAFNSGSU1,B00D38UBJ6,4.0,1383696000
A18YMFFJW974QS,B00D38UBJ6,5.0,1387324800
A279A4Y2N1CQ26,B00D38UBJ6,4.0,1385337600
A3G2PUQ455XMXJ,B00D38UBJ6,5.0,1382572800
A2OJCTT5WLB2HR,B00D38UBJ6,5.0,1384473600
A2974R9BTPZPOJ,B00D38UBJ6,4.0,1387411200
A2ME89MSWVG9NF,B00D38UBJ6,4.0,1383091200
A2BMZRO0H7TFCS,B00D38UBJ6,4.0,1385596800
A4EBYIKOMYFF9,B00D38UBJ6,5.0,1384041600
AG8E2F0G98ZTB,B00D38UBJ6,5.0,1381622400
AVFJ327UXPXLF,B00D38UBJ6,5.0,1384300800
A3BKNXX8QFIXIV,B00D38UBJ6,4.0,1383782400
A14X244VGHWPSX,B00D38UBJ6,4.0,1384473600
A3AG5QAT8L0I3R,B00D38UBJ6,5.0,1385078400
A19WEEGB05YAZ3,B00D38UBJ6,5.0,1380326400
A1ZGHA3IJV01BK,B00D38UBJ6,5.0,1381017600
AJQDIT55SZ3ZX,B00D38UBJ6,5.0,1384041600
A1QT3N5FUQ4I47,B00D38UBJ6,4.0,1387152000
A3K4AJLVHAH4OZ,B00D38UBJ6,5.0,1381017600
A32658HY8IU6UV,B00D38UBJ6,5.0,1384300800
A4BNJSZVARL5W,B00D38UBJ6,5.0,1382313600
AGEKVD8JPZQMT,B00D38UBJ6,4.0,1383523200
A3K8AU6BAGN60E,B00D38UBJ6,4.0,1386201600
A2NBCCFDISGUQT,B00D38UBJ6,4.0,1387411200
A3Q9HY0LU7MN6E,B00D38UBJ6,5.0,1381795200
A3LN4AOPBIUQWR,B00D38UBJ6,5.0,1382486400
A1YAGM2QOSAAOT,B00D38UBJ6,3.0,1385856000
A1JOANG98KBFKU,B00D38UBJ6,3.0,1384819200
ARPB88E6F2MFR,B00D38UBJ6,5.0,1384905600
A1D1IDI5S9TN9D,B00D38UBJ6,5.0,1384473600
A1E5WXNTI7EO2A,B00D38UBJ6,5.0,1387411200
A24ZMNWTW8AQUR,B00D38UBJ6,4.0,1384819200
A12E0Y0J6584RT,B00D38UBJ6,5.0,1384041600
A2MG95DI29NJTJ,B00D38UBJ6,4.0,1384992000
A2BZ16RKE13PKV,B00D38UBJ6,5.0,1388188800
A2OG83SEU9HL6D,B00D38UBJ6,5.0,1380240000
ALQ4USPEQ9L5N,B00D38UBJ6,5.0,1384905600
A33VI944SO2YCN,B00D38UBJ6,4.0,1385164800
A30QAOLNZ4415R,B00D38UBJ6,4.0,1384646400
A2I4A4WGWII18Z,B00D38UBJ6,5.0,1383955200
A2J8DE8R94ZB02,B00D38UBJ6,5.0,1384214400
A2H667ZUNLNTF1,B00D38UBJ6,5.0,1384905600
A2D4FQHV506EPB,B00D4NJSA8,4.0,1383609600
AA98O5326L88T,B00D4NJSA8,4.0,1381276800
A2I05FGBTCRRB8,B00D4NJSA8,4.0,1379894400
A318IDAWJ9ZYAY,B00D4NJSA8,5.0,1384387200
A1ZGXZW37JEZWH,B00D4NJSA8,3.0,1378339200
AUEW0SKOB1XYF,B00D4NJSA8,4.0,1379980800
A34IBXM7E8CPWE,B00D4NJSA8,3.0,1378339200
A1WKQ94M45D8MG,B00D4NJSA8,4.0,1380585600
A1GBT4UN2RW7XY,B00D4NJSA8,4.0,1380153600
A1RR36YKJB917S,B00D4NJSA8,5.0,1379548800
A3KCKECEO3E2AN,B00D4NJSA8,5.0,1377820800
A26SO3TOT2TLJE,B00D4NJSA8,4.0,1379548800
A3A90CELVLOUP6,B00D4NJSA8,4.0,1381968000
A1Q7A78VSQ5GQ4,B00D4NJSA8,5.0,1383177600
AUS5X6IMFLJBD,B00D4NJSA8,3.0,1383868800
A19GJX6TTSK0C0,B00D4NJSA8,4.0,1381708800
A3IKLTT9JQACCI,B00D9LWJTC,4.0,1381363200
A2RX62V4E2BF5Z,B00D9LWJTC,3.0,1382832000
A2RVCF21L2NPU5,B00D9LWJTC,4.0,1374019200
A2LW5AL0KQ9P1M,B00D9LWJTC,4.0,1384128000
A15D2X8MICR2VQ,B00D9LWJTC,3.0,1383264000
AO2AQRPPSTABB,B00D9LWJTC,3.0,1382054400
A24U6WGBZ4P74W,B00D9LWJTC,4.0,1377475200
AGFGY4EJ37VS2,B00D9LWJTC,3.0,1381449600
A1RR36YKJB917S,B00D9LWJTC,5.0,1379462400
A3QCC7PV6EG4YC,B00D9LWJTC,3.0,1381968000
A27H9DOUGY9FOS,B00D9LWJTC,2.0,1383177600
AX7QMRXX81L9K,B00D9LWJTC,3.0,1379203200
A29534U2P9CLNR,B00D9LWJTC,3.0,1377648000
A5BJMAHZWGJ7N,B00D9LWJTC,2.0,1380672000
A1PTBXZG04GT29,B00D9LWJTC,5.0,1372809600
A231LBC8EGPO5L,B00D9LWJTC,3.0,1383004800
A2ZKQC0XCIIAEM,B00D9LWJTC,4.0,1382745600
A1D1IDI5S9TN9D,B00D9LWJTC,5.0,1381622400
A3JHC8O59WDHFZ,B00D9LWJTC,3.0,1383177600
A19GJX6TTSK0C0,B00D9LWJTC,5.0,1378857600
A208U42GARHSOR,B00D9LWJTC,4.0,1381017600
A2I4A4WGWII18Z,B00D9LWJTC,4.0,1382400000
A1ITRGMT80D5TK,B00D9LWJTC,4.0,1382486400
A384HAQMS7XRZ4,B00D9LWJTC,4.0,1377302400
A2V92F5R7MLCVI,B00D9LWJTC,3.0,1384560000
A25HYPL2XKQPZB,B00DECZ5AQ,5.0,1386547200
AM2IR1V5EU55U,B00DECZ5AQ,5.0,1384214400
A1ZTE3K3EN4TS3,B00DECZ5AQ,5.0,1382400000
APPJNVNF4BFLB,B00DECZ5AQ,4.0,1385596800
A16EIVIBBXFAQ0,B00DECZ5AQ,3.0,1384300800
A3U5CZ3PV82JXD,B00DECZ5AQ,3.0,1384905600
A2WB4OWBUH2VQX,B00DECZ5AQ,5.0,1385164800
A3MWP39R0W9TQX,B00DECZ5AQ,5.0,1384473600
A2ZJPDH0YP90SD,B00DECZ5AQ,3.0,1382745600
A5GPH59NDWJRB,B00DECZ5AQ,4.0,1386460800
AL4SB31UAZLXL,B00DECZ5AQ,4.0,1383436800
A37R3P5JFNQG8S,B00DECZ5AQ,4.0,1384732800
A3C9YGB4H90PDE,B00DECZ5AQ,4.0,1388448000
A3KCKECEO3E2AN,B00DECZ5AQ,5.0,1383696000
A17SZZO9LM3WYC,B00DECZ5AQ,5.0,1384214400
A5BJMAHZWGJ7N,B00DECZ5AQ,5.0,1381190400
A3QEIVO8AB3YMU,B00DECZ5AQ,3.0,1383004800
ATECU14VUIOJ0,B00DECZ5AQ,5.0,1382918400
A136LRUR0RDH9J,B00DECZ5AQ,4.0,1383696000
A1XVF5DU3N05OM,B00DECZ5AQ,5.0,1381968000
A6B92PTV0Z1SU,B00DECZ5AQ,5.0,1384992000
A1VTBADV3JS1EC,B00DECZ5AQ,5.0,1386201600
ARPB88E6F2MFR,B00DECZ5AQ,5.0,1380758400
A11OBEH2ZCVAHX,B00DECZ5AQ,4.0,1384992000
A17M1HL6U2GS7M,B00DECZ5AQ,4.0,1384128000
A384HAQMS7XRZ4,B00DECZ5AQ,4.0,1387324800
A3SBZAOPPY40IT,B00DECZ5AQ,5.0,1380758400
ADY836HK6QSYR,B00DECZ5D8,3.0,1385078400
AAH603Y3Y8QL7,B00DECZ5D8,5.0,1381708800
A1H88L8X6HM1BQ,B00DECZ5D8,3.0,1385164800
A34IBXM7E8CPWE,B00DECZ5D8,4.0,1383177600
A1GARI2JT6EAWA,B00DECZ5D8,5.0,1387411200
A15Q9YEG1XPEJN,B00DECZ5D8,4.0,1384214400
A2UBSGFCP2QFNV,B00DECZ5D8,3.0,1384905600
A1WKEAS58297E5,B00DECZ5D8,4.0,1384905600
A3C9YGB4H90PDE,B00DECZ5D8,3.0,1388448000
A2PM5Z249OVPEN,B00DECZ5D8,3.0,1385078400
A305XM71TF83CY,B00DECZ5D8,4.0,1387584000
AI2XINIZFPBI8,B00DECZ5D8,5.0,1385683200
AX7QMRXX81L9K,B00DECZ5D8,4.0,1383868800
A2561PYW9TTMYD,B00DECZ5D8,4.0,1388016000
A35Q0RBM3YNQNF,B00DECZ5D8,4.0,1384905600
AYO1146CBIV5C,B00DECZ5D8,5.0,1384473600
A3UYBRB74RJFXB,B00DECZ5D8,5.0,1383696000
A3A90CELVLOUP6,B00DECZ5D8,5.0,1387411200
A3TIJLY4VX8CH3,B00DECZ5D8,2.0,1387065600
AQ1F3NP2G15S5,B00DECZ5D8,4.0,1387411200
A15CL28ALB7MTZ,B00DECZ5D8,3.0,1386720000
ATMQEI1LKR6VB,B00DECZ5D8,4.0,1384041600
AXVKMYWNIHK7W,B00DECZ5D8,5.0,1383350400
A3MUSWDCTZINQZ,B00DECZ5D8,4.0,1382572800
A3SBZAOPPY40IT,B00DECZ5D8,5.0,1380758400
A26R7LLAFTPC3U,B00DECZ5D8,4.0,1387411200
A914TQVHI872U,B00DELN680,3.0,1393718400
A2JXCOUGYS5Y4J,B00DELN680,5.0,1397606400
A2K89R0B20LYHB,B00DELN680,4.0,1396656000
A18YMFFJW974QS,B00DELN680,4.0,1394150400
ABSFFH7ECSE49,B00DELN680,5.0,1395964800
A1WKQ94M45D8MG,B00DELN680,5.0,1396224000
A2OJCTT5WLB2HR,B00DELN680,4.0,1395619200
A2BN9DIBP9A0XG,B00DELN680,5.0,1396569600
A194K60CWZ371J,B00DELN680,5.0,1394496000
A28IIVKXOE1ATF,B00DELN680,5.0,1394496000
A397CWU6DM3O5G,B00DELN680,5.0,1395360000
A336FE20YZZL3A,B00DELN680,5.0,1397692800
A1BKJNAWJT2TG2,B00DELN680,4.0,1395187200
AKCZIJ6ZHE41D,B00DELN680,4.0,1394323200
AONUCJBC85BL,B00DELN680,4.0,1393372800
AI2XINIZFPBI8,B00DELN680,5.0,1394236800
AOEUN9718KVRD,B00DELN680,5.0,1395792000
A1NIGUK4M2ST8,B00DELN680,3.0,1394236800
A1GNYV0RA0EQSS,B00DELN680,4.0,1396396800
A1P27BGF8NAI29,B00DELN6F8,4.0,1395187200
A2IG937LQKWO7C,B00DELN6F8,5.0,1394582400
A1MZEMD0EDETS6,B00DELN6F8,4.0,1397606400
AYOMAHLWRQHUG,B00DELN6F8,3.0,1395705600
A2E4R7YISIM4QM,B00DELN6F8,4.0,1397088000
AY3D7DG5L5WCK,B00DELN6F8,5.0,1394755200
A3VBXQKRM7A4JR,B00DELN6F8,2.0,1394409600
A2VH0UT5EQFB6P,B00DELN6F8,5.0,1394150400
A3K93OWHKHGI9V,B00DELN6F8,3.0,1395100800
A3QD59N3M7O7KB,B00DELN6F8,3.0,1395014400
A319Y83RT0MRVR,B00DI2CNKC,5.0,1392854400
A2D7B5I7ZQ51XL,B00DI2CNKC,4.0,1392854400
AQB4DH57MSZSC,B00DI2CNKC,3.0,1392854400
A2CNGARED6OWWU,B00DI2CNKC,4.0,1389830400
A19FRW264WZTGP,B00DI2CNKC,4.0,1388880000
A3OXHLG6DIBRW8,B00DI2CNKC,4.0,1391299200
A18YMFFJW974QS,B00DI2CNKC,2.0,1389571200
ACJT8MUC0LRF0,B00DI2CNKC,3.0,1388707200
A36MP37DITBU6F,B00DI2CNKC,5.0,1389744000
A1ZU55TM45Y2R8,B00DI2CNKC,4.0,1388448000
A2H1W8V6R9TJ9E,B00DI2CNKC,4.0,1389830400
A34CSXOGVYF94S,B00DI2CNKC,3.0,1388448000
A2CZ98V784SRJ0,B00DI2CNKC,5.0,1392768000
A2QDOJFFLFGF18,B00DI2CNKC,4.0,1392854400
A2JKM8KF3296CW,B00DI2CNKC,4.0,1390176000
AUV3OR951650C,B00DI2CNKC,3.0,1392768000
A2YV6F6DLENNTM,B00DI2CNKC,4.0,1388707200
A1E5WXNTI7EO2A,B00DI2CNKC,5.0,1390608000
A2WW57XX2UVLM6,B00DI2CNKC,4.0,1390953600
A3MUSWDCTZINQZ,B00DI2CNKC,5.0,1391040000
A1Q1T811N4IY3Z,B00DI2CNKC,4.0,1391212800
A2V92F5R7MLCVI,B00DI2CNKC,4.0,1389052800
A3FKPBNI7UWQFW,B00DI2CNKC,4.0,1387152000
A3DIS5O83SQJWW,B00DLUE890,4.0,1385683200
A2I05FGBTCRRB8,B00DLUE890,4.0,1386979200
AA460WUKL3BC6,B00DLUE890,4.0,1388361600
A3VBXQKRM7A4JR,B00DLUE890,4.0,1386201600
ALRCAGJOJ9583,B00DLUE890,4.0,1387411200
ATS2855497V0I,B00DLUE890,4.0,1387929600
A34CSXOGVYF94S,B00DLUE890,3.0,1385510400
A1O2QIQK2OR5TC,B00DLUE890,5.0,1387411200
AYB4ELCS5AM8P,B00DLUE890,4.0,1386115200
A1UUI7PFQ5FU4E,B00DLUE890,3.0,1386547200
AHRNDSKWH1YBT,B00DLUE890,4.0,1388361600
A3BVDW4DOLJAN0,B00DLUE890,5.0,1385596800
A16YU3GRGCD95S,B00DLUE890,5.0,1385942400
A3R01WHD75L6FG,B00DLUE890,4.0,1385164800
A81XIM8XFKWX5,B00DLUE890,4.0,1386720000
AGHIUO1B3IF8H,B00DLUE8DQ,5.0,1384992000
AP6L54VTCJKCQ,B00DLUE8DQ,5.0,1388275200
A3F2VVIQIY6U64,B00DLUE8DQ,4.0,1388016000
AW5JSQCHC2ZJO,B00DLUE8DQ,3.0,1386374400
A1HYH206E18XVC,B00DLUE8DQ,4.0,1387584000
A3GS7OZXUEW48R,B00DLUE8DQ,4.0,1388448000
A2T7GZ74MZI0MN,B00DLUE8DQ,4.0,1388448000
AYB4ELCS5AM8P,B00DLUE8DQ,5.0,1386115200
A28OB1QLXN5BM6,B00DLUE8DQ,5.0,1382745600
A23WE733QT4WGJ,B00DLUE8DQ,2.0,1381881600
ALDV8DDZWWPYE,B00DLUE8DQ,4.0,1388361600
A3EZHMGGWY74HY,B00DLUE8DQ,5.0,1388534400
A25TNBMJ4ZO7RD,B00DLUE8DQ,5.0,1388361600
A3TMBYDFP1B9DM,B00DLUE8DQ,5.0,1385942400
A3TPNC3TKGCCEI,B00DLUE8DQ,5.0,1382572800
A23KACXOE9O9TX,B00DLUE8DQ,4.0,1386806400
A3BVDW4DOLJAN0,B00DLUE8DQ,5.0,1385596800
AXVKMYWNIHK7W,B00DLUE8DQ,5.0,1386288000
A2YQ2ZI65F37N8,B00DLUE8DQ,4.0,1386547200
A1P27BGF8NAI29,B00DQRV698,5.0,1379894400
A1I7QGUDP043DG,B00DQRV698,5.0,1380153600
AMRZ5G7HF7I03,B00DQRV698,5.0,1382486400
A1RTSVWEXMKAR1,B00DQRV698,5.0,1384992000
A83RPS198D04S,B00DQRV698,3.0,1381881600
AOGN1F0Q3HW86,B00DQRV698,4.0,1380585600
A8KM4YOB8FGGH,B00DQRV698,5.0,1383609600
A2NMQWBDWT3SQF,B00DQRV698,5.0,1384905600
A36EW68H08UOCS,B00DQRV698,5.0,1380326400
AXR3CV6A4FMBG,B00DQRV698,4.0,1382227200
A1MBFUV5DZNEZQ,B00DQRV698,5.0,1380585600
A2RVCF21L2NPU5,B00DR2VOJO,5.0,1379116800
A1H88L8X6HM1BQ,B00DR2VOJO,4.0,1378598400
A3VBXQKRM7A4JR,B00DR2VOJO,3.0,1377302400
A2MOD50IHEDH3G,B00DR2VOJO,5.0,1376956800
A26OPNLJ0JYHPH,B00DR2VOJO,3.0,1377561600
A3PJZ8TU8FDQ1K,B00DR2VOJO,4.0,1377129600
A3BAE79NXFDXGV,B00DR2VOJO,5.0,1380326400
A23WE733QT4WGJ,B00DR2VOJO,3.0,1378857600
A1PTBXZG04GT29,B00DR2VOJO,4.0,1377993600
AC04O7AYHEKJ5,B00DR2VOJO,4.0,1380326400
A6B92PTV0Z1SU,B00DR2VOJO,4.0,1377648000
A1VTBADV3JS1EC,B00DR2VOJO,5.0,1380844800
A344N0X5LIV43M,B00DR2VOJO,3.0,1378425600
AGFW667QNHDOY,B00DR2VOJO,5.0,1377216000
A25RTRAPQAJBDJ,B00DR2VOJO,4.0,1379894400
A384HAQMS7XRZ4,B00DR2VOJO,4.0,1379376000
A3MUSWDCTZINQZ,B00DR2VOJO,4.0,1380499200
A2AYJJAFNSGSU1,B00DVSZUXK,4.0,1380585600
AK8LOFYRZJJW0,B00DVSZUXK,4.0,1383436800
A3B9C6MZAFC1JX,B00DVSZUXK,4.0,1381708800
A17771LTRWSKQ5,B00DVSZUXK,4.0,1380153600
A3F43PAJZLOE3I,B00DVSZUXK,5.0,1382572800
A3M6KV5PDU46YI,B00DVSZUXK,4.0,1380585600
A1R2JUOGIYH6HO,B00DVSZUXK,5.0,1383177600
A3KCKECEO3E2AN,B00DVSZUXK,4.0,1383696000
A30LAVLDNH4JR0,B00DVSZUXK,4.0,1384128000
A37D2TGTIXRV2N,B00DVSZUXK,3.0,1384819200
A2RN2AO4BE6F4K,B00DVSZUXK,5.0,1382572800
AD34TCPEP7P84,B00DVSZUXK,5.0,1384992000
A39H1GO9E3YQIB,B00E18S0J0,3.0,1377734400
A1DRKVXO300RUE,B00E18S0J0,2.0,1379289600
A2D7B5I7ZQ51XL,B00E18S0J0,3.0,1381276800
A2HC9549CZAKNN,B00E18S0J0,5.0,1377820800
A38RMU1Y5TDP9,B00E18S0J0,2.0,1378252800
A2AYJJAFNSGSU1,B00E18S0J0,4.0,1377820800
A1UHKF1UQ3EGW4,B00E18S0J0,5.0,1379203200
A18YMFFJW974QS,B00E18S0J0,3.0,1379116800
A16EIVIBBXFAQ0,B00E18S0J0,2.0,1381795200
AAJIGWE242MSN,B00E18S0J0,2.0,1379116800
A2CRIQOX1SYA3I,B00E18S0J0,4.0,1380067200
A2974R9BTPZPOJ,B00E18S0J0,3.0,1381104000
A336FE20YZZL3A,B00E18S0J0,1.0,1380585600
A33HIV8RXRDM88,B00E18S0J0,3.0,1381968000
AHQ13I9CI4US6,B00E18S0J0,3.0,1380585600
A2AOZQ3WTNVVOK,B00E18S0J0,3.0,1377820800
A226GFM0Q9L37H,B00E18S0J0,3.0,1379894400
AMYTL79JMGQ6D,B00E18S0J0,2.0,1377734400
A3QBCX2QMKJ7AH,B00E18S0J0,4.0,1380499200
A3UYBRB74RJFXB,B00E18S0J0,4.0,1381968000
A1GQRGB8FGSLIZ,B00E18S0J0,4.0,1379376000
A2QDOJFFLFGF18,B00E18S0J0,3.0,1381968000
A2C264HY1HHZVX,B00E18S0J0,3.0,1381968000
A307YFSORUAXSQ,B00E18S0J0,3.0,1377561600
AC04O7AYHEKJ5,B00E18S0J0,4.0,1380326400
A1JOANG98KBFKU,B00E18S0J0,3.0,1379462400
A1D1IDI5S9TN9D,B00E18S0J0,1.0,1381622400
AAU0G40ZN5RIL,B00E18S0J0,4.0,1380585600
A2MG95DI29NJTJ,B00E18S0J0,3.0,1381968000
ADYZOSTF9LZLD,B00E18S0J0,4.0,1378339200
ALQ4USPEQ9L5N,B00E18S0J0,3.0,1381881600
ASY25YMTIC2A9,B00E18S0J0,2.0,1380672000
A1M0OSCFOAMAZO,B00E18S0J0,2.0,1378252800
A81XIM8XFKWX5,B00E18S0J0,2.0,1379376000
A2G04D4QZAXL15,B00E18S0J0,2.0,1377648000
AA98O5326L88T,B00E1EFHBI,3.0,1387238400
A26KXNN6H1IL0I,B00E1EFHBI,2.0,1385856000
A2VAD79S4A06DD,B00E1EFHBI,5.0,1384905600
A19FRW264WZTGP,B00E1EFHBI,4.0,1383955200
AEL6CQNQXONBX,B00E1EFHBI,5.0,1383782400
A1IBKN1GXYJ3K4,B00E1EFHBI,4.0,1387411200
AJX9A4Q19UTJU,B00E1EFHBI,4.0,1383523200
AY3D7DG5L5WCK,B00E1EFHBI,4.0,1383955200
A1RTSVWEXMKAR1,B00E1EFHBI,3.0,1386201600
A35IX2GE0VC0JP,B00E1EFHBI,3.0,1385942400
ATJE929ETFFNH,B00E1EFHBI,3.0,1387411200
A3BTL4FV6ODKAT,B00E1EFHBI,4.0,1387411200
A1SD1C8XK3Z3V1,B00E1EFHBI,4.0,1385337600
A17V2N0N8CXSA9,B00E1EFHBI,5.0,1382918400
AVQZ0JG8OP8P7,B00E1EFHBI,4.0,1384819200
A24RCBRDXRXR0Y,B00E1EFHBI,3.0,1384646400
A18OUQEK7IZ2F2,B00E1EFHBI,2.0,1383436800
A2LO1YE4Q0N4F,B00E1EFHBI,4.0,1387065600
A3PE884TA8529G,B00E1EFHBI,3.0,1386979200
A1P0JSFW184ZXJ,B00E1EFHBI,4.0,1387238400
AZ515FFZ7I2P7,B00E1EFHBI,3.0,1385769600
AWH2AY17ZU7W2,B00E1EFHBI,4.0,1385337600
A1ZU55TM45Y2R8,B00E1EFHBI,3.0,1383177600
A2T7GZ74MZI0MN,B00E1EFHBI,4.0,1387324800
A26EQ8U96JA92T,B00E1EFHBI,3.0,1385424000
AYB4ELCS5AM8P,B00E1EFHBI,5.0,1383436800
A3V6QSTG2T9MIO,B00E1EFHBI,4.0,1387411200
A361U4SXK7FCQE,B00E1EFHBI,3.0,1386115200
A3KCKECEO3E2AN,B00E1EFHBI,3.0,1387324800
A1KDM0N4UCEPHA,B00E1EFHBI,3.0,1385856000
A1I2U8NT5J6P1N,B00E1EFHBI,3.0,1387065600
AP8D74QD9LUUL,B00E1EFHBI,4.0,1383955200
A1C7Y31S5QXNTR,B00E1EFHBI,4.0,1382832000
AQSW6WDVCJGB8,B00E1EFHBI,2.0,1387843200
AHRNDSKWH1YBT,B00E1EFHBI,3.0,1387152000
A3M2O06MCHJG18,B00E1EFHBI,3.0,1387324800
A2S26YGSVXBCFL,B00E1EFHBI,2.0,1384819200
AR3EVUQF0AC7R,B00E1EFHBI,4.0,1384905600
A2QDOJFFLFGF18,B00E1EFHBI,3.0,1387238400
A3FWVV13DJELLV,B00E1EFHBI,4.0,1385251200
A1LG1DKUZXGJ6J,B00E1EFHBI,3.0,1385856000
A3TMBYDFP1B9DM,B00E1EFHBI,4.0,1384300800
A2YV6F6DLENNTM,B00E1EFHBI,4.0,1383868800
A2V98TS4QDDCG9,B00E1EFHBI,4.0,1385510400
AQZ4PHIEEV5N5,B00E1EFHBI,3.0,1387324800
A2XSY4L7GDHV4W,B00E1EFHBI,3.0,1386720000
A2RN2AO4BE6F4K,B00E1EFHBI,5.0,1384992000
A12E0Y0J6584RT,B00E1EFHBI,4.0,1384905600
A1MRRMHGV3PN5W,B00E1EFHBI,4.0,1384905600
A2Q8GFSEUSGJ51,B00E1EFHBI,4.0,1383091200
A3IMK08UX0I46A,B00E1EFHBI,5.0,1387324800
A1M7Y63Y5GYJI1,B00E1EFHBI,3.0,1385337600
A1KXJCXS6HFRQZ,B00E1EFHBI,4.0,1395187200
A3MUSWDCTZINQZ,B00E1EFHBI,4.0,1385856000
A3R01WHD75L6FG,B00E1EFHBI,4.0,1383696000
A2TXMYYGSZCSZ1,B00E5UKNCQ,5.0,1391817600
A279A4Y2N1CQ26,B00E5UKNCQ,5.0,1392681600
A1IBKN1GXYJ3K4,B00E5UKNCQ,4.0,1389744000
A194K60CWZ371J,B00E5UKNCQ,5.0,1388275200
A3TJSWA0W9ITYE,B00E5UKNCQ,5.0,1392768000
A2E3NAL9ECE7VS,B00E5UKNCQ,4.0,1390867200
A1M5ZT35YX6TIN,B00E5UKNCQ,5.0,1390953600
A1KGWUYXUBEMB2,B00E5UKNCQ,5.0,1390780800
A18GJ9MYYO6GCQ,B00E5UKNCQ,5.0,1388707200
A1ZGHA3IJV01BK,B00E5UKNCQ,5.0,1388102400
A1QT3N5FUQ4I47,B00E5UKNCQ,4.0,1392681600
A3FMPT5IH0CJ50,B00E5UKNCQ,4.0,1389139200
A3Z9QN0RCOHEY,B00E5UKNCQ,5.0,1389052800
AY1EF0GOH80EK,B00E5UKNCQ,5.0,1392249600
A2JKM8KF3296CW,B00E5UKNCQ,5.0,1392163200
AQZ4PHIEEV5N5,B00E5UKNCQ,5.0,1392768000
A276OI0NHBYORX,B00E5UKNCQ,5.0,1388707200
A1FXY0GUFHEI59,B00E5UKNCQ,5.0,1388361600
A2KWE2ZM1EEBGJ,B00E5UKNCQ,4.0,1390608000
AB0TLNLNOAGY4,B00E5UKNCQ,4.0,1392854400
AGFW667QNHDOY,B00E5UKNCQ,5.0,1390435200
A1GNYV0RA0EQSS,B00E5UKNCQ,5.0,1390521600
A15JB2HEZ6RKGW,B00E5UKNCQ,5.0,1391040000
A2W2E6BPPYZO0T,B00E5UKNCQ,5.0,1389744000
A2K75QOCP9ZHSL,B00E5UP64Q,4.0,1392854400
A1II2ZRPKZAQQD,B00E5UP64Q,5.0,1391472000
A2Y5T1O43P14RP,B00E5UP64Q,5.0,1392854400
ADJ0G262H54GP,B00E5UP64Q,5.0,1389484800
A14DNCG5WHM86Z,B00E5UP64Q,4.0,1390262400
A1VXIY1511XQK2,B00E5UP64Q,5.0,1389744000
A1IH7O6EL7SNBD,B00E5UP64Q,5.0,1389657600
A1QT3N5FUQ4I47,B00E5UP64Q,4.0,1392681600
A36EW68H08UOCS,B00E5UP64Q,5.0,1389657600
A3Z9QN0RCOHEY,B00E5UP64Q,5.0,1388275200
A3Q9HY0LU7MN6E,B00E5UP64Q,4.0,1391990400
AUV3OR951650C,B00E5UP64Q,5.0,1392854400
A35Y0RSU09ANEN,B00E5UP64Q,4.0,1399593600
A1FXY0GUFHEI59,B00E5UP64Q,5.0,1388361600
AGFW667QNHDOY,B00E5UP64Q,3.0,1390435200
A1P27BGF8NAI29,B00EAHXN6M,5.0,1399420800
A1DO6DKWF3CMBD,B00EAHXN6M,5.0,1398297600
AGXV8E7XK9J6H,B00EAHXN6M,4.0,1400025600
AG2YXYIQ8TLTA,B00EAHXN6M,3.0,1403049600
A1BHSP8TPTH8Y5,B00EAHXN6M,5.0,1398124800
A1UYMXFON06KQ6,B00EAHXN6M,5.0,1401235200
A1TS45JWJVOSSW,B00EAHXN6M,5.0,1398297600
A3F43PAJZLOE3I,B00EAHXN6M,5.0,1400544000
A2ZJPDH0YP90SD,B00EAHXN6M,5.0,1397865600
A24RCBRDXRXR0Y,B00EAHXN6M,4.0,1399766400
A2BFIYZYNK54QX,B00EAHXN6M,4.0,1398816000
A1VXIY1511XQK2,B00EAHXN6M,5.0,1401062400
A1DSRM2P0WGQNS,B00EAHXN6M,5.0,1403136000
AYB4ELCS5AM8P,B00EAHXN6M,5.0,1401148800
A27H9DOUGY9FOS,B00EAHXN6M,4.0,1402531200
A8INT3NMHRUS4,B00EAHXN6M,5.0,1401235200
A1KDM0N4UCEPHA,B00EAHXN6M,3.0,1402099200
ALDV8DDZWWPYE,B00EAHXN6M,4.0,1399507200
A34W59GPOUKU8L,B00EAHXN6M,4.0,1402876800
A3VS2RYRGDW4HS,B00EAHXN6M,3.0,1403136000
A8QYRG7TW491B,B00EAHXN6M,4.0,1401148800
A3K93OWHKHGI9V,B00EAHXN6M,4.0,1400025600
A3QD59N3M7O7KB,B00EAHXN6M,5.0,1398124800
A3DIS5O83SQJWW,B00EAHXOWA,4.0,1398211200
A30H2335OM7RD6,B00EAHXOWA,5.0,1399593600
AGXV8E7XK9J6H,B00EAHXOWA,4.0,1400025600
A11SPSEM08VIXX,B00EAHXOWA,5.0,1401062400
A1BHSP8TPTH8Y5,B00EAHXOWA,5.0,1398124800
A1MZEMD0EDETS6,B00EAHXOWA,5.0,1402272000
AAJIGWE242MSN,B00EAHXOWA,5.0,1400716800
A1BXVZSQOJE6UE,B00EAHXOWA,4.0,1400457600
A1P0JSFW184ZXJ,B00EAHXOWA,5.0,1403740800
A1O2QIQK2OR5TC,B00EAHXOWA,2.0,1400630400
A3V6QSTG2T9MIO,B00EAHXOWA,4.0,1403136000
A1EMN4T3ROJDOO,B00EAHXOWA,4.0,1401408000
A1ZGHA3IJV01BK,B00EAHXOWA,4.0,1400976000
A3QDDEW6RXVEAY,B00EAHXOWA,5.0,1400025600
A2ZKQC0XCIIAEM,B00EAHXOWA,5.0,1399593600
A3C1QYGEET3BVY,B00EAHXOWA,5.0,1398643200
A34W59GPOUKU8L,B00EAHXOWA,4.0,1399334400
A1VTBADV3JS1EC,B00EAHXOWA,5.0,1398038400
A3PIW7ZF4C5ZJL,B00EAHXOWA,5.0,1397865600
A27ADCSD15F3GL,B00EAHXOWA,3.0,1400889600
A25RTRAPQAJBDJ,B00EAHXOWA,4.0,1403049600
A1ITRGMT80D5TK,B00EAHXOWA,5.0,1398816000
A1M7Y63Y5GYJI1,B00EAHXOWA,5.0,1401321600
A3K93OWHKHGI9V,B00EAHXOWA,3.0,1398124800
A1Q1T811N4IY3Z,B00EAHXOWA,4.0,1400803200
A3QD59N3M7O7KB,B00EAHXOWA,4.0,1398211200
A1F7YU6O5RU432,B00EAHXPAG,5.0,1399852800
A30H2335OM7RD6,B00EAHXPAG,5.0,1399593600
AGXV8E7XK9J6H,B00EAHXPAG,4.0,1400025600
A3EK2KTYHJCPB9,B00EAHXPAG,5.0,1399334400
A11SPSEM08VIXX,B00EAHXPAG,5.0,1401062400
A1BXVZSQOJE6UE,B00EAHXPAG,5.0,1399507200
A34GM17T6WTJDK,B00EAHXPAG,5.0,1402099200
AMS2CPERWN7JV,B00EAHXPAG,5.0,1402531200
A3T6HX48F66512,B00EAHXPAG,4.0,1398729600
A2BFIYZYNK54QX,B00EAHXPAG,5.0,1398816000
A2V2URLB31HG59,B00EAHXPAG,4.0,1403136000
A1KDM0N4UCEPHA,B00EAHXPAG,5.0,1400803200
A35NOFKHK8P2LU,B00EAHXPAG,4.0,1399248000
A1LG1DKUZXGJ6J,B00EAHXPAG,3.0,1398988800
A34W59GPOUKU8L,B00EAHXPAG,4.0,1402876800
A1VTBADV3JS1EC,B00EAHXPAG,4.0,1399420800
A3PIW7ZF4C5ZJL,B00EAHXPAG,5.0,1397952000
A3R33KMESG0XGQ,B00EAHXPAG,4.0,1402963200
A1M7Y63Y5GYJI1,B00EAHXPAG,4.0,1403049600
A3K93OWHKHGI9V,B00EAHXPAG,4.0,1398124800
A39H1GO9E3YQIB,B00EAHXYDO,5.0,1400889600
A1NRMTQ5SZPZA,B00EAHXYDO,5.0,1399852800
A1ZGXZW37JEZWH,B00EAHXYDO,4.0,1401840000
AW5JSQCHC2ZJO,B00EAHXYDO,4.0,1401667200
AA460WUKL3BC6,B00EAHXYDO,3.0,1403049600
A2MVPY9XVYST9H,B00EAHXYDO,4.0,1400025600
A15D2X8MICR2VQ,B00EAHXYDO,4.0,1401667200
A1KGWUYXUBEMB2,B00EAHXYDO,4.0,1401667200
A24U6WGBZ4P74W,B00EAHXYDO,5.0,1400371200
AAEHOTZ1GRAUX,B00EAHXYDO,5.0,1402358400
AXUJFOFQZNTN,B00EAHXYDO,5.0,1398729600
AI2XINIZFPBI8,B00EAHXYDO,5.0,1399248000
AQSW6WDVCJGB8,B00EAHXYDO,4.0,1403136000
A2QDOJFFLFGF18,B00EAHXYDO,4.0,1402790400
A3K8AU6BAGN60E,B00EAHXYDO,4.0,1403481600
AK1WNXTHNCG5V,B00EAHXYDO,4.0,1399939200
AUV3OR951650C,B00EAHXYDO,5.0,1401408000
ALDAF4VVLFRHP,B00EAHXYDO,5.0,1402531200
AVL5IDEE8YA3D,B00EAHXYDO,3.0,1401494400
ADYZOSTF9LZLD,B00EAHXYDO,5.0,1401753600
A2J8DE8R94ZB02,B00EAHXYDO,4.0,1403049600
A1NRMTQ5SZPZA,B00EAHXYPC,5.0,1399852800
A2AYYKD4OODSLY,B00EAHXYPC,5.0,1400544000
A1ZGXZW37JEZWH,B00EAHXYPC,4.0,1401840000
AYB8XLKTYMTTX,B00EAHXYPC,5.0,1400976000
A3E8AHUAQEX0QH,B00EAHXYPC,4.0,1401494400
A1BXVZSQOJE6UE,B00EAHXYPC,5.0,1398384000
A10Z8FC0SMU5VQ,B00EAHXYPC,5.0,1398816000
A3VBXQKRM7A4JR,B00EAHXYPC,4.0,1398729600
AGFGY4EJ37VS2,B00EAHXYPC,4.0,1398124800
A3BAE79NXFDXGV,B00EAHXYPC,4.0,1400889600
AXUJFOFQZNTN,B00EAHXYPC,5.0,1398124800
A3DZFEICHK5LF2,B00EAHXYPC,5.0,1402963200
A2561PYW9TTMYD,B00EAHXYPC,4.0,1403136000
A3UYBRB74RJFXB,B00EAHXYPC,5.0,1400630400
A3K8AU6BAGN60E,B00EAHXYPC,4.0,1403481600
A335GUD1YBS31U,B00EAHXYPC,5.0,1403049600
A13Z96HR8EEF24,B00EAHXYPC,4.0,1398038400
A384HAQMS7XRZ4,B00EAHXYPC,5.0,1400025600
ADZIJQN6MNRAB,B00EAHXYPC,4.0,1398038400
A2DURJRPTPKUZS,B00EAHY1QS,5.0,1400976000
A1DO6DKWF3CMBD,B00EAHY1QS,5.0,1403222400
A19FRW264WZTGP,B00EAHY1QS,4.0,1400889600
AA460WUKL3BC6,B00EAHY1QS,5.0,1403049600
A7C77J4MH94B6,B00EAHY1QS,5.0,1403136000
A16EIVIBBXFAQ0,B00EAHY1QS,5.0,1402963200
A7OTTM22AV2VR,B00EAHY1QS,4.0,1403049600
AMRZ5G7HF7I03,B00EAHY1QS,4.0,1398297600
A26DQMYF5E0GL6,B00EAHY1QS,4.0,1402963200
A1KGWUYXUBEMB2,B00EAHY1QS,5.0,1400544000
A1Z0LTKUA6F94D,B00EAHY1QS,5.0,1402963200
A1DSRM2P0WGQNS,B00EAHY1QS,4.0,1403136000
A3BAE79NXFDXGV,B00EAHY1QS,3.0,1400889600
A1DY0CRKZEY0FB,B00EAHY1QS,4.0,1403049600
A3DZFEICHK5LF2,B00EAHY1QS,4.0,1402963200
AONUCJBC85BL,B00EAHY1QS,5.0,1402012800
A1J6B00Z1D6PS4,B00EAHY1QS,5.0,1399593600
A2CZ98V784SRJ0,B00EAHY1QS,5.0,1403049600
ASJ0MKRFZC47B,B00EAHY1QS,5.0,1400371200
AT1RF4WNPGGLC,B00EAHY1QS,5.0,1400630400
A3212H6SF9W1LV,B00EAHY1QS,3.0,1399852800
AR3EVUQF0AC7R,B00EAHY1QS,4.0,1400112000
A105S56ODHGJEK,B00EAHY1QS,3.0,1402704000
A3PIW7ZF4C5ZJL,B00EAHY1QS,5.0,1399248000
A2PNTEDGMOLMOY,B00EAHY1QS,3.0,1400889600
A3LKLGZZ8OWR51,B00EAHY1QS,5.0,1400630400
A3HPCRD9RX351S,B00EAHY1QS,4.0,1399680000
A16YU3GRGCD95S,B00EAHY1QS,4.0,1399852800
ACR4HKUT808U1,B00EAHY1QS,5.0,1401580800
A1XWX7QTBR3UPV,B00EAHY1QS,3.0,1400112000
A1DRKVXO300RUE,B00EB4C5FO,2.0,1388361600
AL3MFYSK9HKCL,B00EB4C5FO,4.0,1385942400
A26KXNN6H1IL0I,B00EB4C5FO,4.0,1385856000
A1BHSP8TPTH8Y5,B00EB4C5FO,5.0,1384646400
A2ZB8B7VQONZA6,B00EB4C5FO,5.0,1384992000
A3USZS8Q4GOKGE,B00EB4C5FO,5.0,1383091200
A3AGWRMHKLFLWR,B00EB4C5FO,4.0,1384214400
ADJ0G262H54GP,B00EB4C5FO,5.0,1385164800
A18OUQEK7IZ2F2,B00EB4C5FO,3.0,1383955200
A3RTNA9THAU2OP,B00EB4C5FO,5.0,1387324800
ALDV8DDZWWPYE,B00EB4C5FO,5.0,1383782400
A2S26YGSVXBCFL,B00EB4C5FO,4.0,1383868800
AUS5X6IMFLJBD,B00EB4C5FO,4.0,1386720000
A3JEPPCGV55FAQ,B00EB4C5FO,5.0,1386720000
A2JE8OS1NN9YDB,B00EB4C5FO,4.0,1386115200
AXVKMYWNIHK7W,B00EB4C5FO,5.0,1383091200
A3LWC833HQIG7J,B00EB8G5PQ,5.0,1389312000
A2IFKH3TJ10387,B00EB8G5PQ,4.0,1388707200
A1TR1R2QKWRSRA,B00EB8G5PQ,4.0,1388620800
A2FRKEXDXDN1KI,B00EB8G5PQ,5.0,1385942400
A2974R9BTPZPOJ,B00EB8G5PQ,5.0,1387324800
A1S27P7KJO9I96,B00EB8G5PQ,4.0,1386201600
ATS2855497V0I,B00EB8G5PQ,3.0,1387929600
A2WB4OWBUH2VQX,B00EB8G5PQ,3.0,1386720000
A35HOUWHAYZZN6,B00EB8G5PQ,5.0,1385769600
A361U4SXK7FCQE,B00EB8G5PQ,4.0,1388448000
A2X7NBUETXC19E,B00EB8G5PQ,2.0,1388102400
A23WE733QT4WGJ,B00EB8G5PQ,5.0,1388361600
A1WBEIH7Z37LN9,B00EB8G5PQ,3.0,1388361600
A3TMBYDFP1B9DM,B00EB8G5PQ,3.0,1386633600
A2YV6F6DLENNTM,B00EB8G5PQ,5.0,1386201600
AC04O7AYHEKJ5,B00EB8G5PQ,5.0,1386720000
A1JOANG98KBFKU,B00EB8G5PQ,5.0,1389830400
A2KWE2ZM1EEBGJ,B00EB8G5PQ,4.0,1387324800
A2YEOR4XJ8N3QE,B00EB8G5PQ,5.0,1385683200
AQIBFWWA8UWKF,B00EC901O0,5.0,1385337600
A3CA3RWZYJDWXE,B00EC901O0,4.0,1382918400
A3CLWZGMC7M9Z1,B00EC901O0,4.0,1387929600
A24RCBRDXRXR0Y,B00EC901O0,4.0,1384646400
A5GPH59NDWJRB,B00EC901O0,5.0,1384128000
ABQWMANK4AR63,B00EC901O0,4.0,1383955200
A2561PYW9TTMYD,B00EC901O0,4.0,1385510400
A2VHCA21QKNEKE,B00EC901O0,4.0,1385337600
A3ORV1QBL4K9U1,B00EC901O0,4.0,1385164800
APPCJX62WKIIP,B00EC901O0,5.0,1384300800
A2D4FQHV506EPB,B00ECV4DBA,4.0,1405296000
A3U0S17XYK8XMJ,B00ECV4DBA,4.0,1404172800
A3G5MOHY1U635N,B00ECV4DBA,3.0,1405036800
A3OXRFCJI67IMN,B00ECV4DBA,4.0,1404086400
A1ZTE3K3EN4TS3,B00ECV4DBA,4.0,1403481600
AAJIGWE242MSN,B00ECV4DBA,3.0,1405900800
A2MVPY9XVYST9H,B00ECV4DBA,3.0,1403481600
A3BTL4FV6ODKAT,B00ECV4DBA,5.0,1404518400
A1SD1C8XK3Z3V1,B00ECV4DBA,5.0,1404691200
AGFGY4EJ37VS2,B00ECV4DBA,5.0,1403740800
AXUJFOFQZNTN,B00ECV4DBA,4.0,1404172800
A29534U2P9CLNR,B00ECV4DBA,4.0,1404864000
ADFLBRY00Y70G,B00ECV4DBA,3.0,1404172800
A3FFKU2MTCOBM1,B00ECV4DBA,4.0,1403913600
A1FXY0GUFHEI59,B00ECV4DBA,4.0,1404086400
AVHN134ADVP4R,B00ECV4DD8,4.0,1403136000
A3U0S17XYK8XMJ,B00ECV4DD8,3.0,1404172800
A3DIS5O83SQJWW,B00ECV4DD8,4.0,1401235200
A1DG75OT3Y49EM,B00ECV4DD8,2.0,1401494400
AN9J46667D80O,B00ECV4DD8,4.0,1401321600
A2FRKEXDXDN1KI,B00ECV4DD8,4.0,1401494400
A2ME89MSWVG9NF,B00ECV4DD8,3.0,1400889600
AYNNJ0DBGL5H7,B00ECV4DD8,3.0,1403049600
AAEHOTZ1GRAUX,B00ECV4DD8,4.0,1403740800
A1R2JUOGIYH6HO,B00ECV4DD8,5.0,1405555200
A6VSWJVTWEOII,B00ECV4DD8,4.0,1404691200
A29534U2P9CLNR,B00ECV4DD8,5.0,1400716800
A3Q9HY0LU7MN6E,B00ECV4DD8,3.0,1403049600
A3415H58HNGQFV,B00ECV4DD8,5.0,1402963200
A2JVBJUU2DL0WA,B00ECV4DD8,4.0,1404691200
AUCXT9K30SHYF,B00ECV4DD8,5.0,1401840000
A16YU3GRGCD95S,B00ECV4DD8,4.0,1402963200
A2YEOR4XJ8N3QE,B00ECV4DD8,4.0,1400976000
A3U0S17XYK8XMJ,B00ECV4DNS,2.0,1405900800
A1ZTE3K3EN4TS3,B00ECV4DNS,5.0,1403481600
AAJIGWE242MSN,B00ECV4DNS,3.0,1405900800
A10ZBR6O8S8OCY,B00ECV4DNS,5.0,1403481600
A2MVPY9XVYST9H,B00ECV4DNS,4.0,1403308800
A2BFIYZYNK54QX,B00ECV4DNS,5.0,1405641600
A32B6XWNR55SRL,B00ECV4DNS,3.0,1403913600
ABQWMANK4AR63,B00ECV4DNS,4.0,1404950400
AY3EENC2BGTGK,B00ECV4DNS,4.0,1403568000
A3212H6SF9W1LV,B00ECV4DNS,3.0,1404691200
A9XX8OHS2ZQ2X,B00ECV4DNS,4.0,1405382400
A11OBEH2ZCVAHX,B00ECV4DNS,3.0,1403654400
A3V55DVYU80LDS,B00ECV4DNS,5.0,1403395200
AL3MFYSK9HKCL,B00ECV4YRS,4.0,1401148800
A3U4GW06XNSI2Q,B00ECV4YRS,3.0,1398384000
A39BGN8JA7CIFX,B00ECV4YRS,4.0,1399593600
AIP0VIGQWIW90,B00ECV4YRS,3.0,1400112000
A1FK6IQ111SJDR,B00ECV4YRS,4.0,1398470400
A16EIVIBBXFAQ0,B00ECV4YRS,4.0,1402704000
A336FE20YZZL3A,B00ECV4YRS,3.0,1400457600
A14UOOROH3XRQ9,B00ECV4YRS,5.0,1400889600
A3R7RE5O61M112,B00ECV4YRS,4.0,1403049600
A5GPH59NDWJRB,B00ECV4YRS,4.0,1399939200
AVFJ327UXPXLF,B00ECV4YRS,4.0,1401235200
A1KDM0N4UCEPHA,B00ECV4YRS,4.0,1401148800
A32658HY8IU6UV,B00ECV4YRS,4.0,1402876800
A398R165PXFOSS,B00ECV4YRS,5.0,1400457600
A1GQRGB8FGSLIZ,B00ECV4YRS,5.0,1402790400
A2YV6F6DLENNTM,B00ECV4YRS,3.0,1399248000
A2B3A8NQIHITO8,B00ECV4YRS,4.0,1404000000
A24ZMNWTW8AQUR,B00ECV4YRS,4.0,1401148800
ALQ4USPEQ9L5N,B00ECV4YRS,3.0,1403049600
A33VI944SO2YCN,B00ECV4YRS,5.0,1400889600
ASY25YMTIC2A9,B00ECV4YRS,3.0,1400112000
AXVKMYWNIHK7W,B00ECV4YRS,4.0,1398297600
A1NN8Q1DLAYPGH,B00ECV4YRS,5.0,1400371200
A81XIM8XFKWX5,B00ECV4YRS,5.0,1399852800
A1K84GJLQWFIQ7,B00ECV5KSU,4.0,1400544000
A3G5MOHY1U635N,B00ECV5KSU,2.0,1398038400
A1II2ZRPKZAQQD,B00ECV5KSU,4.0,1399593600
A1ZGXZW37JEZWH,B00ECV5KSU,5.0,1401840000
A16PUD6V3KAZ0Q,B00ECV5KSU,4.0,1403049600
A3HUC8541SJ6UT,B00ECV5KSU,5.0,1402876800
AN9J46667D80O,B00ECV5KSU,4.0,1400112000
A1H88L8X6HM1BQ,B00ECV5KSU,4.0,1400284800
AK8LOFYRZJJW0,B00ECV5KSU,3.0,1400976000
A2QCE7L6GRE3MT,B00ECV5KSU,4.0,1399939200
ARADXCOUVBS09,B00ECV5KSU,4.0,1400025600
A18OUQEK7IZ2F2,B00ECV5KSU,4.0,1399593600
A34CSXOGVYF94S,B00ECV5KSU,4.0,1398384000
AYB4ELCS5AM8P,B00ECV5KSU,5.0,1398816000
A1DY0CRKZEY0FB,B00ECV5KSU,3.0,1403049600
AOAOARIH72UWI,B00ECV5KSU,3.0,1402876800
A37R3P5JFNQG8S,B00ECV5KSU,4.0,1399939200
A1I2U8NT5J6P1N,B00ECV5KSU,4.0,1398988800
AHRNDSKWH1YBT,B00ECV5KSU,5.0,1402963200
AM8J1UVGVYAL4,B00ECV5KSU,5.0,1401580800
A3Q9HY0LU7MN6E,B00ECV5KSU,4.0,1400457600
A1VTBADV3JS1EC,B00ECV5KSU,5.0,1399420800
A23KACXOE9O9TX,B00ECV5KSU,4.0,1398211200
A4UGMKUSX9XHI,B00ECV5KSU,5.0,1400630400
AGFW667QNHDOY,B00ECV5KSU,3.0,1398124800
A2J8DE8R94ZB02,B00ECV5KSU,4.0,1402963200
A1486KL0IOM7VM,B00ECWSL0I,4.0,1390348800
A16PUD6V3KAZ0Q,B00ECWSL0I,4.0,1389830400
AZA55FJD7CCZN,B00ECWSL0I,4.0,1388448000
AMS2CPERWN7JV,B00ECWSL0I,5.0,1389657600
A36MP37DITBU6F,B00ECWSL0I,5.0,1388534400
A35IX2GE0VC0JP,B00ECWSL0I,4.0,1389657600
A1GBT4UN2RW7XY,B00ECWSL0I,2.0,1386028800
A397CWU6DM3O5G,B00ECWSL0I,4.0,1387065600
AVQZ0JG8OP8P7,B00ECWSL0I,5.0,1387843200
A1P0JSFW184ZXJ,B00ECWSL0I,4.0,1389830400
A34CSXOGVYF94S,B00ECWSL0I,4.0,1385856000
A1KLPS6P7UR631,B00ECWSL0I,5.0,1388016000
A5H8NA5CJ0FK4,B00ECWSL0I,5.0,1388448000
A1KDM0N4UCEPHA,B00ECWSL0I,4.0,1389484800
A19JGPUJAX048H,B00ECWSL0I,4.0,1388534400
A3KEZLJ59C1JVH,B00ECWSL0I,5.0,1385510400
A3QEIVO8AB3YMU,B00ECWSL0I,5.0,1388361600
A2QDOJFFLFGF18,B00ECWSL0I,5.0,1389830400
A1GNYV0RA0EQSS,B00ECWSL0I,5.0,1387929600
A2I4A4WGWII18Z,B00ECWSL0I,4.0,1387411200
A3IMK08UX0I46A,B00ECWSL0I,5.0,1389830400
A1XWX7QTBR3UPV,B00ECWSL0I,5.0,1386633600
A2V9DTXTQ5YIMK,B00EDBY8BO,3.0,1401235200
A1DRKVXO300RUE,B00EDBY8BO,4.0,1403136000
A2GRDQJ4Z7053K,B00EDBY8BO,4.0,1398902400
A3JPFWKS83R49V,B00EDBY8BO,3.0,1401408000
A16EIVIBBXFAQ0,B00EDBY8BO,2.0,1403049600
A1FDV3WPOHREY9,B00EDBY8BO,5.0,1398211200
A2OJCTT5WLB2HR,B00EDBY8BO,4.0,1399507200
A2FWZ58M6IQMD7,B00EDBY8BO,4.0,1400803200
AG8E2F0G98ZTB,B00EDBY8BO,4.0,1400976000
A2503LT8PZIHAD,B00EDBY8BO,4.0,1398816000
A2E3NAL9ECE7VS,B00EDBY8BO,3.0,1403049600
A2T7GZ74MZI0MN,B00EDBY8BO,4.0,1403136000
A3V6QSTG2T9MIO,B00EDBY8BO,2.0,1403136000
A3HAA7H8PBVM78,B00EDBY8BO,5.0,1399680000
A32658HY8IU6UV,B00EDBY8BO,4.0,1402876800
A398R165PXFOSS,B00EDBY8BO,4.0,1399161600
ADFLBRY00Y70G,B00EDBY8BO,5.0,1401494400
A2QDOJFFLFGF18,B00EDBY8BO,4.0,1402790400
AGEKVD8JPZQMT,B00EDBY8BO,3.0,1398556800
AC04O7AYHEKJ5,B00EDBY8BO,5.0,1400716800
AQZ4PHIEEV5N5,B00EDBY8BO,5.0,1403136000
A276OI0NHBYORX,B00EDBY8BO,5.0,1402185600
A2KWE2ZM1EEBGJ,B00EDBY8BO,4.0,1399939200
ALQ4USPEQ9L5N,B00EDBY8BO,5.0,1403049600
A19YOYY7FLQMA6,B00EDBY8BO,5.0,1399420800
A3SMV35531YME,B00EDBYB4S,4.0,1400198400
A3F0OFSE2M25U2,B00EDBYB4S,4.0,1400716800
A14Z0Q1DU6CBJJ,B00EDBYB4S,4.0,1398816000
A1TR1R2QKWRSRA,B00EDBYB4S,3.0,1403136000
A2974R9BTPZPOJ,B00EDBYB4S,5.0,1399507200
A2ME89MSWVG9NF,B00EDBYB4S,4.0,1398729600
A1S27P7KJO9I96,B00EDBYB4S,3.0,1399334400
A24RCBRDXRXR0Y,B00EDBYB4S,3.0,1399852800
A215WH6RUDUCMP,B00EDBYB4S,4.0,1403136000
A244CRJ2QSVLZ4,B00EDBYB4S,4.0,1399334400
AAEHOTZ1GRAUX,B00EDBYB4S,4.0,1402358400
AJ3K3HKR9UFVN,B00EDBYB4S,5.0,1399161600
A2RKI7RPP5CJMG,B00EDBYB4S,3.0,1399248000
AONUCJBC85BL,B00EDBYB4S,4.0,1402012800
A3FMPT5IH0CJ50,B00EDBYB4S,3.0,1400630400
ADFLBRY00Y70G,B00EDBYB4S,5.0,1401494400
A3FWVV13DJELLV,B00EDBYB4S,3.0,1402790400
A3415H58HNGQFV,B00EDBYB4S,5.0,1399507200
AC04O7AYHEKJ5,B00EDBYB4S,5.0,1400630400
A1MBFUV5DZNEZQ,B00EDBYB4S,5.0,1399507200
A33VI944SO2YCN,B00EDBYB4S,5.0,1401494400
ACAXV4V8PBCE3,B00EDBYB4S,5.0,1400112000
ATLZNVLYKP9AZ,B00EDBYB4S,4.0,1402963200
A39H1GO9E3YQIB,B00EDBYHPQ,4.0,1399852800
AM2IR1V5EU55U,B00EDBYHPQ,1.0,1398729600
AGXV8E7XK9J6H,B00EDBYHPQ,5.0,1403136000
AY3D7DG5L5WCK,B00EDBYHPQ,4.0,1398729600
A194K60CWZ371J,B00EDBYHPQ,4.0,1398556800
AOGN1F0Q3HW86,B00EDBYHPQ,2.0,1398124800
A3MWP39R0W9TQX,B00EDBYHPQ,4.0,1400025600
A1GWDRBUMQOCRK,B00EDBYHPQ,4.0,1403136000
A3R7RE5O61M112,B00EDBYHPQ,4.0,1403049600
A1P0JSFW184ZXJ,B00EDBYHPQ,4.0,1403740800
A6VSWJVTWEOII,B00EDBYHPQ,5.0,1401840000
AEVO0UWFCAK02,B00EDBYHPQ,4.0,1400803200
AHRNDSKWH1YBT,B00EDBYHPQ,4.0,1402963200
A26BDXG9KVH7SU,B00EDBYHPQ,4.0,1402704000
A2S26YGSVXBCFL,B00EDBYHPQ,4.0,1400198400
A231LBC8EGPO5L,B00EDBYHPQ,3.0,1398988800
A2ZKQC0XCIIAEM,B00EDBYHPQ,5.0,1399248000
A1YAGM2QOSAAOT,B00EDBYHPQ,3.0,1402444800
A1D1IDI5S9TN9D,B00EDBYHPQ,5.0,1402358400
AAU0G40ZN5RIL,B00EDBYHPQ,1.0,1399161600
AUV0EFKWA46TX,B00EDBYHPQ,5.0,1398297600
AV1F8VNJPLPTL,B00EDBYHPQ,3.0,1400544000
A2WW57XX2UVLM6,B00EDBYHPQ,3.0,1400457600
A1NN8Q1DLAYPGH,B00EDBYHPQ,3.0,1400371200
A1II2ZRPKZAQQD,B00EDBYHQK,5.0,1403481600
A3RG8DYG8AJ6Z9,B00EDBYHQK,5.0,1403740800
AERBY54RWPSO9,B00EDBYHQK,3.0,1399507200
A2AYJJAFNSGSU1,B00EDBYHQK,3.0,1400889600
A4EBYIKOMYFF9,B00EDBYHQK,3.0,1400889600
AOGN1F0Q3HW86,B00EDBYHQK,2.0,1398124800
A14UOOROH3XRQ9,B00EDBYHQK,5.0,1400889600
ADJ0G262H54GP,B00EDBYHQK,4.0,1399075200
A3RTNA9THAU2OP,B00EDBYHQK,5.0,1405814400
A5GPH59NDWJRB,B00EDBYHQK,4.0,1400976000
A2FVD05Z2FYW1P,B00EDBYHQK,5.0,1398297600
A3QCC7PV6EG4YC,B00EDBYHQK,4.0,1398297600
A3U029B8Z5WGI2,B00EDBYHQK,5.0,1398297600
A6VSWJVTWEOII,B00EDBYHQK,4.0,1401840000
A2NMQWBDWT3SQF,B00EDBYHQK,4.0,1403568000
ADFLBRY00Y70G,B00EDBYHQK,4.0,1401494400
A231LBC8EGPO5L,B00EDBYHQK,4.0,1399248000
A2B3A8NQIHITO8,B00EDBYHQK,5.0,1404000000
A2IJ54FX1L83WK,B00EDBYHQK,5.0,1398729600
A1VTBADV3JS1EC,B00EDBYHQK,5.0,1401321600
A3P8ZDHC7XSKSE,B00EDBYHQK,4.0,1402963200
A12E0Y0J6584RT,B00EDBYHQK,4.0,1399766400
A33VI944SO2YCN,B00EDBYHQK,4.0,1404086400
A2WW57XX2UVLM6,B00EDBYHQK,4.0,1400457600
AQIBFWWA8UWKF,B00EDBYHRE,4.0,1405382400
A1II2ZRPKZAQQD,B00EDBYHRE,4.0,1402531200
AZA55FJD7CCZN,B00EDBYHRE,4.0,1404345600
A2AYJJAFNSGSU1,B00EDBYHRE,5.0,1400889600
A1UV5NB0DXTSWH,B00EDBYHRE,5.0,1403136000
A2974R9BTPZPOJ,B00EDBYHRE,5.0,1403136000
A4EBYIKOMYFF9,B00EDBYHRE,3.0,1402963200
AKMEY1BSHSDG7,B00EDBYHRE,5.0,1402617600
A3RTNA9THAU2OP,B00EDBYHRE,5.0,1405814400
A1DB5QPH7WO488,B00EDBYHRE,4.0,1404086400
A2FVD05Z2FYW1P,B00EDBYHRE,5.0,1401235200
A6VSWJVTWEOII,B00EDBYHRE,5.0,1401840000
AJQDIT55SZ3ZX,B00EDBYHRE,5.0,1401321600
AHRNDSKWH1YBT,B00EDBYHRE,4.0,1402963200
A22IDP8YERZ79X,B00EDBYHRE,4.0,1401753600
A3Q9HY0LU7MN6E,B00EDBYHRE,5.0,1403827200
A3LN4AOPBIUQWR,B00EDBYHRE,5.0,1401753600
A231LBC8EGPO5L,B00EDBYHRE,5.0,1400457600
A2V98TS4QDDCG9,B00EDBYHRE,5.0,1403740800
ALDAF4VVLFRHP,B00EDBYHRE,5.0,1403481600
AC04O7AYHEKJ5,B00EDBYHRE,5.0,1402876800
AAU0G40ZN5RIL,B00EDBYHRE,5.0,1400976000
A12E0Y0J6584RT,B00EDBYHRE,4.0,1402790400
A1M0OSCFOAMAZO,B00EDBYHRE,5.0,1401494400
A2WW57XX2UVLM6,B00EDBYHRE,4.0,1400457600
A2D4FQHV506EPB,B00EDBYHRO,5.0,1402012800
A2AYYKD4OODSLY,B00EDBYHRO,5.0,1400544000
A2HC9549CZAKNN,B00EDBYHRO,5.0,1398470400
A1FK6IQ111SJDR,B00EDBYHRO,3.0,1398470400
A28IIVKXOE1ATF,B00EDBYHRO,4.0,1399593600
A2E3NAL9ECE7VS,B00EDBYHRO,3.0,1403049600
A26OPNLJ0JYHPH,B00EDBYHRO,3.0,1398384000
ABMX8XUNPR3LP,B00EDBYHRO,4.0,1400716800
A1GUX6R8DV3ZLY,B00EDBYHRO,4.0,1404086400
A2701UXI8QGRHE,B00EDBYHRO,2.0,1403136000
ALLHJD3KZF9KC,B00EDBYHRO,4.0,1401580800
A3QBCX2QMKJ7AH,B00EDBYHRO,5.0,1398124800
A3UYBRB74RJFXB,B00EDBYHRO,2.0,1403136000
A3QD7VWBD470D2,B00EDBYHRO,3.0,1402876800
A1UCPXUBSESD65,B00EDBYHRO,4.0,1399075200
ALGI34BYWIXZG,B00EDBYHRO,4.0,1404950400
AQZ4PHIEEV5N5,B00EDBYHRO,1.0,1403136000
AUS5X6IMFLJBD,B00EDBYHRO,5.0,1399593600
A1D1IDI5S9TN9D,B00EDBYHRO,3.0,1403049600
AAU0G40ZN5RIL,B00EDBYHRO,3.0,1398556800
A2OOZZDSOHG4UY,B00EDBYHRO,5.0,1403136000
A3VS2RYRGDW4HS,B00EDBYHRO,4.0,1403136000
A1M0OSCFOAMAZO,B00EDBYHRO,5.0,1398643200
A2VWE5SGNDS8HW,B00EDBYHRO,3.0,1399680000
A19YOYY7FLQMA6,B00EDBYHRO,4.0,1399420800
A1WP940JZL83T7,B00EDBYKOO,4.0,1398124800
A1K84GJLQWFIQ7,B00EDBYKOO,3.0,1400544000
A1II2ZRPKZAQQD,B00EDBYKOO,3.0,1400371200
A3EK2KTYHJCPB9,B00EDBYKOO,3.0,1401062400
A11B61QBGHLQDN,B00EDBYKOO,4.0,1401408000
A2OJCTT5WLB2HR,B00EDBYKOO,3.0,1399507200
A2ME89MSWVG9NF,B00EDBYKOO,3.0,1397952000
A2E4R7YISIM4QM,B00EDBYKOO,3.0,1402617600
A2TS040W2FW5O,B00EDBYKOO,2.0,1403136000
A1KGWUYXUBEMB2,B00EDBYKOO,4.0,1400544000
AZ515FFZ7I2P7,B00EDBYKOO,4.0,1402444800
AGFGY4EJ37VS2,B00EDBYKOO,3.0,1398038400
A1DY0CRKZEY0FB,B00EDBYKOO,3.0,1403049600
A3FMPT5IH0CJ50,B00EDBYKOO,2.0,1399507200
A1WSQ0QRWQC7VI,B00EDBYKOO,2.0,1403222400
A23KACXOE9O9TX,B00EDBYKOO,4.0,1398124800
A9LNWA25IM2DX,B00EDBYKOO,4.0,1399420800
AFG4HIHMX312C,B00EDBYKOO,1.0,1402531200
A24ZMNWTW8AQUR,B00EDBYKOO,5.0,1401926400
A2BZ16RKE13PKV,B00EDBYKOO,5.0,1403136000
AUCXT9K30SHYF,B00EDBYKOO,3.0,1399075200
A2Q8GFSEUSGJ51,B00EDBYKOO,4.0,1398211200
A25QJBK33C4O0R,B00EDBYKOO,3.0,1398988800
A2H667ZUNLNTF1,B00EDBYKOO,4.0,1402444800
A2BZ16RKE13PKV,B00EDBZ0L6,4.0,1403136000
A2K89R0B20LYHB,B00EDBZ0L6,4.0,1402531200
A2QCE7L6GRE3MT,B00EDBZ0L6,4.0,1402444800
A1WKQ94M45D8MG,B00EDBZ0L6,5.0,1401321600
AR33KU52LIBF1,B00EDBZ0L6,2.0,1398297600
A2974R9BTPZPOJ,B00EDBZ0L6,5.0,1399507200
A194K60CWZ371J,B00EDBZ0L6,5.0,1399420800
A3VGAP2KLCBNBB,B00EDBZ0L6,3.0,1400198400
A2GA2SO3YK6CXI,B00EDBZ0L6,3.0,1398988800
A2TVH2OBNXYXHV,B00EDBZ0L6,5.0,1399852800
A24RCBRDXRXR0Y,B00EDBZ0L6,4.0,1399852800
A3CU0QL4C4LAA8,B00EDBZ0L6,4.0,1403136000
A2K4HN6EECBNR3,B00EDBZ0L6,5.0,1400112000
A8KM4YOB8FGGH,B00EDBZ0L6,5.0,1403136000
A32658HY8IU6UV,B00EDBZ0L6,4.0,1402876800
AT1RF4WNPGGLC,B00EDBZ0L6,5.0,1400457600
A1NIGUK4M2ST8,B00EDBZ0L6,3.0,1398211200
ADFLBRY00Y70G,B00EDBZ0L6,3.0,1401494400
A3EZHMGGWY74HY,B00EDBZ0L6,5.0,1398816000
A2JVBJUU2DL0WA,B00EDBZ0L6,4.0,1403136000
A1MBFUV5DZNEZQ,B00EDBZ0L6,5.0,1400025600
A24ZMNWTW8AQUR,B00EDBZ0L6,5.0,1401148800
A3VS2RYRGDW4HS,B00EDBZ0L6,4.0,1403136000
A19GJX6TTSK0C0,B00EDBZ0L6,4.0,1401580800
A2H667ZUNLNTF1,B00EDBZ0L6,3.0,1402444800
A39H1GO9E3YQIB,B00EDBZ3JU,5.0,1399680000
AFEYHFH2GH0QZ,B00EDBZ3JU,4.0,1400025600
AZA55FJD7CCZN,B00EDBZ3JU,4.0,1403568000
A2HC9549CZAKNN,B00EDBZ3JU,5.0,1401235200
A19FRW264WZTGP,B00EDBZ3JU,4.0,1399248000
A2974R9BTPZPOJ,B00EDBZ3JU,5.0,1399507200
A2ME89MSWVG9NF,B00EDBZ3JU,4.0,1397952000
A2TS040W2FW5O,B00EDBZ3JU,4.0,1403136000
A1KGWUYXUBEMB2,B00EDBZ3JU,4.0,1402963200
AWH2AY17ZU7W2,B00EDBZ3JU,5.0,1400284800
A1NQK5MH9GTJ6S,B00EDBZ3JU,4.0,1398211200
A1DY0CRKZEY0FB,B00EDBZ3JU,4.0,1403136000
AGVDI7RLT24WJ,B00EDBZ3JU,3.0,1400112000
A1IH7O6EL7SNBD,B00EDBZ3JU,3.0,1399852800
A1KLPS6P7UR631,B00EDBZ3JU,5.0,1399248000
A2RKI7RPP5CJMG,B00EDBZ3JU,4.0,1399248000
ABSYIF0ONC2AF,B00EDBZ3JU,4.0,1398643200
A3RYSRBRTZB0JD,B00EDBZ3JU,5.0,1399680000
AT1RF4WNPGGLC,B00EDBZ3JU,5.0,1400457600
A3EZHMGGWY74HY,B00EDBZ3JU,5.0,1399593600
A3Q9HY0LU7MN6E,B00EDBZ3JU,3.0,1401840000
A2JVBJUU2DL0WA,B00EDBZ3JU,4.0,1403136000
A2TBAUW2W7J538,B00EDBZ3JU,3.0,1402444800
A3VS2RYRGDW4HS,B00EDBZ3JU,3.0,1403136000
AXVKMYWNIHK7W,B00EDBZ3JU,3.0,1398297600
A2DURJRPTPKUZS,B00EDBZ58E,5.0,1399334400
AQIBFWWA8UWKF,B00EDBZ58E,4.0,1402876800
A2AYJJAFNSGSU1,B00EDBZ58E,4.0,1398988800
A1UYMXFON06KQ6,B00EDBZ58E,4.0,1403136000
AYOMAHLWRQHUG,B00EDBZ58E,3.0,1400025600
A3G2PUQ455XMXJ,B00EDBZ58E,4.0,1399420800
A2QX49LS3Y3ANI,B00EDBZ58E,2.0,1400457600
A31HE83MU98GBV,B00EDBZ58E,5.0,1402963200
A2TS040W2FW5O,B00EDBZ58E,4.0,1403136000
AKCZIJ6ZHE41D,B00EDBZ58E,4.0,1400716800
A5GPH59NDWJRB,B00EDBZ58E,5.0,1398470400
A8KM4YOB8FGGH,B00EDBZ58E,4.0,1403136000
A32658HY8IU6UV,B00EDBZ58E,4.0,1402876800
A2SLX6UHHYCMCV,B00EDBZ58E,3.0,1401926400
A1NIGUK4M2ST8,B00EDBZ58E,4.0,1399852800
A3QD7VWBD470D2,B00EDBZ58E,5.0,1403049600
ALGI34BYWIXZG,B00EDBZ58E,5.0,1404950400
A2YV6F6DLENNTM,B00EDBZ58E,5.0,1400112000
AVL5IDEE8YA3D,B00EDBZ58E,4.0,1398816000
A1MBFUV5DZNEZQ,B00EDBZ58E,5.0,1400025600
A2OOZZDSOHG4UY,B00EDBZ58E,4.0,1403136000
A3VS2RYRGDW4HS,B00EDBZ58E,4.0,1403136000
A81XIM8XFKWX5,B00EDBZ58E,5.0,1399852800
ANCOMAI0I7LVG,B00EDBZ9IA,4.0,1403481600
A3IKLTT9JQACCI,B00EDBZ9IA,4.0,1399766400
AYDC7F9UF6EQX,B00EDBZ9IA,1.0,1401753600
A1XDMYX8QOW07N,B00EDBZ9IA,3.0,1402617600
A2503LT8PZIHAD,B00EDBZ9IA,4.0,1398729600
A2TS040W2FW5O,B00EDBZ9IA,3.0,1403136000
A2065HBMYDXJ1S,B00EDBZ9IA,5.0,1403049600
A1WKEAS58297E5,B00EDBZ9IA,4.0,1403740800
A3AG5QAT8L0I3R,B00EDBZ9IA,4.0,1403481600
A3V6QSTG2T9MIO,B00EDBZ9IA,2.0,1404691200
AI2XINIZFPBI8,B00EDBZ9IA,4.0,1403654400
AK1WNXTHNCG5V,B00EDBZ9IA,3.0,1399939200
A1PTBXZG04GT29,B00EDBZ9IA,4.0,1387411200
APPCJX62WKIIP,B00EDBZ9IA,3.0,1402963200
A1M0OSCFOAMAZO,B00EDBZ9IA,4.0,1402876800
A25RTRAPQAJBDJ,B00EDBZ9IA,4.0,1404172800
A2RW587355CMVA,B00EDBZ9KI,2.0,1403049600
A1NRMTQ5SZPZA,B00EDBZ9KI,5.0,1401062400
ANCOMAI0I7LVG,B00EDBZ9KI,3.0,1400803200
A2RX62V4E2BF5Z,B00EDBZ9KI,5.0,1400284800
A2A33KJUP7T2FK,B00EDBZ9KI,4.0,1402531200
A2BN9DIBP9A0XG,B00EDBZ9KI,3.0,1403136000
ALYZJ7W14YS26,B00EDBZ9KI,3.0,1398902400
A26EQ8U96JA92T,B00EDBZ9KI,4.0,1401667200
A3V6QSTG2T9MIO,B00EDBZ9KI,3.0,1403136000
A1BK60GZ4QME6I,B00EDBZ9KI,4.0,1401235200
A18GJ9MYYO6GCQ,B00EDBZ9KI,4.0,1398470400
ABSYIF0ONC2AF,B00EDBZ9KI,4.0,1398643200
ALDV8DDZWWPYE,B00EDBZ9KI,3.0,1399507200
AK1WNXTHNCG5V,B00EDBZ9KI,5.0,1399939200
AUV3OR951650C,B00EDBZ9KI,4.0,1401408000
A1MBFUV5DZNEZQ,B00EDBZ9KI,5.0,1399507200
A12E0Y0J6584RT,B00EDBZ9KI,4.0,1399766400
AFYQ9V4XBVCJ1,B00EDBZ9KI,4.0,1398643200
A5X1B2HBQUR3P,B00EDBZ9KI,4.0,1400803200
A2YEOR4XJ8N3QE,B00EDBZ9KI,5.0,1398643200
A2DURJRPTPKUZS,B00ERK27SC,4.0,1394150400
A1II2ZRPKZAQQD,B00ERK27SC,4.0,1396310400
A2TXMYYGSZCSZ1,B00ERK27SC,4.0,1395100800
ACREHLVRC4H5B,B00ERK27SC,4.0,1395273600
A1UHKF1UQ3EGW4,B00ERK27SC,5.0,1394064000
A2RVCF21L2NPU5,B00ERK27SC,5.0,1396656000
A2BVNVJOFXGZUB,B00ERK27SC,4.0,1393804800
A3AG5QAT8L0I3R,B00ERK27SC,4.0,1396310400
AXUJFOFQZNTN,B00ERK27SC,4.0,1393977600
A226GFM0Q9L37H,B00ERK27SC,5.0,1397088000
ADFLBRY00Y70G,B00ERK27SC,4.0,1397692800
A199FRO0YFMGED,B00ERK27SC,4.0,1395792000
A1BA72K4VK1UN1,B00ERK27SC,5.0,1397692800
A3C1QYGEET3BVY,B00ERK27SC,5.0,1395964800
A2UT0FWM1DHKFJ,B00ERK27SC,5.0,1393372800
A2OOZZDSOHG4UY,B00ERK27SC,5.0,1398211200
A3JEPPCGV55FAQ,B00ERK27SC,4.0,1397692800
AUV0EFKWA46TX,B00ERK27SC,3.0,1396742400
ALQ4USPEQ9L5N,B00ERK27SC,4.0,1397606400
A19GJX6TTSK0C0,B00ERK27SC,4.0,1396742400
A33VI944SO2YCN,B00ERK27SC,4.0,1397347200
A2WW57XX2UVLM6,B00ERK27SC,4.0,1395014400
A19YOYY7FLQMA6,B00ERK27SC,4.0,1394323200
AXVKMYWNIHK7W,B00ERK27SC,4.0,1394150400
A2HHAV29CZ1OIE,B00ERK27SC,4.0,1395273600
A156P4FPL8OGXB,B00ERK27SC,4.0,1394668800
A2D4FQHV506EPB,B00ERK40NW,3.0,1397347200
A1UKA7HUAQAMY,B00ERK40NW,3.0,1398297600
AQIBFWWA8UWKF,B00ERK40NW,5.0,1397433600
A3SMV35531YME,B00ERK40NW,3.0,1394064000
A2FS38D943KX12,B00ERK40NW,3.0,1397606400
A36S5U0QOWMOSX,B00ERK40NW,3.0,1394668800
A1BXVZSQOJE6UE,B00ERK40NW,3.0,1395705600
ATQ22E6YAUNXP,B00ERK40NW,5.0,1393459200
A3U5CZ3PV82JXD,B00ERK40NW,5.0,1394841600
A10Z8FC0SMU5VQ,B00ERK40NW,5.0,1393200000
A2BN9DIBP9A0XG,B00ERK40NW,3.0,1396569600
AVFJ327UXPXLF,B00ERK40NW,4.0,1396656000
A3M6KV5PDU46YI,B00ERK40NW,4.0,1393545600
A1SB9BNNGKNX2Z,B00ERK40NW,5.0,1396396800
A8KM4YOB8FGGH,B00ERK40NW,3.0,1397692800
A1KLPS6P7UR631,B00ERK40NW,3.0,1395619200
A3K4AJLVHAH4OZ,B00ERK40NW,4.0,1393977600
AQSW6WDVCJGB8,B00ERK40NW,3.0,1397692800
AK1WNXTHNCG5V,B00ERK40NW,3.0,1395100800
A2ZKQC0XCIIAEM,B00ERK40NW,4.0,1393372800
AX7317G153T8W,B00ERK40NW,4.0,1395878400
AQZ4PHIEEV5N5,B00ERK40NW,5.0,1397692800
A1VTBADV3JS1EC,B00ERK40NW,4.0,1395273600
AAU0G40ZN5RIL,B00ERK40NW,4.0,1393632000
A12E0Y0J6584RT,B00ERK40NW,5.0,1394323200
AS7SB0A3QKVQV,B00ERK40NW,4.0,1393286400
A2Q8GFSEUSGJ51,B00ERK40NW,4.0,1393977600
A2WW57XX2UVLM6,B00ERK40NW,3.0,1393200000
A1POFVVXUZR3IQ,B00ERK40NW,3.0,1393200000
A2D4FQHV506EPB,B00EVQJ4W4,4.0,1401840000
A319Y83RT0MRVR,B00EVQJ4W4,4.0,1402963200
AQB4DH57MSZSC,B00EVQJ4W4,3.0,1400112000
A3F2VVIQIY6U64,B00EVQJ4W4,4.0,1403049600
A4GI4654JA8NK,B00EVQJ4W4,4.0,1403740800
A2HC9549CZAKNN,B00EVQJ4W4,4.0,1401148800
A14Z0Q1DU6CBJJ,B00EVQJ4W4,3.0,1398816000
AHNHLGKIZ2N3B,B00EVQJ4W4,4.0,1403136000
AJX9A4Q19UTJU,B00EVQJ4W4,3.0,1398902400
ATJE929ETFFNH,B00EVQJ4W4,3.0,1400112000
A2AF0NOCM71J0B,B00EVQJ4W4,4.0,1399248000
A2RME4353Y911C,B00EVQJ4W4,4.0,1400371200
AKCZIJ6ZHE41D,B00EVQJ4W4,2.0,1400716800
AWH2AY17ZU7W2,B00EVQJ4W4,4.0,1400284800
A27H9DOUGY9FOS,B00EVQJ4W4,4.0,1401408000
A3TWBW1B17R151,B00EVQJ4W4,3.0,1398729600
A2QDOJFFLFGF18,B00EVQJ4W4,4.0,1403049600
AGEKVD8JPZQMT,B00EVQJ4W4,5.0,1399248000
A2YV6F6DLENNTM,B00EVQJ4W4,3.0,1400112000
AC04O7AYHEKJ5,B00EVQJ4W4,4.0,1400630400
A1BA72K4VK1UN1,B00EVQJ4W4,5.0,1403136000
AX7317G153T8W,B00EVQJ4W4,4.0,1400198400
A27BKXQAR305QL,B00EVQJ4W4,5.0,1403049600
A9XX8OHS2ZQ2X,B00EVQJ4W4,4.0,1402012800
A9LNWA25IM2DX,B00EVQJ4W4,4.0,1399420800
A2RN2AO4BE6F4K,B00EVQJ4W4,5.0,1400457600
A19JDXB5R33C7R,B00EVQJ4W4,4.0,1400198400
A2RW587355CMVA,B00EVTF3OO,4.0,1397606400
A2GRDQJ4Z7053K,B00EVTF3OO,4.0,1393977600
A2ZPZM9RE08JXF,B00EVTF3OO,4.0,1395878400
A26KXNN6H1IL0I,B00EVTF3OO,4.0,1396828800
A1DO6DKWF3CMBD,B00EVTF3OO,4.0,1395273600
A2HC9549CZAKNN,B00EVTF3OO,5.0,1396483200
A3SMV35531YME,B00EVTF3OO,5.0,1394064000
A2AYJJAFNSGSU1,B00EVTF3OO,5.0,1393027200
A1UHKF1UQ3EGW4,B00EVTF3OO,5.0,1393459200
AG8E2F0G98ZTB,B00EVTF3OO,4.0,1395187200
A31HE83MU98GBV,B00EVTF3OO,5.0,1395878400
A2503LT8PZIHAD,B00EVTF3OO,4.0,1393632000
A215WH6RUDUCMP,B00EVTF3OO,5.0,1394150400
A8KM4YOB8FGGH,B00EVTF3OO,5.0,1396224000
A1KLPS6P7UR631,B00EVTF3OO,5.0,1395619200
AJQDIT55SZ3ZX,B00EVTF3OO,5.0,1395014400
A1KDM0N4UCEPHA,B00EVTF3OO,4.0,1397347200
A3K4AJLVHAH4OZ,B00EVTF3OO,4.0,1393977600
A226GFM0Q9L37H,B00EVTF3OO,5.0,1396137600
A19JGPUJAX048H,B00EVTF3OO,5.0,1397606400
A1NIGUK4M2ST8,B00EVTF3OO,5.0,1393977600
A26BDXG9KVH7SU,B00EVTF3OO,4.0,1397606400
A2QDOJFFLFGF18,B00EVTF3OO,5.0,1397692800
A3Q9HY0LU7MN6E,B00EVTF3OO,5.0,1395273600
A231LBC8EGPO5L,B00EVTF3OO,5.0,1393804800
A1VTBADV3JS1EC,B00EVTF3OO,4.0,1397520000
A2UT0FWM1DHKFJ,B00EVTF3OO,5.0,1393977600
A2BZ16RKE13PKV,B00EVTF3OO,3.0,1397692800
AM9APPMIE1BHZ,B00EVTF3OO,5.0,1395878400
A384HAQMS7XRZ4,B00EVTF3OO,4.0,1396310400
A81XIM8XFKWX5,B00EVTF3OO,5.0,1394236800
A32QWD5DEY4LDU,B00EVTF3OO,5.0,1395792000
A1POFVVXUZR3IQ,B00EVTF3OO,4.0,1393027200
A1NRMTQ5SZPZA,B00EW3GLLS,5.0,1405468800
A3V2EZ6MA32FF6,B00EW3GLLS,5.0,1405900800
A3IKLTT9JQACCI,B00EW3GLLS,4.0,1404432000
A2RVCF21L2NPU5,B00EW3GLLS,5.0,1405209600
A3VGAP2KLCBNBB,B00EW3GLLS,4.0,1405987200
AYNRALJ4X1COS,B00EW3GLLS,5.0,1405900800
A3HAA7H8PBVM78,B00EW3GLLS,5.0,1405468800
A2ULQOGN59LDNK,B00EW3GLLS,5.0,1404172800
A32QWD5DEY4LDU,B00EW3GLLS,5.0,1403913600
A2H667ZUNLNTF1,B00EW3GLLS,4.0,1404691200
A3FKPBNI7UWQFW,B00EW3GLLS,3.0,1404345600
A2W2E6BPPYZO0T,B00EW3GLLS,4.0,1404259200
A2JXCOUGYS5Y4J,B00EY2706C,5.0,1397606400
A2AYYKD4OODSLY,B00EY2706C,3.0,1395705600
A3F2VVIQIY6U64,B00EY2706C,4.0,1396137600
A2CRIQOX1SYA3I,B00EY2706C,5.0,1395792000
A1TS45JWJVOSSW,B00EY2706C,5.0,1394841600
A2ZB8B7VQONZA6,B00EY2706C,5.0,1396137600
A3BTL4FV6ODKAT,B00EY2706C,5.0,1397520000
AG8E2F0G98ZTB,B00EY2706C,4.0,1395100800
A97H5I4P5PCEM,B00EY2706C,4.0,1396742400
AVQZ0JG8OP8P7,B00EY2706C,4.0,1394496000
A215WH6RUDUCMP,B00EY2706C,3.0,1394150400
A3RTNA9THAU2OP,B00EY2706C,3.0,1397606400
A2065HBMYDXJ1S,B00EY2706C,3.0,1395273600
A2SDRCBPIAXVDW,B00EY2706C,4.0,1397692800
AHQ13I9CI4US6,B00EY2706C,4.0,1393459200
AEVO0UWFCAK02,B00EY2706C,5.0,1394928000
A23TGI02RB7JC,B00EY2706C,5.0,1395273600
A1NIGUK4M2ST8,B00EY2706C,5.0,1394236800
A1WSQ0QRWQC7VI,B00EY2706C,4.0,1396483200
A3FWVV13DJELLV,B00EY2706C,4.0,1397088000
A3LOGP4VA9DX46,B00EY2706C,3.0,1397692800
A3FQZH8PJB535A,B00EY2706C,5.0,1397520000
A3SQQYS79AV13M,B00EY2706C,4.0,1394496000
A1XFI340SHOS5K,B00EY2706C,5.0,1393632000
A3I1BJIFFM4S21,B00EZIXA78,5.0,1391990400
AFTFND8CPQ34M,B00EZIXA78,4.0,1395187200
AYOMAHLWRQHUG,B00EZIXA78,5.0,1390003200
A22S7D0LP8GRDH,B00EZIXA78,5.0,1392768000
A3KCKECEO3E2AN,B00EZIXA78,5.0,1391904000
AJQDIT55SZ3ZX,B00EZIXA78,5.0,1389225600
A3C2JQC6R2K52C,B00EZIXA78,5.0,1389484800
A2KFWHHUFVKFXZ,B00EZIXA78,5.0,1388707200
A1KDM0N4UCEPHA,B00EZIXA78,5.0,1391472000
AT28RL25Q2OLK,B00EZIXA78,4.0,1390953600
A28UMA3GW9L124,B00EZIXA78,4.0,1392768000
A35Y0RSU09ANEN,B00EZIXA78,5.0,1399420800
A1JOANG98KBFKU,B00EZIXA78,4.0,1392595200
A1FXY0GUFHEI59,B00EZIXA78,5.0,1388361600
A1GNYV0RA0EQSS,B00EZIXA78,5.0,1390521600
A58F10T4OE58C,B00EZIXA78,5.0,1390953600
ABYLSNI0MGXZB,B00EZIXA78,4.0,1391299200
A13Z96HR8EEF24,B00EZIXA78,4.0,1388448000
A20L63B48RPSOH,B00EZIXA78,4.0,1392854400
A1II2ZRPKZAQQD,B00F3LV89S,5.0,1388534400
A2TXMYYGSZCSZ1,B00F3LV89S,4.0,1386979200
A2D7B5I7ZQ51XL,B00F3LV89S,4.0,1389744000
A4GI4654JA8NK,B00F3LV89S,3.0,1389830400
ARSQ2F9U315WG,B00F3LV89S,3.0,1390694400
A2QX49LS3Y3ANI,B00F3LV89S,4.0,1386547200
AY3D7DG5L5WCK,B00F3LV89S,5.0,1387843200
AGFGY4EJ37VS2,B00F3LV89S,5.0,1385769600
A1O2QIQK2OR5TC,B00F3LV89S,5.0,1387411200
A1I2U8NT5J6P1N,B00F3LV89S,4.0,1389571200
A3QDDEW6RXVEAY,B00F3LV89S,5.0,1387497600
A3QBCX2QMKJ7AH,B00F3LV89S,5.0,1389657600
AK1WNXTHNCG5V,B00F3LV89S,5.0,1386720000
AC04O7AYHEKJ5,B00F3LV89S,5.0,1386720000
A12E0Y0J6584RT,B00F3LV89S,5.0,1388188800
A3FQZH8PJB535A,B00F3LV89S,4.0,1389830400
A39H1GO9E3YQIB,B00F5Y4AH0,4.0,1395100800
A2V9DTXTQ5YIMK,B00F5Y4AH0,2.0,1395014400
A2K75QOCP9ZHSL,B00F5Y4AH0,4.0,1403136000
AZA55FJD7CCZN,B00F5Y4AH0,3.0,1397088000
A1DO6DKWF3CMBD,B00F5Y4AH0,4.0,1396483200
A2HC9549CZAKNN,B00F5Y4AH0,3.0,1396310400
A39BGN8JA7CIFX,B00F5Y4AH0,3.0,1396915200
A3JPFWKS83R49V,B00F5Y4AH0,3.0,1396396800
AIP0VIGQWIW90,B00F5Y4AH0,4.0,1397001600
AYOMAHLWRQHUG,B00F5Y4AH0,3.0,1395014400
A3G2PUQ455XMXJ,B00F5Y4AH0,4.0,1394064000
AG8E2F0G98ZTB,B00F5Y4AH0,3.0,1395100800
A3PE884TA8529G,B00F5Y4AH0,3.0,1397433600
AVFJ327UXPXLF,B00F5Y4AH0,5.0,1396656000
A3BKNXX8QFIXIV,B00F5Y4AH0,4.0,1394064000
A1DSRM2P0WGQNS,B00F5Y4AH0,3.0,1397606400
A6VSWJVTWEOII,B00F5Y4AH0,3.0,1397606400
A2HELIKP5RV27F,B00F5Y4AH0,2.0,1397520000
A3QBCX2QMKJ7AH,B00F5Y4AH0,4.0,1397692800
AGEKVD8JPZQMT,B00F5Y4AH0,3.0,1394150400
A1PTBXZG04GT29,B00F5Y4AH0,5.0,1391472000
A231LBC8EGPO5L,B00F5Y4AH0,3.0,1393286400
ALDAF4VVLFRHP,B00F5Y4AH0,5.0,1394236800
A1JOANG98KBFKU,B00F5Y4AH0,1.0,1394841600
A3PIW7ZF4C5ZJL,B00F5Y4AH0,3.0,1396310400
AAU0G40ZN5RIL,B00F5Y4AH0,4.0,1393632000
AD34TCPEP7P84,B00F5Y4AH0,3.0,1397692800
A2WW57XX2UVLM6,B00F5Y4AH0,4.0,1393718400
A25QJBK33C4O0R,B00F5Y4AH0,3.0,1393632000
A1NN8Q1DLAYPGH,B00F5Y4AH0,4.0,1395360000
A2GRDQJ4Z7053K,B00F5Y4AKC,5.0,1393804800
A3LWC833HQIG7J,B00F5Y4AKC,4.0,1396569600
A3JPFWKS83R49V,B00F5Y4AKC,3.0,1397001600
A2RX62V4E2BF5Z,B00F5Y4AKC,3.0,1394755200
A10Z8FC0SMU5VQ,B00F5Y4AKC,5.0,1393804800
A1BKJNAWJT2TG2,B00F5Y4AKC,3.0,1395187200
A14UOOROH3XRQ9,B00F5Y4AKC,5.0,1395273600
AKMEY1BSHSDG7,B00F5Y4AKC,5.0,1394582400
A1NQK5MH9GTJ6S,B00F5Y4AKC,3.0,1395705600
A2VJJ2POCLMED7,B00F5Y4AKC,2.0,1397606400
ABLV9L4MQO7ER,B00F5Y4AKC,4.0,1397606400
A3QBCX2QMKJ7AH,B00F5Y4AKC,5.0,1397692800
ADFLBRY00Y70G,B00F5Y4AKC,4.0,1394409600
ALGI34BYWIXZG,B00F5Y4AKC,4.0,1397779200
A2YV6F6DLENNTM,B00F5Y4AKC,4.0,1394323200
A231LBC8EGPO5L,B00F5Y4AKC,4.0,1393804800
A2B3A8NQIHITO8,B00F5Y4AKC,5.0,1397260800
A1R8TTMXVXEI6H,B00F5Y4AKC,3.0,1397088000
A1NC9AGZOBI0M1,B00F5Y4AKC,3.0,1398297600
A2OOZZDSOHG4UY,B00F5Y4AKC,5.0,1398211200
A3VS2RYRGDW4HS,B00F5Y4AKC,3.0,1397692800
AUV0EFKWA46TX,B00F5Y4AKC,5.0,1393891200
A30QAOLNZ4415R,B00F5Y4AKC,3.0,1397692800
A2WW57XX2UVLM6,B00F5Y4AKC,5.0,1393718400
A19JDXB5R33C7R,B00F5Y4AKC,4.0,1397260800
A319Y83RT0MRVR,B00F6N0CY0,4.0,1404604800
A2RVCF21L2NPU5,B00F6N0CY0,5.0,1405209600
A1BKJNAWJT2TG2,B00F6N0CY0,4.0,1404172800
AO1Z0TQWCRGL4,B00F6N0CY0,4.0,1403568000
A361U4SXK7FCQE,B00F6N0CY0,4.0,1405123200
A1EMN4T3ROJDOO,B00F6N0CY0,5.0,1404432000
ATANE2SC44592,B00F6N0CY0,4.0,1404777600
AOEUN9718KVRD,B00F6N0CY0,2.0,1405814400
AC04O7AYHEKJ5,B00F6N0CY0,5.0,1405382400
A1FXY0GUFHEI59,B00F6N0CY0,4.0,1403568000
A2KWE2ZM1EEBGJ,B00F6N0CY0,4.0,1405814400
A3QD59N3M7O7KB,B00F6N0CY0,2.0,1403568000
A319Y83RT0MRVR,B00F6N0G50,4.0,1389571200
A3EK2KTYHJCPB9,B00F6N0G50,3.0,1388966400
A3E0CV9614GQJV,B00F6N0G50,3.0,1389830400
A2974R9BTPZPOJ,B00F6N0G50,3.0,1395273600
A336FE20YZZL3A,B00F6N0G50,1.0,1393977600
A1KGWUYXUBEMB2,B00F6N0G50,1.0,1393718400
A2BVNVJOFXGZUB,B00F6N0G50,4.0,1392768000
A1IH7O6EL7SNBD,B00F6N0G50,3.0,1389657600
A33HIV8RXRDM88,B00F6N0G50,3.0,1395187200
A1QT3N5FUQ4I47,B00F6N0G50,3.0,1395100800
A9NXTC0HTPSDO,B00F6N0G50,4.0,1392163200
AOEUN9718KVRD,B00F6N0G50,2.0,1391126400
A3PPXVR5J6U2JD,B00F6N0G50,3.0,1390003200
A3K8AU6BAGN60E,B00F6N0G50,3.0,1393545600
AX7317G153T8W,B00F6N0G50,4.0,1392854400
A2IJ54FX1L83WK,B00F6N0G50,3.0,1390867200
A3LGT6UZL99IW1,B00F6N0G50,5.0,1391212800
A1MBFUV5DZNEZQ,B00F6N0G50,1.0,1389484800
A527VID8R4K67,B00F6N0G50,3.0,1392854400
A1GUN2J1FDYNF3,B00F6N0G50,4.0,1391299200
A2T04VAIXSKJH2,B00F6N0G50,4.0,1392854400
A2WFZWRYWLC20S,B00F6N0G50,3.0,1395187200
A3K91X9X2ARDOK,B00F6N0G50,3.0,1391040000
ANRD6B90QL0FF,B00F6N0G50,4.0,1389398400
A32QWD5DEY4LDU,B00F6N0G50,4.0,1392681600
A19JDXB5R33C7R,B00F6N0G50,3.0,1389657600
A2W2E6BPPYZO0T,B00F6N0G50,3.0,1392854400
A2RW587355CMVA,B00F6N0MB8,5.0,1395187200
A2GRDQJ4Z7053K,B00F6N0MB8,5.0,1391990400
A279FUL12R7MBD,B00F6N0MB8,5.0,1390435200
A2RX62V4E2BF5Z,B00F6N0MB8,5.0,1392076800
A353U0L2HAMSHV,B00F6N0MB8,4.0,1392854400
A1IBKN1GXYJ3K4,B00F6N0MB8,3.0,1394150400
A2PU5IDX61XJ7A,B00F6N0MB8,5.0,1391212800
A2FWZ58M6IQMD7,B00F6N0MB8,4.0,1391644800
A2974R9BTPZPOJ,B00F6N0MB8,5.0,1392854400
A2KIVODZRTGY4U,B00F6N0MB8,5.0,1392508800
A3F43PAJZLOE3I,B00F6N0MB8,5.0,1390867200
AA8F2HV4DPV2T,B00F6N0MB8,4.0,1393459200
A3H5QGH5OD2XGX,B00F6N0MB8,4.0,1389484800
A3T7XVG3AXJF61,B00F6N0MB8,5.0,1393891200
AP8D74QD9LUUL,B00F6N0MB8,5.0,1391040000
ALLHJD3KZF9KC,B00F6N0MB8,5.0,1392854400
A5BJMAHZWGJ7N,B00F6N0MB8,4.0,1389398400
AVJJ2D4G5I0Z4,B00F6N0MB8,3.0,1388880000
A2C264HY1HHZVX,B00F6N0MB8,4.0,1393459200
AQZ4PHIEEV5N5,B00F6N0MB8,5.0,1392768000
A1AHAETTCFARPJ,B00F6N0MB8,5.0,1389744000
A3HPCRD9RX351S,B00F6N0MB8,4.0,1389657600
A33VI944SO2YCN,B00F6N0MB8,4.0,1391817600
A2WFZWRYWLC20S,B00F6N0MB8,4.0,1392163200
AIPVKMLXTO6H9,B00F6N0MB8,5.0,1389312000
A3JLOIXFM75QNV,B00F6N0MB8,5.0,1392163200
A39H1GO9E3YQIB,B00F6N0MGI,4.0,1391817600
A319Y83RT0MRVR,B00F6N0MGI,4.0,1392768000
AQB4DH57MSZSC,B00F6N0MGI,5.0,1392854400
A3IKLTT9JQACCI,B00F6N0MGI,4.0,1392940800
A3JPFWKS83R49V,B00F6N0MGI,3.0,1390867200
ALNFHVS3SC4FV,B00F6N0MGI,4.0,1391817600
A2OJCTT5WLB2HR,B00F6N0MGI,5.0,1391126400
A2ME89MSWVG9NF,B00F6N0MGI,4.0,1390867200
A2BN9DIBP9A0XG,B00F6N0MGI,3.0,1392854400
A2TVH2OBNXYXHV,B00F6N0MGI,4.0,1391472000
A3USZS8Q4GOKGE,B00F6N0MGI,5.0,1389052800
A17V2N0N8CXSA9,B00F6N0MGI,5.0,1391731200
A1KGWUYXUBEMB2,B00F6N0MGI,4.0,1393718400
A24RCBRDXRXR0Y,B00F6N0MGI,4.0,1393632000
AZ515FFZ7I2P7,B00F6N0MGI,5.0,1395878400
A1SB9BNNGKNX2Z,B00F6N0MGI,5.0,1393286400
A1F5O1USOUOOXI,B00F6N0MGI,4.0,1394928000
AYNRALJ4X1COS,B00F6N0MGI,5.0,1392854400
A34UVV757IKPVB,B00F6N0MGI,4.0,1392249600
A2PM5Z249OVPEN,B00F6N0MGI,5.0,1390348800
A22B13EJTZKCTM,B00F6N0MGI,3.0,1390867200
AEVO0UWFCAK02,B00F6N0MGI,5.0,1392422400
A3T7XVG3AXJF61,B00F6N0MGI,4.0,1392768000
A1QT3N5FUQ4I47,B00F6N0MGI,4.0,1392681600
AP8D74QD9LUUL,B00F6N0MGI,4.0,1390176000
A26SO3TOT2TLJE,B00F6N0MGI,3.0,1389312000
AHRNDSKWH1YBT,B00F6N0MGI,4.0,1395273600
A3QEIVO8AB3YMU,B00F6N0MGI,3.0,1393200000
A1QBOC76MIOJYP,B00F6N0MGI,5.0,1392854400
A1LG1DKUZXGJ6J,B00F6N0MGI,4.0,1391212800
A3415H58HNGQFV,B00F6N0MGI,3.0,1392163200
A2TBAUW2W7J538,B00F6N0MGI,3.0,1394150400
A2XSY4L7GDHV4W,B00F6N0MGI,5.0,1390780800
A3CHIF3EHXCLA5,B00F6N0MGI,4.0,1392854400
A29VG90T649CSU,B00F6N0MGI,4.0,1394841600
A24ZMNWTW8AQUR,B00F6N0MGI,5.0,1392681600
AUV0EFKWA46TX,B00F6N0MGI,3.0,1388880000
A1GNYV0RA0EQSS,B00F6N0MGI,4.0,1392681600
ASY25YMTIC2A9,B00F6N0MGI,4.0,1391731200
A2Q8GFSEUSGJ51,B00F6N0MGI,3.0,1389139200
A32QWD5DEY4LDU,B00F6N0MGI,2.0,1392681600
A2YEOR4XJ8N3QE,B00F6N0MGI,3.0,1391126400
A39D7ONPOORMUT,B00F6N0MGI,5.0,1393804800
AVHN134ADVP4R,B00FAQVVUC,4.0,1394755200
A3DIS5O83SQJWW,B00FAQVVUC,2.0,1393891200
A1II2ZRPKZAQQD,B00FAQVVUC,4.0,1398643200
A38YS1DNHC3CVC,B00FAQVVUC,3.0,1394582400
A3U4GW06XNSI2Q,B00FAQVVUC,3.0,1395619200
A36BQWQPYU6FRM,B00FAQVVUC,4.0,1393459200
A2ME89MSWVG9NF,B00FAQVVUC,3.0,1394841600
A2RME4353Y911C,B00FAQVVUC,3.0,1395360000
A17771LTRWSKQ5,B00FAQVVUC,5.0,1395273600
AJ3K3HKR9UFVN,B00FAQVVUC,3.0,1396742400
AGFGY4EJ37VS2,B00FAQVVUC,4.0,1393891200
AOI2MD752ZWFU,B00FAQVVUC,2.0,1395100800
A3K4AJLVHAH4OZ,B00FAQVVUC,2.0,1394582400
A1FJFLAAQD5WH2,B00FAQVVUC,5.0,1395273600
A2VHCA21QKNEKE,B00FAQVVUC,2.0,1395360000
A1UQUDT2Q0YENM,B00FAQVVUC,4.0,1396828800
AT1RF4WNPGGLC,B00FAQVVUC,5.0,1396396800
A1WSQ0QRWQC7VI,B00FAQVVUC,4.0,1397088000
A1LG1DKUZXGJ6J,B00FAQVVUC,4.0,1393718400
A3415H58HNGQFV,B00FAQVVUC,5.0,1395878400
A2JVBJUU2DL0WA,B00FAQVVUC,4.0,1397692800
A527VID8R4K67,B00FAQVVUC,1.0,1402272000
AMKPSJXCQZVW9,B00FAQVVUC,5.0,1394496000
AFG4HIHMX312C,B00FAQVVUC,3.0,1397779200
A1M0OSCFOAMAZO,B00FAQVVUC,5.0,1395532800
A3SQQYS79AV13M,B00FAQVVUC,3.0,1394496000
A2SD1Z4OROY538,B00FAQVVUC,3.0,1397520000
ANRD6B90QL0FF,B00FAQVVUC,3.0,1396483200
A2RIAXGSBP65BJ,B00FAQVVVQ,2.0,1397692800
A2ZPZM9RE08JXF,B00FAQVVVQ,5.0,1395878400
A38YS1DNHC3CVC,B00FAQVVVQ,3.0,1394582400
AW5JSQCHC2ZJO,B00FAQVVVQ,4.0,1395705600
A3I9XZGYARBLS4,B00FAQVVVQ,5.0,1398297600
A1ZTE3K3EN4TS3,B00FAQVVVQ,4.0,1393804800
AQ9JTZBF30IW0,B00FAQVVVQ,4.0,1400803200
A2GA2SO3YK6CXI,B00FAQVVVQ,5.0,1395273600
A24RCBRDXRXR0Y,B00FAQVVVQ,3.0,1399075200
A3RTNA9THAU2OP,B00FAQVVVQ,4.0,1400025600
A244CRJ2QSVLZ4,B00FAQVVVQ,5.0,1396569600
A1NQK5MH9GTJ6S,B00FAQVVVQ,5.0,1393286400
A3BAE79NXFDXGV,B00FAQVVVQ,4.0,1396396800
A2X7NBUETXC19E,B00FAQVVVQ,4.0,1395792000
A23WE733QT4WGJ,B00FAQVVVQ,4.0,1397001600
A2QDOJFFLFGF18,B00FAQVVVQ,5.0,1400112000
A3415H58HNGQFV,B00FAQVVVQ,5.0,1397174400
A1RF9YK4BK5TRH,B00FAQVVVQ,3.0,1400112000
AYNTULRNAIPNY,B00FAQVVVQ,1.0,1396742400
A1MBFUV5DZNEZQ,B00FAQVVVQ,4.0,1397433600
A11OBEH2ZCVAHX,B00FAQVVVQ,3.0,1395100800
A58F10T4OE58C,B00FAQVVVQ,3.0,1398470400
A19YOYY7FLQMA6,B00FAQVVVQ,5.0,1396915200
AXVKMYWNIHK7W,B00FAQVVVQ,3.0,1397692800
A2V0I904FH7ABY,B00FAQVVVQ,3.0,1395014400
A2D4FQHV506EPB,B00FAQVVWA,5.0,1396396800
A2AYYKD4OODSLY,B00FAQVVWA,3.0,1395705600
A1ZTE3K3EN4TS3,B00FAQVVWA,4.0,1393804800
AMRZ5G7HF7I03,B00FAQVVWA,3.0,1394323200
A2974R9BTPZPOJ,B00FAQVVWA,4.0,1395273600
A2ME89MSWVG9NF,B00FAQVVWA,4.0,1393804800
A26DQMYF5E0GL6,B00FAQVVWA,2.0,1394668800
A1KGWUYXUBEMB2,B00FAQVVWA,4.0,1397692800
A2BFIYZYNK54QX,B00FAQVVWA,4.0,1396137600
AXUJFOFQZNTN,B00FAQVVWA,2.0,1393891200
A2QETZZ5EKH5RQ,B00FAQVVWA,4.0,1394236800
A2RKI7RPP5CJMG,B00FAQVVWA,3.0,1394496000
AVJJ2D4G5I0Z4,B00FAQVVWA,3.0,1393891200
A3212H6SF9W1LV,B00FAQVVWA,3.0,1394668800
A3LN4AOPBIUQWR,B00FAQVVWA,3.0,1395014400
AZMISC9FAUBIR,B00FAQVVWA,4.0,1393977600
AMKPSJXCQZVW9,B00FAQVVWA,5.0,1393372800
A24ZMNWTW8AQUR,B00FAQVVWA,4.0,1395705600
A2BZ16RKE13PKV,B00FAQVVWA,5.0,1397692800
A19GJX6TTSK0C0,B00FAQVVWA,3.0,1396483200
A2Z2FATA8JNL54,B00FAQVVWA,3.0,1395273600
A1VLVWTLV3LVHR,B00FAQVVWA,5.0,1397347200
AIVZMEFEAGF3,B00FAQVVWA,4.0,1397865600
A1QR76SYGTXJN5,B00FAQVY40,3.0,1396224000
A1WP940JZL83T7,B00FAQVY40,3.0,1394064000
A38YS1DNHC3CVC,B00FAQVY40,3.0,1393891200
A1BMG34CO5CMZ5,B00FAQVY40,3.0,1397606400
A4GI4654JA8NK,B00FAQVY40,2.0,1397692800
A2877AOHJFZI0E,B00FAQVY40,3.0,1395014400
AIP0VIGQWIW90,B00FAQVY40,3.0,1397001600
A2GA2SO3YK6CXI,B00FAQVY40,5.0,1393891200
A2W4014S06NAIT,B00FAQVY40,3.0,1397779200
AGFGY4EJ37VS2,B00FAQVY40,3.0,1393891200
A1F5O1USOUOOXI,B00FAQVY40,5.0,1394928000
ABQWMANK4AR63,B00FAQVY40,2.0,1393718400
A3V6QSTG2T9MIO,B00FAQVY40,2.0,1397692800
A1RR36YKJB917S,B00FAQVY40,4.0,1396915200
A3U41ZL33SS92P,B00FAQVY40,4.0,1395964800
A267FU71Z01CIH,B00FAQVY40,3.0,1396137600
A2QDOJFFLFGF18,B00FAQVY40,3.0,1397692800
A3FWVV13DJELLV,B00FAQVY40,3.0,1397088000
A3415H58HNGQFV,B00FAQVY40,2.0,1394928000
A2JVBJUU2DL0WA,B00FAQVY40,4.0,1395273600
AX7317G153T8W,B00FAQVY40,4.0,1394582400
A1RF9YK4BK5TRH,B00FAQVY40,3.0,1397692800
ASY25YMTIC2A9,B00FAQVY40,2.0,1396483200
A2Q8GFSEUSGJ51,B00FAQVY40,3.0,1393718400
ATLZNVLYKP9AZ,B00FAQVY40,4.0,1397692800
A3IMK08UX0I46A,B00FAQVY40,4.0,1397606400
A2SPV96SGOEO2,B00FAQVY4U,5.0,1400112000
AFEYHFH2GH0QZ,B00FAQVY4U,2.0,1399852800
A1F7YU6O5RU432,B00FAQVY4U,4.0,1401494400
A1486KL0IOM7VM,B00FAQVY4U,2.0,1397692800
A38YS1DNHC3CVC,B00FAQVY4U,4.0,1394582400
A3I9XZGYARBLS4,B00FAQVY4U,5.0,1398297600
A3NHUQ33CFH3VM,B00FAQVY4U,2.0,1398384000
ALNFHVS3SC4FV,B00FAQVY4U,2.0,1400716800
A10ZBR6O8S8OCY,B00FAQVY4U,3.0,1399075200
ACJT8MUC0LRF0,B00FAQVY4U,4.0,1398729600
AQ9JTZBF30IW0,B00FAQVY4U,4.0,1400803200
A2LW5AL0KQ9P1M,B00FAQVY4U,3.0,1401235200
A36MP37DITBU6F,B00FAQVY4U,3.0,1398297600
A3FOSLM5G1BO63,B00FAQVY4U,4.0,1403049600
A2ZB8B7VQONZA6,B00FAQVY4U,4.0,1396137600
A3BTL4FV6ODKAT,B00FAQVY4U,3.0,1397347200
A2503LT8PZIHAD,B00FAQVY4U,3.0,1398729600
A2P739KOM4U5JB,B00FAQVY4U,3.0,1402531200
ALYZJ7W14YS26,B00FAQVY4U,3.0,1399248000
A24RCBRDXRXR0Y,B00FAQVY4U,3.0,1399766400
A3RTNA9THAU2OP,B00FAQVY4U,4.0,1397606400
A1SB9BNNGKNX2Z,B00FAQVY4U,4.0,1401062400
A3BAE79NXFDXGV,B00FAQVY4U,4.0,1395619200
A27H9DOUGY9FOS,B00FAQVY4U,3.0,1402531200
A2ECM9HLMC242H,B00FAQVY4U,2.0,1397779200
A3FWVV13DJELLV,B00FAQVY4U,4.0,1402185600
AT28RL25Q2OLK,B00FAQVY4U,3.0,1399075200
A2ZKQC0XCIIAEM,B00FAQVY4U,5.0,1399939200
A3R5GTYQ50QVMD,B00FAQVY4U,4.0,1398556800
A2068BC3ZXAVJQ,B00FAQVY4U,4.0,1401408000
A1ITRGMT80D5TK,B00FAQVY4U,3.0,1399075200
ANRD6B90QL0FF,B00FAQVY4U,3.0,1395187200
AVHN134ADVP4R,B00FAQVY5E,5.0,1394755200
A1WP940JZL83T7,B00FAQVY5E,5.0,1393459200
A1NRMTQ5SZPZA,B00FAQVY5E,5.0,1398902400
A21YYC2SYN5NDY,B00FAQVY5E,4.0,1395878400
A2LAS014NSRW72,B00FAQVY5E,5.0,1394755200
A1IDAKX7OM3QIE,B00FAQVY5E,5.0,1394150400
A2TXMYYGSZCSZ1,B00FAQVY5E,5.0,1397260800
AQB4DH57MSZSC,B00FAQVY5E,5.0,1397692800
A38YS1DNHC3CVC,B00FAQVY5E,5.0,1394582400
A1HYH206E18XVC,B00FAQVY5E,4.0,1399766400
A3IKLTT9JQACCI,B00FAQVY5E,5.0,1398211200
A4GI4654JA8NK,B00FAQVY5E,5.0,1395878400
A25HYPL2XKQPZB,B00FAQVY5E,5.0,1397606400
AG2YXYIQ8TLTA,B00FAQVY5E,3.0,1397606400
A14Z0Q1DU6CBJJ,B00FAQVY5E,5.0,1394150400
AAJIGWE242MSN,B00FAQVY5E,4.0,1397692800
AMS2CPERWN7JV,B00FAQVY5E,5.0,1397606400
A1RTSVWEXMKAR1,B00FAQVY5E,5.0,1397606400
ATJE929ETFFNH,B00FAQVY5E,5.0,1395619200
ADJ0G262H54GP,B00FAQVY5E,5.0,1396396800
A2MOD50IHEDH3G,B00FAQVY5E,5.0,1396742400
AYNNJ0DBGL5H7,B00FAQVY5E,5.0,1397606400
A3CU0QL4C4LAA8,B00FAQVY5E,4.0,1395446400
A1P0JSFW184ZXJ,B00FAQVY5E,5.0,1396569600
AZ515FFZ7I2P7,B00FAQVY5E,5.0,1400112000
A1NQK5MH9GTJ6S,B00FAQVY5E,4.0,1395705600
AYB4ELCS5AM8P,B00FAQVY5E,5.0,1397692800
A13BX9O5UDBILC,B00FAQVY5E,4.0,1394582400
A361U4SXK7FCQE,B00FAQVY5E,5.0,1400025600
A3U41ZL33SS92P,B00FAQVY5E,5.0,1399852800
A3FMPT5IH0CJ50,B00FAQVY5E,5.0,1395014400
A2ECM9HLMC242H,B00FAQVY5E,3.0,1400025600
A3PPXVR5J6U2JD,B00FAQVY5E,5.0,1394496000
AT1RF4WNPGGLC,B00FAQVY5E,5.0,1395014400
A3QEIVO8AB3YMU,B00FAQVY5E,5.0,1395792000
A1XVF5DU3N05OM,B00FAQVY5E,4.0,1397692800
A1Z7Y2GMAP9SRY,B00FAQVY5E,4.0,1393632000
A17C7XZHFOS12W,B00FAQVY5E,4.0,1395273600
A1D1IDI5S9TN9D,B00FAQVY5E,5.0,1396915200
A527VID8R4K67,B00FAQVY5E,5.0,1402272000
A344N0X5LIV43M,B00FAQVY5E,4.0,1395273600
A2RN2AO4BE6F4K,B00FAQVY5E,5.0,1397865600
A58F10T4OE58C,B00FAQVY5E,5.0,1394755200
A33VI944SO2YCN,B00FAQVY5E,5.0,1396310400
A2I4A4WGWII18Z,B00FAQVY5E,5.0,1394668800
A2WFZWRYWLC20S,B00FAQVY5E,5.0,1397606400
ATLZNVLYKP9AZ,B00FAQVY5E,5.0,1400112000
A156P4FPL8OGXB,B00FAQVY5E,5.0,1399161600
A3MUSWDCTZINQZ,B00FAQVY5E,4.0,1398297600
A19JDXB5R33C7R,B00FAQVY5E,5.0,1397260800
A2ECTCPBTOGW4H,B00FAQVY5O,4.0,1397692800
A2ZO5SU0ESSB1N,B00FAQVY5O,4.0,1393718400
A3G5MOHY1U635N,B00FAQVY5O,3.0,1394582400
A3IKLTT9JQACCI,B00FAQVY5O,4.0,1394150400
A2HOLM5I1ARX9J,B00FAQVY5O,2.0,1396137600
A17437N1L775IJ,B00FAQVY5O,4.0,1393891200
A11B61QBGHLQDN,B00FAQVY5O,4.0,1396051200
ATQ22E6YAUNXP,B00FAQVY5O,4.0,1393459200
A2BN9DIBP9A0XG,B00FAQVY5O,3.0,1396569600
A2IMZNPSJGB2HQ,B00FAQVY5O,3.0,1400112000
A2TS040W2FW5O,B00FAQVY5O,3.0,1397692800
A2E3NAL9ECE7VS,B00FAQVY5O,2.0,1396224000
A4EUL79IT6AUP,B00FAQVY5O,2.0,1396224000
A2ZJPDH0YP90SD,B00FAQVY5O,3.0,1393372800
A3PE884TA8529G,B00FAQVY5O,3.0,1397520000
A13BX9O5UDBILC,B00FAQVY5O,3.0,1393459200
AEVO0UWFCAK02,B00FAQVY5O,4.0,1394841600
A3TWBW1B17R151,B00FAQVY5O,5.0,1393718400
A3FMPT5IH0CJ50,B00FAQVY5O,5.0,1395014400
A1UUI7PFQ5FU4E,B00FAQVY5O,2.0,1394928000
A2CZ98V784SRJ0,B00FAQVY5O,5.0,1395273600
A1WBEIH7Z37LN9,B00FAQVY5O,2.0,1397692800
ALLHJD3KZF9KC,B00FAQVY5O,1.0,1397347200
AFHYEO3Y1IIDD,B00FAQVY5O,3.0,1396396800
A27BKXQAR305QL,B00FAQVY5O,4.0,1395187200
A1VTBADV3JS1EC,B00FAQVY5O,4.0,1397520000
A2RN2AO4BE6F4K,B00FAQVY5O,4.0,1395100800
AZKGCE3LNX7WB,B00FAQVY5O,5.0,1398297600
A2XFM8PN6G0B02,B00FAQVY5O,5.0,1398297600
A1IA0O3OYQO9LV,B00FAQVY5O,2.0,1393372800
A19JDXB5R33C7R,B00FAQVY5O,3.0,1397260800
A2DURJRPTPKUZS,B00FAQW0MK,3.0,1394150400
A2LAS014NSRW72,B00FAQW0MK,3.0,1397692800
A2ZPZM9RE08JXF,B00FAQW0MK,3.0,1395878400
A2AYYKD4OODSLY,B00FAQW0MK,3.0,1395705600
A38YS1DNHC3CVC,B00FAQW0MK,3.0,1393632000
A2IG937LQKWO7C,B00FAQW0MK,5.0,1397433600
A19FRW264WZTGP,B00FAQW0MK,4.0,1393718400
ALQY22U9JTNCQ,B00FAQW0MK,4.0,1397692800
A2UYWE97KME0M,B00FAQW0MK,2.0,1395792000
A1I7QGUDP043DG,B00FAQW0MK,5.0,1395273600
ALNFHVS3SC4FV,B00FAQW0MK,5.0,1395360000
A2ME89MSWVG9NF,B00FAQW0MK,3.0,1393372800
A2W4014S06NAIT,B00FAQW0MK,3.0,1397779200
A1KGWUYXUBEMB2,B00FAQW0MK,2.0,1397692800
A2065HBMYDXJ1S,B00FAQW0MK,4.0,1395273600
AVFJ327UXPXLF,B00FAQW0MK,4.0,1396656000
AWH2AY17ZU7W2,B00FAQW0MK,3.0,1396051200
A8KM4YOB8FGGH,B00FAQW0MK,4.0,1397692800
A3BH63GKL7MQ2K,B00FAQW0MK,4.0,1395273600
A33HIV8RXRDM88,B00FAQW0MK,4.0,1397692800
A1FJFLAAQD5WH2,B00FAQW0MK,3.0,1394755200
A22IDP8YERZ79X,B00FAQW0MK,5.0,1395878400
A3QEIVO8AB3YMU,B00FAQW0MK,4.0,1396656000
A1PTBXZG04GT29,B00FAQW0MK,4.0,1392422400
A2TBAUW2W7J538,B00FAQW0MK,4.0,1396224000
A344N0X5LIV43M,B00FAQW0MK,2.0,1395273600
AGFW667QNHDOY,B00FAQW0MK,3.0,1394323200
A33VI944SO2YCN,B00FAQW0MK,4.0,1397347200
A2Q8GFSEUSGJ51,B00FAQW0MK,3.0,1393977600
A384HAQMS7XRZ4,B00FAQW0MK,3.0,1393372800
AVHN134ADVP4R,B00FAQW0N4,4.0,1394841600
A19D3N662QS9WD,B00FAQW0N4,4.0,1404691200
A2LAS014NSRW72,B00FAQW0N4,2.0,1396569600
AYUF7YETYOLNX,B00FAQW0N4,1.0,1395964800
AIP0VIGQWIW90,B00FAQW0N4,3.0,1396483200
ALNFHVS3SC4FV,B00FAQW0N4,5.0,1395360000
AMS2CPERWN7JV,B00FAQW0N4,4.0,1397606400
A375NF45A1MDWI,B00FAQW0N4,4.0,1393632000
A2507ZYWGMY9BK,B00FAQW0N4,3.0,1393891200
AYNNJ0DBGL5H7,B00FAQW0N4,5.0,1397606400
AGFGY4EJ37VS2,B00FAQW0N4,4.0,1393286400
A3BAE79NXFDXGV,B00FAQW0N4,4.0,1395619200
A2561PYW9TTMYD,B00FAQW0N4,3.0,1397779200
A23TGI02RB7JC,B00FAQW0N4,5.0,1398211200
A2VHCA21QKNEKE,B00FAQW0N4,2.0,1395360000
AHRNDSKWH1YBT,B00FAQW0N4,2.0,1397692800
A3PPXVR5J6U2JD,B00FAQW0N4,3.0,1394496000
A3415H58HNGQFV,B00FAQW0N4,3.0,1397174400
AC04O7AYHEKJ5,B00FAQW0N4,5.0,1395619200
A3PIW7ZF4C5ZJL,B00FAQW0N4,3.0,1397692800
A11OBEH2ZCVAHX,B00FAQW0N4,4.0,1395273600
A3VS2RYRGDW4HS,B00FAQW0N4,3.0,1397692800
AB0TLNLNOAGY4,B00FAQW0N4,2.0,1397692800
AUCXT9K30SHYF,B00FAQW0N4,4.0,1394755200
AFYQ9V4XBVCJ1,B00FAQW0N4,4.0,1393891200
A23RQRX7LO7NG8,B00FAQW0N4,4.0,1397692800
ANRD6B90QL0FF,B00FAQW0N4,5.0,1395187200
A39H1GO9E3YQIB,B00FAQW0NO,4.0,1395100800
A1QG13XG3EO2CX,B00FAQW0NO,5.0,1396915200
A1IDAKX7OM3QIE,B00FAQW0NO,4.0,1396828800
A17437N1L775IJ,B00FAQW0NO,4.0,1395273600
A2K89R0B20LYHB,B00FAQW0NO,4.0,1396915200
A2W4014S06NAIT,B00FAQW0NO,3.0,1397779200
A2IMZNPSJGB2HQ,B00FAQW0NO,5.0,1400112000
A1V3PCKVCJ3TTZ,B00FAQW0NO,4.0,1394236800
A9NFFAZF3LIB2,B00FAQW0NO,3.0,1394496000
AVFJ327UXPXLF,B00FAQW0NO,3.0,1396656000
AGFGY4EJ37VS2,B00FAQW0NO,4.0,1395273600
A26EQ8U96JA92T,B00FAQW0NO,4.0,1396656000
A2PM5Z249OVPEN,B00FAQW0NO,5.0,1395100800
A20A523DFHLRBT,B00FAQW0NO,5.0,1395273600
AC04O7AYHEKJ5,B00FAQW0NO,5.0,1395273600
A1RDHBBZE1NPS3,B00FAQW0NO,4.0,1397692800
A1MBFUV5DZNEZQ,B00FAQW0NO,5.0,1394236800
A9XX8OHS2ZQ2X,B00FAQW0NO,4.0,1397001600
A2KWE2ZM1EEBGJ,B00FAQW0NO,3.0,1395273600
A2VWE5SGNDS8HW,B00FAQW0NO,4.0,1394409600
A13Z96HR8EEF24,B00FAQW0NO,4.0,1394323200
A384HAQMS7XRZ4,B00FAQW0NO,4.0,1393372800
A1QG13XG3EO2CX,B00FAQW0PC,5.0,1395878400
AL3MFYSK9HKCL,B00FAQW0PC,4.0,1396828800
A36S5U0QOWMOSX,B00FAQW0PC,5.0,1398297600
A3G2PUQ455XMXJ,B00FAQW0PC,4.0,1394668800
A1WKQ94M45D8MG,B00FAQW0PC,4.0,1396396800
A2974R9BTPZPOJ,B00FAQW0PC,3.0,1395273600
A3VGAP2KLCBNBB,B00FAQW0PC,4.0,1394668800
A83RPS198D04S,B00FAQW0PC,3.0,1395705600
A2IMZNPSJGB2HQ,B00FAQW0PC,5.0,1400112000
ARADXCOUVBS09,B00FAQW0PC,4.0,1394409600
A2KIVODZRTGY4U,B00FAQW0PC,4.0,1396915200
A1V3PCKVCJ3TTZ,B00FAQW0PC,4.0,1394236800
A9NFFAZF3LIB2,B00FAQW0PC,5.0,1395964800
A24RCBRDXRXR0Y,B00FAQW0PC,3.0,1396224000
A3CU0QL4C4LAA8,B00FAQW0PC,4.0,1397692800
A1P0JSFW184ZXJ,B00FAQW0PC,5.0,1395273600
AZ515FFZ7I2P7,B00FAQW0PC,3.0,1396915200
A2T7GZ74MZI0MN,B00FAQW0PC,4.0,1397692800
ABQWMANK4AR63,B00FAQW0PC,3.0,1394496000
AT1RF4WNPGGLC,B00FAQW0PC,4.0,1396396800
AZMISC9FAUBIR,B00FAQW0PC,4.0,1393372800
A13Z96HR8EEF24,B00FAQW0PC,4.0,1394150400
ATLZNVLYKP9AZ,B00FAQW0PC,3.0,1397692800
A2VAD79S4A06DD,B00FBW4QTI,5.0,1395878400
A39BGN8JA7CIFX,B00FBW4QTI,4.0,1396915200
A2AYJJAFNSGSU1,B00FBW4QTI,5.0,1393027200
A1UHKF1UQ3EGW4,B00FBW4QTI,5.0,1393459200
A2FS38D943KX12,B00FBW4QTI,3.0,1397606400
A2RVCF21L2NPU5,B00FBW4QTI,4.0,1396656000
A3U5CZ3PV82JXD,B00FBW4QTI,4.0,1397606400
AG8E2F0G98ZTB,B00FBW4QTI,4.0,1395187200
A2503LT8PZIHAD,B00FBW4QTI,4.0,1393027200
A3F43PAJZLOE3I,B00FBW4QTI,5.0,1395532800
A3AG5QAT8L0I3R,B00FBW4QTI,5.0,1397520000
A2QETZZ5EKH5RQ,B00FBW4QTI,4.0,1394236800
A3QBCX2QMKJ7AH,B00FBW4QTI,3.0,1397692800
AY3EENC2BGTGK,B00FBW4QTI,4.0,1396051200
AHRNDSKWH1YBT,B00FBW4QTI,3.0,1397692800
ADFLBRY00Y70G,B00FBW4QTI,4.0,1397692800
A3FWVV13DJELLV,B00FBW4QTI,4.0,1399075200
A199FRO0YFMGED,B00FBW4QTI,5.0,1395792000
AC04O7AYHEKJ5,B00FBW4QTI,4.0,1398297600
A2B3A8NQIHITO8,B00FBW4QTI,4.0,1397260800
APDPA11IZPYLN,B00FBW4QTI,4.0,1397692800
A23RQRX7LO7NG8,B00FBW4QTI,4.0,1397692800
ADZIJQN6MNRAB,B00FBW4QTI,4.0,1395014400
A3V55DVYU80LDS,B00FBW4QTI,5.0,1396828800
A1Q1T811N4IY3Z,B00FBW4QTI,4.0,1395792000
A2V0I904FH7ABY,B00FBW4QTI,5.0,1395014400
AA98O5326L88T,B00FBW8EQ4,4.0,1405814400
A3G5MOHY1U635N,B00FBW8EQ4,5.0,1404172800
A3GK1O5S6188AJ,B00FBW8EQ4,4.0,1405987200
A39Q9G7J70A056,B00FBW8EQ4,4.0,1404518400
A3U5CZ3PV82JXD,B00FBW8EQ4,3.0,1405814400
AQ9JTZBF30IW0,B00FBW8EQ4,4.0,1405900800
A3T6HX48F66512,B00FBW8EQ4,4.0,1404864000
A1I2U8NT5J6P1N,B00FBW8EQ4,4.0,1405296000
A1Y32FBX45NCNL,B00FBW8EQ4,4.0,1404259200
A25C5MVVCIYT5D,B00FBW8EQ4,4.0,1404086400
AC04O7AYHEKJ5,B00FBW8EQ4,5.0,1404259200
A19GJX6TTSK0C0,B00FBW8EQ4,4.0,1405296000
A2Q8GFSEUSGJ51,B00FBW8EQ4,2.0,1404259200
A2H667ZUNLNTF1,B00FBW8EQ4,3.0,1404691200
AA98O5326L88T,B00FBW8NMO,4.0,1405814400
A3G5MOHY1U635N,B00FBW8NMO,4.0,1404864000
A3E8AHUAQEX0QH,B00FBW8NMO,4.0,1405987200
A28IIVKXOE1ATF,B00FBW8NMO,5.0,1403827200
A1DY0CRKZEY0FB,B00FBW8NMO,4.0,1405296000
A3K4AJLVHAH4OZ,B00FBW8NMO,5.0,1404345600
A23KDA686N6T4Y,B00FBW8NMO,3.0,1405987200
AUV3OR951650C,B00FBW8NMO,4.0,1405036800
A2Q8GFSEUSGJ51,B00FBW8NMO,3.0,1404259200
A2H667ZUNLNTF1,B00FBW8NMO,3.0,1404691200
A3U0S17XYK8XMJ,B00FBW8ZIQ,3.0,1395100800
A3F2VVIQIY6U64,B00FBW8ZIQ,4.0,1397520000
A1Q08H4B9QGT2N,B00FBW8ZIQ,3.0,1398038400
A2CRIQOX1SYA3I,B00FBW8ZIQ,3.0,1395792000
ATQ22E6YAUNXP,B00FBW8ZIQ,5.0,1393459200
A2A33KJUP7T2FK,B00FBW8ZIQ,4.0,1398297600
A1TS45JWJVOSSW,B00FBW8ZIQ,4.0,1394496000
A3FG0FQHNV2UP2,B00FBW8ZIQ,3.0,1397001600
A3BTL4FV6ODKAT,B00FBW8ZIQ,4.0,1397520000
AG8E2F0G98ZTB,B00FBW8ZIQ,4.0,1395187200
A3AGWRMHKLFLWR,B00FBW8ZIQ,3.0,1395273600
A215WH6RUDUCMP,B00FBW8ZIQ,4.0,1395100800
A2K4HN6EECBNR3,B00FBW8ZIQ,5.0,1393977600
A5GPH59NDWJRB,B00FBW8ZIQ,5.0,1394582400
A2065HBMYDXJ1S,B00FBW8ZIQ,4.0,1395273600
A1VXIY1511XQK2,B00FBW8ZIQ,5.0,1397347200
AAEHOTZ1GRAUX,B00FBW8ZIQ,3.0,1397692800
AHQ13I9CI4US6,B00FBW8ZIQ,4.0,1393459200
A23TGI02RB7JC,B00FBW8ZIQ,5.0,1398211200
A3FWVV13DJELLV,B00FBW8ZIQ,5.0,1396656000
A376OJHLE6SU9Q,B00FBW8ZIQ,5.0,1396483200
A3LN4AOPBIUQWR,B00FBW8ZIQ,5.0,1395360000
AUS5X6IMFLJBD,B00FBW8ZIQ,4.0,1396569600
A277TO3PKKNYDH,B00FBW8ZIQ,3.0,1396742400
A1C139F5C7Y38P,B00FBW8ZIQ,4.0,1396742400
A3R01WHD75L6FG,B00FBW8ZIQ,4.0,1403136000
A39H1GO9E3YQIB,B00FBWFVK6,3.0,1395100800
A1UKA7HUAQAMY,B00FBWFVK6,3.0,1395273600
A2ZPZM9RE08JXF,B00FBWFVK6,4.0,1395878400
ACREHLVRC4H5B,B00FBWFVK6,4.0,1395273600
A3SMV35531YME,B00FBWFVK6,5.0,1395446400
A2U83VDVJMAB2U,B00FBWFVK6,4.0,1393891200
A2AYJJAFNSGSU1,B00FBWFVK6,4.0,1393632000
A2RX62V4E2BF5Z,B00FBWFVK6,3.0,1395532800
A1UHKF1UQ3EGW4,B00FBWFVK6,5.0,1394064000
A1BXVZSQOJE6UE,B00FBWFVK6,3.0,1395705600
A2QCE7L6GRE3MT,B00FBWFVK6,3.0,1396396800
AR33KU52LIBF1,B00FBWFVK6,4.0,1395187200
A3R7RE5O61M112,B00FBWFVK6,5.0,1397606400
AWH2AY17ZU7W2,B00FBWFVK6,5.0,1396051200
A2T7GZ74MZI0MN,B00FBWFVK6,4.0,1397692800
A1ZGHA3IJV01BK,B00FBWFVK6,4.0,1394409600
A6D07P6DHMXIP,B00FBWFVK6,4.0,1394323200
A3QBCX2QMKJ7AH,B00FBWFVK6,4.0,1396656000
A3UYBRB74RJFXB,B00FBWFVK6,5.0,1395187200
A1WSQ0QRWQC7VI,B00FBWFVK6,2.0,1396483200
A1PTBXZG04GT29,B00FBWFVK6,5.0,1392595200
A2YB7DLC3FOR7W,B00FBWFVK6,4.0,1393891200
A1RF9YK4BK5TRH,B00FBWFVK6,4.0,1397692800
A9XX8OHS2ZQ2X,B00FBWFVK6,4.0,1395360000
A344N0X5LIV43M,B00FBWFVK6,3.0,1393977600
AFG4HIHMX312C,B00FBWFVK6,5.0,1397779200
A24ZMNWTW8AQUR,B00FBWFVK6,5.0,1395705600
A3JEPPCGV55FAQ,B00FBWFVK6,4.0,1397692800
ALQ4USPEQ9L5N,B00FBWFVK6,4.0,1397606400
A3JLOIXFM75QNV,B00FBWFVK6,4.0,1397606400
A1II2ZRPKZAQQD,B00FF5I5MU,3.0,1395878400
A1F7YU6O5RU432,B00FF5I5MU,4.0,1396051200
AZA55FJD7CCZN,B00FF5I5MU,5.0,1397088000
A2OJCTT5WLB2HR,B00FF5I5MU,3.0,1395619200
A2974R9BTPZPOJ,B00FF5I5MU,4.0,1395273600
A35IX2GE0VC0JP,B00FF5I5MU,3.0,1397692800
A3BTL4FV6ODKAT,B00FF5I5MU,5.0,1397347200
A32B6XWNR55SRL,B00FF5I5MU,3.0,1393113600
A1DY0CRKZEY0FB,B00FF5I5MU,3.0,1397433600
A2561PYW9TTMYD,B00FF5I5MU,4.0,1397779200
ATECU14VUIOJ0,B00FF5I5MU,4.0,1393372800
AZMISC9FAUBIR,B00FF5I5MU,4.0,1393977600
A34W59GPOUKU8L,B00FF5I5MU,4.0,1395273600
A3LGT6UZL99IW1,B00FF5I5MU,4.0,1393804800
A2PNTEDGMOLMOY,B00FF5I5MU,3.0,1395964800
A14RYRR7ETV3UY,B00FF5I5MU,2.0,1397347200
A2XFM8PN6G0B02,B00FF5I5MU,5.0,1400112000
A18LURVBV82KW2,B00FF5I5MU,3.0,1397865600
A11I1I9QLMAM1A,B00FF5I5MU,5.0,1395014400
A2Q8GFSEUSGJ51,B00FF5I5MU,3.0,1393977600
A13Z96HR8EEF24,B00FF5I5MU,3.0,1394496000
ATLZNVLYKP9AZ,B00FF5I5MU,1.0,1397692800
A2YEOR4XJ8N3QE,B00FF5I5MU,3.0,1393891200
AA98O5326L88T,B00FG1U7FQ,4.0,1405814400
ADLVFFE4VBT8,B00FG1U7FQ,4.0,1405209600
ALUV2YKWZENKK,B00FG1U7FQ,5.0,1403654400
A2FS38D943KX12,B00FG1U7FQ,4.0,1404172800
A31YSTICHFYN7O,B00FG1U7FQ,4.0,1405555200
A1XDMYX8QOW07N,B00FG1U7FQ,3.0,1404000000
A3GMRYV7VAYK5Q,B00FG1U7FQ,5.0,1404604800
A215WH6RUDUCMP,B00FG1U7FQ,4.0,1405900800
A3BKNXX8QFIXIV,B00FG1U7FQ,5.0,1403481600
A3BAE79NXFDXGV,B00FG1U7FQ,4.0,1405900800
A22B13EJTZKCTM,B00FG1U7FQ,4.0,1405900800
A186697K4XKXQL,B00FG1U7FQ,3.0,1405900800
A3PPXVR5J6U2JD,B00FG1U7FQ,5.0,1405987200
A277TO3PKKNYDH,B00FG1U7FQ,3.0,1405209600
A344N0X5LIV43M,B00FG1U7FQ,3.0,1403654400
A2T04VAIXSKJH2,B00FG1U7FQ,4.0,1405468800
A3SQQYS79AV13M,B00FG1U7FQ,5.0,1404259200
A2NVQZ4Y7Y0J1R,B00FG1U7FQ,5.0,1403654400
A1IA0O3OYQO9LV,B00FG1U7FQ,5.0,1404345600
A5X1B2HBQUR3P,B00FG1U7FQ,5.0,1403740800
A1K84GJLQWFIQ7,B00FHB2XB6,4.0,1396396800
A1II2ZRPKZAQQD,B00FHB2XB6,2.0,1395878400
AERBY54RWPSO9,B00FHB2XB6,3.0,1393632000
A2OMQEK9OW2FY6,B00FHB2XB6,5.0,1396396800
AYOMAHLWRQHUG,B00FHB2XB6,4.0,1395014400
A15D2X8MICR2VQ,B00FHB2XB6,3.0,1395100800
A3VGAP2KLCBNBB,B00FHB2XB6,3.0,1393718400
A3TJSWA0W9ITYE,B00FHB2XB6,4.0,1397088000
A1XDMYX8QOW07N,B00FHB2XB6,2.0,1393027200
A5GPH59NDWJRB,B00FHB2XB6,3.0,1394582400
A1DSRM2P0WGQNS,B00FHB2XB6,2.0,1395187200
ABQWMANK4AR63,B00FHB2XB6,1.0,1393286400
A6VSWJVTWEOII,B00FHB2XB6,3.0,1397606400
AEVO0UWFCAK02,B00FHB2XB6,3.0,1394841600
A1KDM0N4UCEPHA,B00FHB2XB6,2.0,1397347200
ASHO96ZB8AL1Z,B00FHB2XB6,3.0,1395273600
A3K4AJLVHAH4OZ,B00FHB2XB6,3.0,1393977600
ATANE2SC44592,B00FHB2XB6,4.0,1393891200
A3QDDEW6RXVEAY,B00FHB2XB6,3.0,1396656000
A26SO3TOT2TLJE,B00FHB2XB6,3.0,1394928000
A1GQRGB8FGSLIZ,B00FHB2XB6,3.0,1396656000
ADFLBRY00Y70G,B00FHB2XB6,3.0,1397692800
A1LG1DKUZXGJ6J,B00FHB2XB6,1.0,1394496000
A1PTBXZG04GT29,B00FHB2XB6,4.0,1392422400
ALGI34BYWIXZG,B00FHB2XB6,4.0,1397779200
A231LBC8EGPO5L,B00FHB2XB6,2.0,1393891200
A1YAGM2QOSAAOT,B00FHB2XB6,4.0,1397606400
A1JOANG98KBFKU,B00FHB2XB6,1.0,1394841600
A2WW57XX2UVLM6,B00FHB2XB6,3.0,1394236800
A25QJBK33C4O0R,B00FHB2XB6,3.0,1393632000
AMB5L7WUBUVDM,B00FNM35A2,3.0,1389225600
A11OTLEDSW8ZXD,B00FNM35A2,3.0,1395100800
AEL6CQNQXONBX,B00FNM35A2,3.0,1395792000
A22DRQMROONYOK,B00FNM35A2,4.0,1393113600
A1WKQ94M45D8MG,B00FNM35A2,3.0,1396310400
ACJT8MUC0LRF0,B00FNM35A2,2.0,1393804800
AQ9JTZBF30IW0,B00FNM35A2,4.0,1395273600
A26DQMYF5E0GL6,B00FNM35A2,2.0,1397347200
AY3D7DG5L5WCK,B00FNM35A2,3.0,1394928000
A28IIVKXOE1ATF,B00FNM35A2,2.0,1393545600
A3FOSLM5G1BO63,B00FNM35A2,4.0,1397606400
A2WB4OWBUH2VQX,B00FNM35A2,2.0,1390780800
A35HOUWHAYZZN6,B00FNM35A2,4.0,1396396800
A3AGWRMHKLFLWR,B00FNM35A2,2.0,1392249600
A2065HBMYDXJ1S,B00FNM35A2,3.0,1391040000
A24U6WGBZ4P74W,B00FNM35A2,3.0,1395619200
A3AG5QAT8L0I3R,B00FNM35A2,3.0,1393459200
A3HAA7H8PBVM78,B00FNM35A2,3.0,1393977600
A27H9DOUGY9FOS,B00FNM35A2,3.0,1396742400
A2R1HUYHXV7H18,B00FNM35A2,2.0,1394582400
A35Q0RBM3YNQNF,B00FNM35A2,2.0,1394323200
AYO1146CBIV5C,B00FNM35A2,3.0,1389744000
ATECU14VUIOJ0,B00FNM35A2,3.0,1393459200
A26BDXG9KVH7SU,B00FNM35A2,3.0,1397260800
A2C264HY1HHZVX,B00FNM35A2,2.0,1393459200
A1FATTRIXTSTEB,B00FNM35A2,3.0,1393200000
A2IJ54FX1L83WK,B00FNM35A2,2.0,1389916800
A3R5GTYQ50QVMD,B00FNM35A2,2.0,1393891200
A2UT0FWM1DHKFJ,B00FNM35A2,2.0,1388966400
A344N0X5LIV43M,B00FNM35A2,2.0,1390867200
A2068BC3ZXAVJQ,B00FNM35A2,4.0,1396396800
A11I1I9QLMAM1A,B00FNM35A2,4.0,1395014400
AFICF7DKHTQ87,B00FNM35A2,2.0,1394668800
A1ITRGMT80D5TK,B00FNM35A2,3.0,1396051200
A2PD27UKAD3Q00,B00FNM35A2,3.0,1396742400
A2V92F5R7MLCVI,B00FNM35A2,2.0,1395964800
A3QD59N3M7O7KB,B00FNM35A2,2.0,1393459200
A1W415JP5WEAJK,B00FQVVNT0,5.0,1396569600
A1F7YU6O5RU432,B00FQVVNT0,4.0,1395878400
A2DG63DN704LOI,B00FQVVNT0,5.0,1387756800
A34CSXOGVYF94S,B00FQVVNT0,4.0,1388448000
A1EVV74UQYVKRY,B00FQVVNT0,3.0,1395792000
A27H9DOUGY9FOS,B00FQVVNT0,2.0,1396742400
A1PI8VBCXXSGC7,B00FQVVNT0,4.0,1395964800
A3LGT6UZL99IW1,B00FQVVNT0,4.0,1395964800
A3HPCRD9RX351S,B00FQVVNT0,4.0,1395446400
A3NEAETOSXDBOM,B00FQVVNT0,1.0,1395705600
AVHN134ADVP4R,B00FY2P7IY,5.0,1392854400
A1P27BGF8NAI29,B00FY2P7IY,5.0,1390953600
A1HYH206E18XVC,B00FY2P7IY,4.0,1393632000
A2HC9549CZAKNN,B00FY2P7IY,5.0,1394409600
A3JPFWKS83R49V,B00FY2P7IY,4.0,1394064000
A2HOLM5I1ARX9J,B00FY2P7IY,3.0,1393459200
A2AYJJAFNSGSU1,B00FY2P7IY,3.0,1391126400
A1UHKF1UQ3EGW4,B00FY2P7IY,5.0,1392076800
A2CRIQOX1SYA3I,B00FY2P7IY,5.0,1393286400
A3G2PUQ455XMXJ,B00FY2P7IY,4.0,1391644800
AKJHHD5VEH7VG,B00FY2P7IY,3.0,1391212800
A9XMQ24ZKXYSN,B00FY2P7IY,4.0,1390867200
AWH2AY17ZU7W2,B00FY2P7IY,4.0,1392768000
A2V2URLB31HG59,B00FY2P7IY,4.0,1395273600
AHQ13I9CI4US6,B00FY2P7IY,4.0,1390867200
A3RYSRBRTZB0JD,B00FY2P7IY,5.0,1392249600
A3QBCX2QMKJ7AH,B00FY2P7IY,5.0,1393459200
A1NIGUK4M2ST8,B00FY2P7IY,4.0,1391990400
A1VTBADV3JS1EC,B00FY2P7IY,3.0,1392595200
A24ZMNWTW8AQUR,B00FY2P7IY,4.0,1392681600
AXVKMYWNIHK7W,B00FY2P7IY,4.0,1391472000
A1Q1T811N4IY3Z,B00FY2P7IY,4.0,1393718400
A2CNGARED6OWWU,B00FZMDAL4,4.0,1405728000
A279A4Y2N1CQ26,B00FZMDAL4,3.0,1404691200
A3VGAP2KLCBNBB,B00FZMDAL4,3.0,1405987200
A2507ZYWGMY9BK,B00FZMDAL4,3.0,1403913600
AGVDI7RLT24WJ,B00FZMDAL4,4.0,1404086400
AOEUN9718KVRD,B00FZMDAL4,4.0,1405814400
AQSW6WDVCJGB8,B00FZMDAL4,4.0,1405728000
A1JOANG98KBFKU,B00FZMDAL4,5.0,1405900800
A2VWE5SGNDS8HW,B00FZMDAL4,5.0,1405641600
A2W2E6BPPYZO0T,B00FZMDAL4,4.0,1404345600
A2DURJRPTPKUZS,B00G69QBA2,4.0,1402185600
A3DIS5O83SQJWW,B00G69QBA2,3.0,1403481600
AN9J46667D80O,B00G69QBA2,3.0,1401321600
A2FRKEXDXDN1KI,B00G69QBA2,4.0,1401494400
A2OJCTT5WLB2HR,B00G69QBA2,3.0,1403049600
A2ME89MSWVG9NF,B00G69QBA2,3.0,1400889600
A26DQMYF5E0GL6,B00G69QBA2,3.0,1402963200
A235NA61RC6YC1,B00G69QBA2,2.0,1404259200
A2TS040W2FW5O,B00G69QBA2,4.0,1405555200
A1KGWUYXUBEMB2,B00G69QBA2,4.0,1405036800
A1NQK5MH9GTJ6S,B00G69QBA2,3.0,1401667200
A29534U2P9CLNR,B00G69QBA2,2.0,1402185600
A22IDP8YERZ79X,B00G69QBA2,4.0,1401753600
AUS5X6IMFLJBD,B00G69QBA2,2.0,1404432000
A344N0X5LIV43M,B00G69QBA2,3.0,1402531200
A2VWE5SGNDS8HW,B00G69QBA2,3.0,1403136000
A25QJBK33C4O0R,B00G69QBA2,3.0,1401840000
A2D4FQHV506EPB,B00G69QG66,4.0,1405296000
A2DURJRPTPKUZS,B00G69QG66,4.0,1404086400
A3U0S17XYK8XMJ,B00G69QG66,4.0,1405123200
A3DIS5O83SQJWW,B00G69QG66,5.0,1404950400
A3OXRFCJI67IMN,B00G69QG66,4.0,1404086400
A36S5U0QOWMOSX,B00G69QG66,5.0,1403913600
A2FRKEXDXDN1KI,B00G69QG66,4.0,1405209600
A2BFIYZYNK54QX,B00G69QG66,5.0,1405641600
AGFGY4EJ37VS2,B00G69QG66,5.0,1403740800
AXUJFOFQZNTN,B00G69QG66,4.0,1404172800
A29534U2P9CLNR,B00G69QG66,4.0,1404864000
A1NIGUK4M2ST8,B00G69QG66,4.0,1404172800
A3FFKU2MTCOBM1,B00G69QG66,5.0,1403913600
AC04O7AYHEKJ5,B00G69QG66,4.0,1404259200
A1FXY0GUFHEI59,B00G69QG66,4.0,1404345600
AA98O5326L88T,B00G6MWM1Q,4.0,1402876800
ADLVFFE4VBT8,B00G6MWM1Q,5.0,1398211200
A3V2EZ6MA32FF6,B00G6MWM1Q,5.0,1401321600
A3EK2KTYHJCPB9,B00G6MWM1Q,5.0,1401753600
AYUF7YETYOLNX,B00G6MWM1Q,4.0,1403136000
AZFHSPEZUPGD2,B00G6MWM1Q,4.0,1405728000
AEL6CQNQXONBX,B00G6MWM1Q,5.0,1401580800
A10ZBR6O8S8OCY,B00G6MWM1Q,3.0,1400198400
A26DQMYF5E0GL6,B00G6MWM1Q,4.0,1402963200
AHNHLGKIZ2N3B,B00G6MWM1Q,5.0,1403136000
A3FG0FQHNV2UP2,B00G6MWM1Q,4.0,1399420800
A1S27P7KJO9I96,B00G6MWM1Q,5.0,1398902400
ATS2855497V0I,B00G6MWM1Q,5.0,1399161600
A3R7RE5O61M112,B00G6MWM1Q,4.0,1403049600
A1P0JSFW184ZXJ,B00G6MWM1Q,5.0,1400025600
A1DB5QPH7WO488,B00G6MWM1Q,5.0,1403136000
A2LF16F0KX9L7P,B00G6MWM1Q,5.0,1399248000
A1J6B00Z1D6PS4,B00G6MWM1Q,5.0,1399593600
AHRNDSKWH1YBT,B00G6MWM1Q,5.0,1403049600
A3JEPPCGV55FAQ,B00G6MWM1Q,5.0,1402531200
A3JHC8O59WDHFZ,B00G6MWM1Q,4.0,1400457600
AM9APPMIE1BHZ,B00G6MWM1Q,5.0,1403049600
A26R7LLAFTPC3U,B00G6MWM1Q,4.0,1403136000
A2V9DTXTQ5YIMK,B00GSXJIMO,5.0,1395792000
A2LAS014NSRW72,B00GSXJIMO,4.0,1396569600
A1II2ZRPKZAQQD,B00GSXJIMO,5.0,1395878400
A2AYYKD4OODSLY,B00GSXJIMO,4.0,1396915200
A2RVCF21L2NPU5,B00GSXJIMO,5.0,1396656000
A2IFKH3TJ10387,B00GSXJIMO,4.0,1396137600
A1Q08H4B9QGT2N,B00GSXJIMO,5.0,1398038400
AOM63D4VL32WM,B00GSXJIMO,5.0,1394236800
ALNFHVS3SC4FV,B00GSXJIMO,5.0,1395360000
A2OJCTT5WLB2HR,B00GSXJIMO,4.0,1395619200
A34GM17T6WTJDK,B00GSXJIMO,5.0,1395964800
A2974R9BTPZPOJ,B00GSXJIMO,5.0,1397692800
AHNHLGKIZ2N3B,B00GSXJIMO,5.0,1397606400
A4EBYIKOMYFF9,B00GSXJIMO,4.0,1396224000
A397CWU6DM3O5G,B00GSXJIMO,5.0,1396224000
A2503LT8PZIHAD,B00GSXJIMO,5.0,1396137600
A24RCBRDXRXR0Y,B00GSXJIMO,5.0,1394668800
AWH2AY17ZU7W2,B00GSXJIMO,4.0,1396051200
A14X244VGHWPSX,B00GSXJIMO,5.0,1394668800
AGFGY4EJ37VS2,B00GSXJIMO,4.0,1393891200
A8INT3NMHRUS4,B00GSXJIMO,5.0,1396137600
A3H5QGH5OD2XGX,B00GSXJIMO,5.0,1395792000
A1QT3N5FUQ4I47,B00GSXJIMO,5.0,1396051200
A2NBCCFDISGUQT,B00GSXJIMO,4.0,1397606400
A3Q9HY0LU7MN6E,B00GSXJIMO,4.0,1396310400
A17C7XZHFOS12W,B00GSXJIMO,4.0,1396137600
A1ZVFCPHCWFV71,B00GSXJIMO,4.0,1397606400
ALDAF4VVLFRHP,B00GSXJIMO,5.0,1394236800
A2B3A8NQIHITO8,B00GSXJIMO,5.0,1395792000
A27BKXQAR305QL,B00GSXJIMO,5.0,1397520000
A34W59GPOUKU8L,B00GSXJIMO,4.0,1395273600
A1JOANG98KBFKU,B00GSXJIMO,5.0,1397606400
A1E5WXNTI7EO2A,B00GSXJIMO,4.0,1396915200
A12E0Y0J6584RT,B00GSXJIMO,5.0,1394928000
A1GUN2J1FDYNF3,B00GSXJIMO,5.0,1397692800
A2OG83SEU9HL6D,B00GSXJIMO,5.0,1394582400
ALQ4USPEQ9L5N,B00GSXJIMO,5.0,1397606400
A1GNYV0RA0EQSS,B00GSXJIMO,5.0,1396396800
A33VI944SO2YCN,B00GSXJIMO,5.0,1396310400
A30QAOLNZ4415R,B00GSXJIMO,5.0,1397692800
A2I4A4WGWII18Z,B00GSXJIMO,5.0,1394064000
ACR4HKUT808U1,B00GSXJIMO,5.0,1393200000
A2H667ZUNLNTF1,B00GSXJIMO,5.0,1397606400
AFO678EAGH4Y9,B00GTCKNYQ,4.0,1390780800
A21YYC2SYN5NDY,B00GTCKNYQ,3.0,1392854400
ANCOMAI0I7LVG,B00GTCKNYQ,2.0,1390521600
A2GRDQJ4Z7053K,B00GTCKNYQ,4.0,1390176000
A2AYYKD4OODSLY,B00GTCKNYQ,4.0,1389744000
AYUF7YETYOLNX,B00GTCKNYQ,3.0,1392768000
A11SPSEM08VIXX,B00GTCKNYQ,4.0,1391385600
A1U7LS93I03MFW,B00GTCKNYQ,3.0,1390262400
A1WKQ94M45D8MG,B00GTCKNYQ,4.0,1390089600
ACVDL5QRCOPE1,B00GTCKNYQ,3.0,1391040000
A2E4R7YISIM4QM,B00GTCKNYQ,4.0,1392595200
A35IX2GE0VC0JP,B00GTCKNYQ,3.0,1390780800
A3M1PLEYNDEYO8,B00GTCKNYQ,5.0,1389484800
A97H5I4P5PCEM,B00GTCKNYQ,3.0,1392076800
A1O2QIQK2OR5TC,B00GTCKNYQ,4.0,1390435200
A167KPMW1NBZJW,B00GTCKNYQ,5.0,1392681600
A1R2JUOGIYH6HO,B00GTCKNYQ,3.0,1389916800
A1EMN4T3ROJDOO,B00GTCKNYQ,4.0,1391731200
A4VMQ6ZTSXSSL,B00GTCKNYQ,5.0,1392249600
A3IAU6ZPVF2R5K,B00GTCKNYQ,5.0,1392595200
ATANE2SC44592,B00GTCKNYQ,4.0,1391558400
ABLV9L4MQO7ER,B00GTCKNYQ,4.0,1392595200
AT1RF4WNPGGLC,B00GTCKNYQ,5.0,1390694400
A1NIGUK4M2ST8,B00GTCKNYQ,5.0,1389571200
A2QDOJFFLFGF18,B00GTCKNYQ,3.0,1390780800
A1GNYV0RA0EQSS,B00GTCKNYQ,5.0,1392076800
A2QKCOX5ACRHC5,B00GTCKNYQ,3.0,1391817600
A2Z2FATA8JNL54,B00GTCKNYQ,5.0,1389830400
A2I4A4WGWII18Z,B00GTCKNYQ,5.0,1389398400
A3SQQYS79AV13M,B00GTCKNYQ,5.0,1389571200
A33230MIA3W7G4,B00GTCKNYQ,3.0,1392595200
A1XFI340SHOS5K,B00GTCKNYQ,4.0,1388966400
AMRZ5G7HF7I03,B00GXM6HVK,3.0,1399075200
A28IIVKXOE1ATF,B00GXM6HVK,4.0,1399248000
A19JGPUJAX048H,B00GXM6HVK,1.0,1399507200
A3TMBYDFP1B9DM,B00GXM6HVK,2.0,1398988800
A1RF9YK4BK5TRH,B00GXM6HVK,2.0,1403049600
A23KACXOE9O9TX,B00GXM6HVK,2.0,1398124800
A9LNWA25IM2DX,B00GXM6HVK,1.0,1399420800
A2RN2AO4BE6F4K,B00GXM6HVK,3.0,1401753600
A58F10T4OE58C,B00GXM6HVK,3.0,1401494400
A32QWD5DEY4LDU,B00GXM6HVK,5.0,1400544000
ANCOMAI0I7LVG,B00H4OKN84,2.0,1394064000
AQB4DH57MSZSC,B00H4OKN84,5.0,1397692800
A1DG75OT3Y49EM,B00H4OKN84,4.0,1394841600
A2CNGARED6OWWU,B00H4OKN84,4.0,1395187200
A1S7YQQGJPPFLG,B00H4OKN84,5.0,1397606400
A17437N1L775IJ,B00H4OKN84,5.0,1393804800
A34IBXM7E8CPWE,B00H4OKN84,5.0,1393891200
A15D2X8MICR2VQ,B00H4OKN84,4.0,1397606400
A3GS7OZXUEW48R,B00H4OKN84,4.0,1396483200
A2UBSGFCP2QFNV,B00H4OKN84,5.0,1397692800
A215WH6RUDUCMP,B00H4OKN84,4.0,1395100800
A14X244VGHWPSX,B00H4OKN84,4.0,1394668800
A3NDUBKYPI47N2,B00H4OKN84,4.0,1397520000
A1I2U8NT5J6P1N,B00H4OKN84,4.0,1397347200
A186697K4XKXQL,B00H4OKN84,3.0,1396656000
A1LG1DKUZXGJ6J,B00H4OKN84,4.0,1393718400
A1FATTRIXTSTEB,B00H4OKN84,4.0,1394150400
A1VTBADV3JS1EC,B00H4OKN84,5.0,1397520000
A1MBFUV5DZNEZQ,B00H4OKN84,5.0,1394236800
A2PNTEDGMOLMOY,B00H4OKN84,5.0,1395964800
A3MUSWDCTZINQZ,B00H4OKN84,4.0,1396569600
A33230MIA3W7G4,B00H4OKN84,4.0,1396828800
A32QWD5DEY4LDU,B00H4OKN84,3.0,1395792000
A2DURJRPTPKUZS,B00H5HFERA,5.0,1396742400
A2V9DTXTQ5YIMK,B00H5HFERA,3.0,1398124800
A319Y83RT0MRVR,B00H5HFERA,4.0,1397433600
A2LAS014NSRW72,B00H5HFERA,5.0,1398729600
A1II2ZRPKZAQQD,B00H5HFERA,4.0,1398038400
ANCOMAI0I7LVG,B00H5HFERA,5.0,1398988800
A2AYYKD4OODSLY,B00H5HFERA,4.0,1396915200
A1486KL0IOM7VM,B00H5HFERA,4.0,1400716800
AFTFND8CPQ34M,B00H5HFERA,5.0,1400112000
A3S5WYWYKSAI9C,B00H5HFERA,3.0,1399939200
A2AYJJAFNSGSU1,B00H5HFERA,4.0,1395792000
A1Q08H4B9QGT2N,B00H5HFERA,4.0,1400112000
AOM63D4VL32WM,B00H5HFERA,4.0,1397779200
A2IMGHMF0LO151,B00H5HFERA,4.0,1399680000
ACVDL5QRCOPE1,B00H5HFERA,5.0,1396915200
A2QX49LS3Y3ANI,B00H5HFERA,2.0,1398124800
A34GM17T6WTJDK,B00H5HFERA,4.0,1399420800
A2BMZRO0H7TFCS,B00H5HFERA,4.0,1399248000
A15D2X8MICR2VQ,B00H5HFERA,4.0,1399507200
A4EBYIKOMYFF9,B00H5HFERA,5.0,1398816000
AWH2AY17ZU7W2,B00H5HFERA,4.0,1399161600
A14X244VGHWPSX,B00H5HFERA,4.0,1398211200
A3AG5QAT8L0I3R,B00H5HFERA,4.0,1397520000
A8KM4YOB8FGGH,B00H5HFERA,5.0,1400112000
A1ZGHA3IJV01BK,B00H5HFERA,4.0,1397001600
A32658HY8IU6UV,B00H5HFERA,4.0,1399852800
ABLV9L4MQO7ER,B00H5HFERA,3.0,1400112000
A2NBCCFDISGUQT,B00H5HFERA,5.0,1399939200
A3Q9HY0LU7MN6E,B00H5HFERA,5.0,1398816000
A2B3A8NQIHITO8,B00H5HFERA,4.0,1399161600
A1YAGM2QOSAAOT,B00H5HFERA,3.0,1400025600
A1JOANG98KBFKU,B00H5HFERA,3.0,1399852800
ARPB88E6F2MFR,B00H5HFERA,4.0,1400112000
AAU0G40ZN5RIL,B00H5HFERA,5.0,1396310400
A24ZMNWTW8AQUR,B00H5HFERA,4.0,1397692800
A2OOZZDSOHG4UY,B00H5HFERA,4.0,1400371200
A12E0Y0J6584RT,B00H5HFERA,5.0,1396137600
A2BZ16RKE13PKV,B00H5HFERA,5.0,1400112000
ALQ4USPEQ9L5N,B00H5HFERA,4.0,1399939200
A1GNYV0RA0EQSS,B00H5HFERA,5.0,1396396800
A33VI944SO2YCN,B00H5HFERA,5.0,1398556800
A33230MIA3W7G4,B00H5HFERA,4.0,1400112000
AL3MFYSK9HKCL,B00HAKYULS,4.0,1403740800
A3G5MOHY1U635N,B00HAKYULS,4.0,1400544000
AC4XV78EJG1QB,B00HAKYULS,4.0,1400630400
AW5JSQCHC2ZJO,B00HAKYULS,4.0,1402012800
AGXV8E7XK9J6H,B00HAKYULS,5.0,1403136000
A14Z0Q1DU6CBJJ,B00HAKYULS,4.0,1401148800
AAJIGWE242MSN,B00HAKYULS,4.0,1403654400
A22DRQMROONYOK,B00HAKYULS,5.0,1400457600
A1WKQ94M45D8MG,B00HAKYULS,3.0,1403308800
AMRZ5G7HF7I03,B00HAKYULS,5.0,1401408000
ADJ0G262H54GP,B00HAKYULS,3.0,1402444800
AJ3K3HKR9UFVN,B00HAKYULS,4.0,1403654400
A1F5O1USOUOOXI,B00HAKYULS,4.0,1403654400
A23WE733QT4WGJ,B00HAKYULS,5.0,1401926400
A2KFWHHUFVKFXZ,B00HAKYULS,4.0,1402444800
AY1I85LLDMETC,B00HAKYULS,5.0,1400716800
A1XVF5DU3N05OM,B00HAKYULS,5.0,1403568000
A3Q9HY0LU7MN6E,B00HAKYULS,4.0,1403222400
A1E5WXNTI7EO2A,B00HAKYULS,5.0,1403481600
A8QYRG7TW491B,B00HAKYULS,5.0,1403308800
A32QWD5DEY4LDU,B00HAKYULS,4.0,1403222400
A19JDXB5R33C7R,B00HAKYULS,4.0,1400630400
ANCOMAI0I7LVG,B00IGNWZC4,1.0,1404691200
AYOMAHLWRQHUG,B00IGNWZC4,3.0,1405814400
A2KIVODZRTGY4U,B00IGNWZC4,4.0,1405468800
A3BKNXX8QFIXIV,B00IGNWZC4,4.0,1404086400
A1DY0CRKZEY0FB,B00IGNWZC4,3.0,1405900800
A305XM71TF83CY,B00IGNWZC4,4.0,1404345600
A1LUK8APLC16WK,B00IGNWZC4,4.0,1405209600
ABLV9L4MQO7ER,B00IGNWZC4,4.0,1405900800
A1VTBADV3JS1EC,B00IGNWZC4,5.0,1404086400
A8QYRG7TW491B,B00IGNWZC4,4.0,1405555200
A32QWD5DEY4LDU,B00IGNWZC4,5.0,1404259200
A3FKPBNI7UWQFW,B00IGNWZC4,2.0,1404950400
A2ZO5SU0ESSB1N,B00IGNWZCY,4.0,1404086400
AGXV8E7XK9J6H,B00IGNWZCY,1.0,1405555200
A3G2PUQ455XMXJ,B00IGNWZCY,2.0,1405555200
A2QX49LS3Y3ANI,B00IGNWZCY,1.0,1404518400
A27X7XXOKMK879,B00IGNWZCY,4.0,1404604800
A3M6KV5PDU46YI,B00IGNWZCY,4.0,1405555200
A1DSRM2P0WGQNS,B00IGNWZCY,5.0,1404345600
AY3EENC2BGTGK,B00IGNWZCY,4.0,1403395200
A2V98TS4QDDCG9,B00IGNWZCY,2.0,1404777600
A1MBFUV5DZNEZQ,B00IGNWZCY,1.0,1405123200
A1GNYV0RA0EQSS,B00IGNWZCY,2.0,1404691200
A3DIS5O83SQJWW,B00IM8W12M,4.0,1404950400
A3SMV35531YME,B00IM8W12M,5.0,1405555200
A14Z0Q1DU6CBJJ,B00IM8W12M,5.0,1404172800
A31YSTICHFYN7O,B00IM8W12M,5.0,1404518400
A3U5CZ3PV82JXD,B00IM8W12M,3.0,1405814400
A26DQMYF5E0GL6,B00IM8W12M,3.0,1405296000
AR5SY32T76DBM,B00IM8W12M,5.0,1405900800
A2BFIYZYNK54QX,B00IM8W12M,5.0,1403481600
A2LF16F0KX9L7P,B00IM8W12M,5.0,1404864000
A2RKI7RPP5CJMG,B00IM8W12M,4.0,1404604800
A3FFKU2MTCOBM1,B00IM8W12M,4.0,1403913600
A3LGT6UZL99IW1,B00IM8W12M,3.0,1403913600
A2Q8GFSEUSGJ51,B00IM8W12M,4.0,1404604800
A25QJBK33C4O0R,B00IM8W12M,4.0,1405209600
AFO678EAGH4Y9,B00IQ8MVH8,4.0,1404691200
A3GK1O5S6188AJ,B00IQ8MVH8,5.0,1405555200
A2065HBMYDXJ1S,B00IQ8MVH8,3.0,1405900800
A1NIGUK4M2ST8,B00IQ8MVH8,3.0,1404432000
A2SPV96SGOEO2,B00IQ8MVH8,5.0,1404604800
A384HAQMS7XRZ4,B00IQ8MVH8,4.0,1404691200
AIVZMEFEAGF3,B00IQ8MVH8,3.0,1405641600
AY6A8KPYCE6B0,B00IQ8MVH8,2.0,1404259200
A32QWD5DEY4LDU,B00IQ8MVH8,5.0,1404259200
A19JDXB5R33C7R,B00IQ8MVH8,4.0,1405900800
A39H1GO9E3YQIB,B00IVFC6QC,5.0,1404172800
A3U4GW06XNSI2Q,B00IVFC6QC,4.0,1404259200
A2AYJJAFNSGSU1,B00IVFC6QC,4.0,1403827200
AOM63D4VL32WM,B00IVFC6QC,5.0,1405900800
AR33KU52LIBF1,B00IVFC6QC,4.0,1405900800
A10Z8FC0SMU5VQ,B00IVFC6QC,5.0,1404432000
A215WH6RUDUCMP,B00IVFC6QC,5.0,1405900800
A3RTNA9THAU2OP,B00IVFC6QC,5.0,1405814400
A3PE884TA8529G,B00IVFC6QC,5.0,1405814400
A38H4XCCPLRF93,B00IVFC6QC,5.0,1404518400
AX7317G153T8W,B00IVFC6QC,4.0,1405900800
A24ZMNWTW8AQUR,B00IVFC6QC,5.0,1405987200
A2DURJRPTPKUZS,B00IVFCCMA,4.0,1404518400
ANCOMAI0I7LVG,B00IVFCCMA,2.0,1404691200
A1MZEMD0EDETS6,B00IVFCCMA,4.0,1405382400
A1FDV3WPOHREY9,B00IVFCCMA,5.0,1403827200
AJX9A4Q19UTJU,B00IVFCCMA,3.0,1405468800
AWH2AY17ZU7W2,B00IVFCCMA,4.0,1405468800
A1EMN4T3ROJDOO,B00IVFCCMA,5.0,1404432000
AX7317G153T8W,B00IVFCCMA,4.0,1405555200
A19GJX6TTSK0C0,B00IVFCCMA,3.0,1405728000
AXVKMYWNIHK7W,B00IVFCCMA,3.0,1404604800
A81XIM8XFKWX5,B00IVFCCMA,5.0,1404950400
A19JDXB5R33C7R,B00IVFCCMA,5.0,1405900800
AYOMAHLWRQHUG,B00IVFCGIA,3.0,1403568000
A16EIVIBBXFAQ0,B00IVFCGIA,2.0,1405641600
A1TS45JWJVOSSW,B00IVFCGIA,5.0,1404259200
A15D2X8MICR2VQ,B00IVFCGIA,3.0,1404864000
A3TJSWA0W9ITYE,B00IVFCGIA,4.0,1406073600
A3BTL4FV6ODKAT,B00IVFCGIA,5.0,1404518400
AG8E2F0G98ZTB,B00IVFCGIA,3.0,1405296000
A215WH6RUDUCMP,B00IVFCGIA,5.0,1404086400
A3RTNA9THAU2OP,B00IVFCGIA,4.0,1405814400
A3PE884TA8529G,B00IVFCGIA,2.0,1405814400
A1P0JSFW184ZXJ,B00IVFCGIA,4.0,1404345600
A2065HBMYDXJ1S,B00IVFCGIA,2.0,1404864000
A1SB9BNNGKNX2Z,B00IVFCGIA,5.0,1405814400
A28OB1QLXN5BM6,B00IVFCGIA,4.0,1404259200
A1NIGUK4M2ST8,B00IVFCGIA,5.0,1404604800
A3EZHMGGWY74HY,B00IVFCGIA,4.0,1404172800
A1VTBADV3JS1EC,B00IVFCGIA,4.0,1404086400
AXVKMYWNIHK7W,B00IVFCGIA,3.0,1404604800
A32QWD5DEY4LDU,B00IVFCGIA,4.0,1404259200
A17E3NBADNTI3X,B00IVFCGIA,5.0,1405900800
A2D4FQHV506EPB,B00IVFCGKS,5.0,1405382400
A2U83VDVJMAB2U,B00IVFCGKS,5.0,1404604800
A2AYJJAFNSGSU1,B00IVFCGKS,4.0,1403827200
A1UHKF1UQ3EGW4,B00IVFCGKS,5.0,1404518400
A18YMFFJW974QS,B00IVFCGKS,5.0,1405900800
A2FWZ58M6IQMD7,B00IVFCGKS,4.0,1406073600
A37USOKUTI724H,B00IVFCGKS,4.0,1404864000
A3HAA7H8PBVM78,B00IVFCGKS,4.0,1404345600
A3ORV1QBL4K9U1,B00IVFCGKS,4.0,1404345600
AZMISC9FAUBIR,B00IVFCGKS,4.0,1403654400
A231LBC8EGPO5L,B00IVFCGKS,4.0,1404345600
A24ZMNWTW8AQUR,B00IVFCGKS,5.0,1405987200
A2D4FQHV506EPB,B00IVP13NO,5.0,1405209600
A39H1GO9E3YQIB,B00IVP13NO,3.0,1404691200
AC4XV78EJG1QB,B00IVP13NO,3.0,1404345600
A2TXMYYGSZCSZ1,B00IVP13NO,4.0,1405382400
A2HC9549CZAKNN,B00IVP13NO,5.0,1404259200
A1UV5NB0DXTSWH,B00IVP13NO,4.0,1405900800
A2T7GZ74MZI0MN,B00IVP13NO,5.0,1405987200
A3K4AJLVHAH4OZ,B00IVP13NO,5.0,1404345600
A231LBC8EGPO5L,B00IVP13NO,5.0,1404086400
AC04O7AYHEKJ5,B00IVP13NO,5.0,1405382400
A2WW57XX2UVLM6,B00IVP13NO,5.0,1405900800
A1NRMTQ5SZPZA,B00J49UTW2,4.0,1405468800
A3V2EZ6MA32FF6,B00J49UTW2,5.0,1405987200
AOXMWBNDZDJ9L,B00J49UTW2,3.0,1404777600
AOM63D4VL32WM,B00J49UTW2,3.0,1405900800
AKHFY3VCNZL2W,B00J49UTW2,5.0,1404086400
A15Q9YEG1XPEJN,B00J49UTW2,4.0,1405296000
A1QT3N5FUQ4I47,B00J49UTW2,4.0,1405814400
A1JOANG98KBFKU,B00J49UTW2,3.0,1405900800
A12E0Y0J6584RT,B00J49UTW2,5.0,1404604800
A1GUN2J1FDYNF3,B00J49UTW2,5.0,1405641600
A1GNYV0RA0EQSS,B00J49UTW2,3.0,1404691200
A3K91X9X2ARDOK,B00J49UTW2,4.0,1404345600
A2YEOR4XJ8N3QE,B00J49UTW2,5.0,1404172800
A2W2E6BPPYZO0T,B00J49UTW2,2.0,1404172800
A39H1GO9E3YQIB,B00J49UTWC,5.0,1405036800
A2GRDQJ4Z7053K,B00J49UTWC,5.0,1404172800
A2U83VDVJMAB2U,B00J49UTWC,5.0,1404604800
A18FUHNBP90IB4,B00J49UTWC,5.0,1404172800
A16EIVIBBXFAQ0,B00J49UTWC,4.0,1405641600
A1UV5NB0DXTSWH,B00J49UTWC,4.0,1405468800
A10E3F50DIUJEE,B00J49UTWC,5.0,1405900800
ABLV9L4MQO7ER,B00J49UTWC,5.0,1405900800
AXR3CV6A4FMBG,B00J49UTWC,5.0,1405468800
A3KEZLJ59C1JVH,B00J49UTWC,5.0,1404345600
AGEKVD8JPZQMT,B00J49UTWC,4.0,1404259200
A2KWE2ZM1EEBGJ,B00J49UTWC,3.0,1405814400
A33230MIA3W7G4,B00J49UTWC,4.0,1405814400
